Date;Open;High;Low;Close;Volume;Adj;Close
2013-10-24;48.5;48.5;48.5;48.5;0;48.5;
2013-10-23;48.5;48.5;48.5;48.5;0;48.5;
2013-10-22;48.5;48.5;48.5;48.5;0;48.5;
2013-10-21;48.5;48.5;48.5;48.5;0;48.5;
2013-10-18;48.5;48.5;48.5;48.5;0;48.5;
2013-10-17;48.5;48.5;48.5;48.5;0;48.5;
2013-10-16;48.5;48.5;48.5;48.5;0;48.5;
2013-10-15;48.5;48.5;48.5;48.5;0;48.5;
2013-10-14;48.5;48.5;48.5;48.5;0;48.5;
2013-10-11;48.5;48.5;48.5;48.5;0;48.5;
2013-10-10;48.5;48.5;48.5;48.5;0;48.5;
2013-10-09;48.5;48.5;48.5;48.5;0;48.5;
2013-10-08;51;51;51;51;0;51;
2013-10-07;49.05;49.05;49.05;49.05;0;49.05;
2013-10-04;49.05;49.05;49.05;49.05;0;49.05;
2013-10-03;49.05;49.05;49.05;49.05;0;49.05;
2013-10-02;49.05;49.05;49.05;49.05;0;49.05;
2013-10-01;54;54;49.05;49.05;0;49.05;
2013-09-30;51.5;51.5;51.5;51.5;0;51.5;
2013-09-27;51.5;51.5;51.5;51.5;0;51.5;
2013-09-26;51.5;51.5;51.5;51.5;0;51.5;
2013-09-25;51.5;51.5;51.5;51.5;0;51.5;
2013-09-24;51.5;51.5;51.5;51.5;0;51.5;
2013-09-23;51.5;51.5;51.5;51.5;0;51.5;
2013-09-20;51.5;51.5;51.5;51.5;0;51.5;
2013-09-19;51.5;51.5;51.5;51.5;0;51.5;
2013-09-18;52;52;52;52;0;52;
2013-09-17;50.5;50.5;50.5;50.5;0;50.5;
2013-09-16;50;52.9;50;50.5;0;49.5;
2013-09-13;50.4;50.4;50.4;50.4;0;49.4;
2013-09-12;50.4;50.4;50.4;50.4;100;49.4;
2013-09-11;53;53;53;53;0;51.95;
2013-09-10;55.75;55.75;55.75;55.75;0;54.65;
2013-09-09;53.1;53.1;53.1;53.1;0;52.05;
2013-09-06;53.1;53.1;53.1;53.1;0;52.05;
2013-09-05;54;54;53.1;53.1;0;52.05;
2013-09-04;55;55;55;55;0;53.91;
2013-09-03;53;53;53;53;0;51.95;
2013-09-02;54;54;51.1;51.1;0;50.09;
2013-08-30;53;53;53;53;0;51.95;
2013-08-29;53;53;53;53;0;51.95;
2013-08-28;53;53;53;53;0;51.95;
2013-08-27;53;53;53;53;0;51.95;
2013-08-26;53;53;53;53;0;51.95;
2013-08-23;50.5;50.5;50.5;50.5;0;49.5;
2013-08-22;50.5;50.5;50.5;50.5;0;49.5;
2013-08-21;50.5;50.5;50.5;50.5;0;49.5;
2013-08-20;50.4;50.4;50.4;50.4;0;49.4;
2013-08-19;48;48;48;48;0;47.05;
2013-08-16;48;48;48;48;0;47.05;
2013-08-15;50;50;50;50;0;49.01;
2013-08-14;50;50;50;50;0;49.01;
2013-08-13;50;50;50;50;0;49.01;
2013-08-12;50;50;50;50;0;49.01;
2013-08-09;50;50;50;50;0;49.01;
2013-08-08;50;50;50;50;0;49.01;
2013-08-07;50;50;50;50;0;49.01;
2013-08-06;50;50;50;50;0;49.01;
2013-08-05;50;50;50;50;0;49.01;
2013-08-02;49.8;50;49.8;50;0;49.01;
2013-08-01;50;50;50;50;0;49.01;
2013-07-31;50;50;50;50;0;49.01;
2013-07-30;50;50;50;50;0;49.01;
2013-07-29;50;50;50;50;0;49.01;
2013-07-26;50;50;50;50;0;49.01;
2013-07-25;52.5;52.5;49.8;49.8;3000;48.81;
2013-07-24;50.2;50.2;50.2;50.2;1500;49.21;
2013-07-23;48;48;48;48;0;47.05;
2013-07-22;48;48;48;48;2200;47.05;
2013-07-19;50.5;50.5;50.5;50.5;400;49.5;
2013-07-18;53;53;50.5;50.5;2000;49.5;
2013-07-17;53.5;53.5;51.5;51.5;1400;50.48;
2013-07-16;51;51;51;51;0;49.99;
2013-07-15;51;51;51;51;0;49.99;
2013-07-12;51;51;51;51;0;49.99;
2013-07-11;53.2;53.2;53.2;53.2;0;52.15;
2013-07-10;53.2;53.2;53.2;53.2;0;52.15;
2013-07-09;61.75;61.75;55.95;55.95;0;54.84;
2013-07-08;58.85;58.85;58.85;58.85;0;57.68;
2013-07-05;58.85;58.85;58.85;58.85;0;57.68;
2013-07-04;56.1;56.1;56.1;56.1;0;54.99;
2013-07-03;56.1;56.1;56.1;56.1;0;54.99;
2013-07-02;59;59;59;59;0;57.83;
2013-07-01;58;60;58;59;0;57.83;
2013-06-28;59;59;59;59;0;57.83;
2013-06-27;59;59;59;59;0;57.83;
2013-06-26;56.9;56.9;56.9;56.9;0;55.77;
2013-06-25;59.85;59.85;59.85;59.85;0;58.66;
2013-06-24;59.85;59.85;59.85;59.85;0;58.66;
2013-06-21;54.3;54.3;54.3;54.3;0;53.22;
2013-06-20;54.3;54.3;54.3;54.3;0;53.22;
2013-06-19;54.3;54.3;54.3;54.3;0;53.22;
2013-06-18;54.3;54.3;54.3;54.3;0;53.22;
2013-06-17;54.3;54.3;54.3;54.3;0;53.22;
2013-06-14;54.3;54.3;54.3;54.3;0;53.22;
2013-06-13;54.3;54.3;54.3;54.3;0;53.22;
2013-06-12;54.35;54.35;54.3;54.3;0;53.22;
2013-06-11;51.8;51.8;51.8;51.8;0;50.77;
2013-06-10;51.8;51.8;51.8;51.8;0;50.77;
2013-06-07;54;54;54;54;0;52.93;
2013-06-06;54.3;54.3;54.3;54.3;0;53.22;
2013-06-05;54.3;54.3;54.3;54.3;0;53.22;
2013-06-04;54.3;54.3;54.3;54.3;0;53.22;
2013-06-03;54.3;54.3;54.3;54.3;0;53.22;
2013-05-31;54.3;54.3;54.3;54.3;0;53.22;
2013-05-30;54.3;54.3;54.3;54.3;0;53.22;
2013-05-29;54.3;54.3;54.3;54.3;0;53.22;
2013-05-28;51.8;51.8;51.8;51.8;0;50.77;
2013-05-27;51.8;51.8;51.8;51.8;0;50.77;
2013-05-24;51.8;51.8;51.8;51.8;0;50.77;
2013-05-23;51.8;51.8;51.8;51.8;0;50.77;
2013-05-22;51.8;51.8;51.8;51.8;0;50.77;
2013-05-21;51.8;51.8;51.8;51.8;0;50.77;
2013-05-20;51.8;51.8;51.8;51.8;0;50.77;
2013-05-17;52.3;52.3;52.3;52.3;0;51.26;
2013-05-16;52.3;52.3;52.3;52.3;0;51.26;
2013-05-15;52.3;52.3;52.3;52.3;0;51.26;
2013-05-14;52.3;52.3;52.3;52.3;0;51.26;
2013-05-13;55;55;55;55;0;53.91;
2013-05-10;55;55;55;55;0;53.91;
2013-05-09;55;55;55;55;0;53.91;
2013-05-08;55;55;55;55;0;53.91;
2013-05-07;55;55;55;55;0;53.91;
2013-05-06;55.15;55.15;55.15;55.15;0;54.06;
2013-05-03;55.15;55.15;55.15;55.15;0;54.06;
2013-05-02;61;61;58;58;0;56.85;
2013-05-01;61;61;61;61;0;59.79;
2013-04-30;63.9;63.9;61;61;200;59.79;
2013-04-29;64;64;64;64;0;62.73;
2013-04-26;58.1;64;58.1;64;100;62.73;
2013-04-25;61.15;61.15;61.15;61.15;0;59.94;
2013-04-24;61.15;61.15;61.15;61.15;0;59.94;
2013-04-23;61.15;61.15;61.15;61.15;0;59.94;
2013-04-22;61.15;61.15;61.15;61.15;0;59.94;
2013-04-19;61.15;61.15;61.15;61.15;0;59.94;
2013-04-18;61.15;61.15;61.15;61.15;0;59.94;
2013-04-17;61.15;61.15;61.15;61.15;0;59.94;
2013-04-16;61.15;61.15;61.15;61.15;0;59.94;
2013-04-15;61.15;61.15;61.15;61.15;0;59.94;
2013-04-12;61.15;61.15;61.15;61.15;0;59.94;
2013-04-11;58.25;58.25;58.25;58.25;0;57.1;
2013-04-10;55.5;55.5;55.5;55.5;0;54.4;
2013-04-09;53.8;53.8;53.8;53.8;0;52.73;
2013-04-08;53.8;53.8;53.8;53.8;0;52.73;
2013-04-05;53.8;53.8;53.8;53.8;0;52.73;
2013-04-04;53.55;56.95;53.55;56.25;100;55.14;
2013-04-03;54.2;56.5;54.1;56.1;400;54.99;
2013-04-02;56.9;56.95;56.9;56.9;300;55.77;
2013-04-01;54.8;55.7;54.8;55.7;200;54.6;
2013-03-29;53.05;53.05;53.05;53.05;0;52;
2013-03-28;54.8;57.55;53;53.05;1700;52;
2013-03-27;55;55;55;55;0;53.91;
2013-03-26;55;55;55;55;200;53.91;
2013-03-25;52.8;56;52.8;55.1;800;54.01;
2013-03-22;52;54.45;52;54;3000;52.93;
2013-03-21;51.9;51.9;51.9;51.9;0;50.87;
2013-03-20;50.6;55;50.6;51.9;1200;50.87;
2013-03-19;55;55.9;52.7;52.75;1000;51.71;
2013-03-18;53;54.9;51.5;53.7;1600;52.64;
2013-03-15;56;56;52.65;52.65;100;51.61;
2013-03-14;50.8;54.25;50.8;54.25;30500;53.18;
2013-03-13;53.65;54;51.7;51.7;1200;50.68;
2013-03-12;54;54;51.5;52.35;1200;51.31;
2013-03-11;53.75;54.75;52.05;52.9;1900;51.85;
2013-03-08;56;56;54;54;400;52.93;
2013-03-07;54.95;55.9;52.2;55.9;0;54.79;
2013-03-06;53.6;53.75;52;53.4;900;52.34;
2013-03-05;54;55;51.2;51.2;800;50.19;
2013-03-04;55;55;53.1;53.1;100;52.05;
2013-03-01;53.05;56.2;53.05;55.75;18600;54.65;
2013-02-28;56.6;56.6;54.2;54.25;500;53.18;
2013-02-27;55.25;57.25;54.6;54.6;300;53.52;
2013-02-26;55;57.8;54.5;55.5;2600;54.4;
2013-02-25;58;58;55;55.05;800;53.96;
2013-02-22;58.25;58.25;55.5;56.3;1900;55.19;
2013-02-21;55.5;55.5;55.5;55.5;1700;54.4;
2013-02-20;52.9;52.9;52.9;52.9;400;51.85;
2013-02-19;50.4;50.4;50.4;50.4;600;49.4;
2013-02-18;47.95;48;47.95;48;700;47.05;
2013-02-15;45.75;45.75;43.5;45.75;300;44.84;
2013-02-14;47.8;47.8;43.6;43.6;600;42.74;
2013-02-13;44.95;45.55;44.95;45.55;200;44.65;
2013-02-12;45;45.65;43.4;43.4;900;42.54;
2013-02-11;42.4;43.5;42.4;43.5;200;42.64;
2013-02-08;43.2;44.7;43.2;44.2;43700;43.32;
2013-02-07;45;45.2;43.2;43.6;600;42.74;
2013-02-06;46.8;46.8;44.2;44.2;400;43.32;
2013-02-05;44;46;44;45.75;600;44.84;
2013-02-04;45.05;45.1;44;44;800;43.13;
2013-02-01;44;44;43;43;1000;42.15;
2013-01-31;43.8;43.8;43.8;43.8;0;42.93;
2013-01-30;43.85;43.85;43.8;43.8;0;42.93;
2013-01-29;44.5;44.5;44.5;44.5;0;43.62;
2013-01-28;47.95;47.95;44.5;44.5;0;43.62;
2013-01-25;42.2;45.7;42.2;45.7;200;44.8;
2013-01-24;42;45.5;42;43.55;600;42.69;
2013-01-23;43.3;45.15;42.8;43.45;3000;42.59;
2013-01-22;43.35;43.35;43;43;300;42.15;
2013-01-21;43.4;46;43.4;44.55;1200;43.67;
2013-01-18;44.7;44.75;44.1;44.1;600;43.23;
2013-01-17;45.55;45.55;45.55;45.55;200;44.65;
2013-01-16;46;46;45.3;45.5;600;44.6;
2013-01-15;47.45;47.5;47.45;47.5;0;46.56;
2013-01-14;47.2;49.7;47.2;49.7;200;48.72;
2013-01-11;47.2;49.2;47.2;47.4;900;46.46;
2013-01-10;50.15;53.9;49.55;49.65;1100;48.67;
2013-01-09;47.25;52.15;47.25;52.15;11200;51.12;
2013-01-08;52.25;52.95;49.7;49.7;1000;48.72;
2013-01-07;54.8;54.9;52.3;52.3;700;51.26;
2013-01-04;57.6;57.85;55;55;1600;53.91;
2013-01-03;61.8;61.8;56.15;57.85;21100;56.7;
2013-01-02;58.9;58.9;58.9;58.9;11500;57.73;
2013-01-01;56.1;56.1;56.1;56.1;11400;54.99;
2012-12-31;52.5;53.45;52.5;53.45;11300;52.39;
2012-12-28;50.9;50.95;49;50.95;13200;49.94;
2012-12-27;49.35;49.45;47.9;48.55;17000;47.59;
2012-12-26;47.1;47.1;47.1;47.1;0;46.17;
2012-12-25;47.1;47.1;47.1;47.1;0;46.17;
2012-12-24;46.5;48.65;46.5;47.1;11100;46.17;
2012-12-21;49.7;49.7;46;46.35;500;45.43;
2012-12-20;49.95;49.95;47.05;47.5;200;46.56;
2012-12-19;48.1;48.1;47.25;48.1;12400;47.15;
2012-12-18;43.5;45.85;43.5;45.85;500;44.94;
2012-12-17;43.7;43.7;43.5;43.7;1700;42.83;
2012-12-14;40.8;44.9;40.8;41.65;900;40.83;
2012-12-13;42.8;42.8;42.8;42.8;800;41.95;
2012-12-12;42;44.9;42;44.9;300;44.01;
2012-12-11;44.1;44.1;44.1;44.1;0;43.23;
2012-12-10;43.9;44.1;43.9;44.1;1200;43.23;
2012-12-07;43.6;43.6;42;42;200;41.17;
2012-12-06;41.9;41.9;41.9;41.9;0;41.07;
2012-12-05;41.9;41.9;41.9;41.9;0;41.07;
2012-12-04;40;42;40;41.9;600;41.07;
2012-12-03;40;40;40;40;600;39.21;
2012-11-30;41.4;41.4;41.4;41.4;200;40.58;
2012-11-29;41.6;41.7;40;41.4;1100;40.58;
2012-11-28;39.75;39.75;39.75;39.75;0;38.96;
2012-11-27;38.1;40;38;39.75;600;38.96;
2012-11-26;40;40;38.15;38.15;1000;37.39;
2012-11-23;40.95;41;39.8;39.9;800;39.11;
2012-11-22;42;43;40.8;40.8;1600;39.99;
2012-11-21;43.3;43.3;42.55;42.7;17200;41.85;
2012-11-20;41;41.45;40.9;41.25;1200;40.43;
2012-11-19;39.9;39.9;38;39.5;1300;38.72;
2012-11-16;37.4;38.85;37.4;38;2200;37.25;
2012-11-15;35.75;37;34.95;37;400;36.27;
2012-11-14;35.75;35.75;35.75;35.75;0;35.04;
2012-11-13;35.75;35.75;35.75;35.75;0;35.04;
2012-11-12;35.7;37.95;35.7;35.75;200;35.04;
2012-11-09;37.4;37.45;36.6;36.6;1200;35.88;
2012-11-08;36.75;36.75;36.75;36.75;200;36.02;
2012-11-07;36.5;38.1;36.5;36.75;400;36.02;
2012-11-06;36;36.35;36;36.35;2400;35.63;
2012-11-05;32;34.65;32;34.65;1200;33.96;
2012-11-02;33;33;33;33;0;32.35;
2012-11-01;32.05;34.45;31.8;33;600;32.35;
2012-10-31;32.5;33.15;32.5;33.15;1600;32.49;
2012-10-30;32.35;32.35;31.65;31.65;800;31.02;
2012-10-29;31;32.3;30.2;30.85;400;30.24;
2012-10-26;30.8;30.8;30.8;30.8;0;30.19;
2012-10-25;30.8;30.8;30.8;30.8;200;30.19;
2012-10-24;31;31;31;31;0;30.39;
2012-10-23;31;31;31;31;1000;30.39;
2012-10-22;34;34;31.6;31.9;800;31.27;
2012-10-19;33;34;31.8;33;800;32.35;
2012-10-18;32.45;33.5;31.7;33.2;4700;32.54;
2012-10-17;31.95;31.95;31.95;31.95;0;31.32;
2012-10-16;30.3;31.95;30.3;31.95;200;31.32;
2012-10-15;31.85;31.85;31.85;31.85;0;31.22;
2012-10-12;30.9;30.9;30.9;30.9;0;30.29;
2012-10-11;31.1;31.45;29.6;30.9;1000;30.29;
2012-10-10;30.85;31.15;30.85;31.15;300;30.53;
2012-10-09;29.5;29.7;29.5;29.7;2000;29.11;
2012-10-08;29.1;29.1;28;28.3;1800;27.74;
2012-10-05;27.75;27.75;27.75;27.75;300;27.2;
2012-10-04;27.6;27.6;27.6;27.6;400;27.05;
2012-10-03;29;29;29;29;0;28.43;
2012-10-02;29;29;29;29;0;28.43;
2012-10-01;29.5;29.5;29;29;100;28.43;
2012-09-28;29;29;29;29;200;28.43;
2012-09-27;28.2;28.2;28.2;28.2;0;27.64;
2012-09-26;29.7;29.7;27.25;29.6;1300;29.01;
2012-09-25;28.5;28.55;28.5;28.55;800;27.98;
2012-09-24;28.75;29.95;28.75;29.95;300;29.36;
2012-09-21;31.35;31.35;28.75;28.8;800;28.23;
2012-09-20;30.2;30.2;30.2;30.2;0;29.6;
2012-09-19;30.2;30.2;30.2;30.2;0;29.6;
2012-09-18;30.9;30.9;30.2;30.2;400;29.6;
2012-09-17;30.6;30.6;28.95;30;100;29.41;
2012-09-14;31.5;31.5;31.45;31.45;200;29.85;
2012-09-13;28.8;30;28.8;30;0;28.47;
2012-09-12;29.95;29.95;28.8;28.8;200;27.33;
2012-09-11;30.45;30.45;29.1;30.2;100;28.66;
2012-09-10;29.05;29.05;29.05;29.05;200;27.57;
2012-09-07;30.5;30.5;30.5;30.5;0;28.95;
2012-09-06;28.5;30.7;28.5;30.7;100;29.14;
2012-09-05;29.95;30.65;29.95;29.95;300;28.42;
2012-09-04;30.7;30.7;29.55;29.55;200;28.04;
2012-09-03;29.55;29.55;29.3;29.3;0;27.81;
2012-08-31;29.85;29.85;28;28.2;400;26.76;
2012-08-30;29;29;29;29;0;27.52;
2012-08-29;29.95;29.95;27.25;27.65;100;26.24;
2012-08-28;28.55;28.55;28.55;28.55;0;27.09;
2012-08-27;27.2;27.2;27.2;27.2;0;25.81;
2012-08-24;27.2;27.2;27.2;27.2;0;25.81;
2012-08-23;27.2;27.2;27.2;27.2;100;25.81;
2012-08-22;27.15;27.15;27.15;27.15;300;25.77;
2012-08-21;30.2;30.2;28.55;28.55;100;27.09;
2012-08-20;30;30;30;30;0;28.47;
2012-08-17;30;30;30;30;100;28.47;
2012-08-16;28.9;28.9;28.9;28.9;0;27.43;
2012-08-15;28.9;28.9;28.9;28.9;0;27.43;
2012-08-14;28.9;28.9;28.9;28.9;100;27.43;
2012-08-13;30.4;30.4;30.4;30.4;0;28.85;
2012-08-10;30.25;30.55;30.25;30.55;200;28.99;
2012-08-09;30.6;30.6;29.1;29.1;400;27.62;
2012-08-08;29.5;29.5;29.5;29.5;4300;28;
2012-08-07;29.5;29.5;29.5;29.5;300;28;
2012-08-06;30.5;30.5;30.5;30.5;0;28.95;
2012-08-03;29.5;29.5;29.5;29.5;0;28;
2012-08-02;30.95;30.95;30.95;30.95;0;29.37;
2012-08-01;29.5;29.5;29.5;29.5;0;28;
2012-07-31;30.45;30.45;30;30;0;28.47;
2012-07-30;30.4;30.4;30;30;0;28.47;
2012-07-27;31.3;31.3;31.3;31.3;0;29.7;
2012-07-26;31.3;31.3;31.3;31.3;0;29.7;
2012-07-25;29.9;29.9;29.9;29.9;500;28.38;
2012-07-24;29.9;29.9;29.9;29.9;0;28.38;
2012-07-23;29.3;29.3;29.3;29.3;0;27.81;
2012-07-20;29.35;29.35;28;29.35;600;27.85;
2012-07-19;29.2;29.4;29.2;29.25;800;27.76;
2012-07-18;26.85;28;26.8;28;1400;26.57;
2012-07-17;28.9;28.9;26.7;26.7;0;25.34;
2012-07-16;28.05;28.05;26.8;28.05;200;26.62;
2012-07-13;27.5;28.75;26.65;26.75;300;25.39;
2012-07-12;27.4;27.4;27.4;27.4;0;26;
2012-07-11;27.4;27.4;27.4;27.4;100;26;
2012-07-10;26.5;28.8;26.1;28.8;200;27.33;
2012-07-09;28;28;27.45;27.45;0;26.05;
2012-07-06;27;28.85;26.7;28.85;900;27.38;
2012-07-05;29.15;29.15;28.1;28.1;900;26.67;
2012-07-04;27.8;27.8;27.8;27.8;1400;26.38;
2012-07-03;26.5;26.5;26.5;26.5;0;25.15;
2012-07-02;28.95;28.95;27;27;200;25.62;
2012-06-29;28;28;28;28;0;26.57;
2012-06-28;28;28;28;28;0;26.57;
2012-06-27;26.7;26.7;26.7;26.7;0;25.34;
2012-06-26;26.7;26.7;26.7;26.7;200;25.34;
2012-06-25;26.95;28.15;25.75;28.1;1000;26.67;
2012-06-22;25.75;27;25.65;26.9;200;25.53;
2012-06-21;27.4;27.4;26.05;26.95;200;25.58;
2012-06-20;27.35;27.5;27.35;27.4;800;26;
2012-06-19;27.35;27.35;27.35;27.35;0;25.96;
2012-06-18;27.35;27.35;27.35;27.35;0;25.96;
2012-06-15;27.35;27.45;27.35;27.35;0;25.96;
2012-06-14;26.95;26.95;26.95;26.95;0;25.58;
2012-06-13;26.95;26.95;26.95;26.95;0;25.58;
2012-06-12;26.95;26.95;26.95;26.95;0;25.58;
2012-06-11;26.95;26.95;26.95;26.95;0;25.58;
2012-06-08;26.9;26.95;26.9;26.95;0;25.58;
2012-06-07;27;27;27;27;0;25.62;
2012-06-06;27;27;27;27;0;25.62;
2012-06-05;27;27;25.1;27;300;25.62;
2012-06-04;27;27;26.4;26.4;1000;25.05;
2012-06-01;26.4;26.4;26.4;26.4;500;25.05;
2012-05-31;24.45;25.2;24.45;25.2;200;23.92;
2012-05-30;25.2;25.2;25.2;25.2;0;23.92;
2012-05-29;25.2;25.2;25.2;25.2;0;23.92;
2012-05-28;25.2;25.2;25.2;25.2;0;23.92;
2012-05-25;24.7;24.7;24.7;24.7;100;23.44;
2012-05-24;26.25;26.25;25.2;25.2;200;23.92;
2012-05-23;27;27;26;26;200;24.67;
2012-05-22;26;26;26;26;0;24.67;
2012-05-21;27.95;27.95;26;26;600;24.67;
2012-05-18;27.15;27.15;27.15;27.15;0;25.77;
2012-05-17;25.9;25.9;25.9;25.9;0;24.58;
2012-05-16;25.9;25.9;25.9;25.9;0;24.58;
2012-05-15;24.8;25;24.75;24.75;400;23.49;
2012-05-14;24.9;24.9;24.8;24.9;2500;23.63;
2012-05-11;25;25;24.1;24.65;300;23.39;
2012-05-10;26.45;26.75;25.2;25.3;400;24.01;
2012-05-09;26.45;26.45;26.45;26.45;0;25.1;
2012-05-08;26.5;26.5;26;26.5;800;25.15;
2012-05-07;26.55;26.55;26;26;400;24.67;
2012-05-04;27.55;27.55;27.3;27.3;400;25.91;
2012-05-03;28.1;28.1;27.7;28;300;26.57;
2012-05-02;29.45;29.45;29;29;800;27.52;
2012-05-01;29.35;29.35;29.35;29.35;0;27.85;
2012-04-30;30.15;30.4;29.35;29.35;300;27.85;
2012-04-27;30.85;30.85;30.85;30.85;100;29.28;
2012-04-26;30.4;31.25;29.4;29.4;1600;27.9;
2012-04-25;30.85;30.9;30.85;30.9;500;29.33;
2012-04-24;29.5;29.5;29.5;29.5;0;28;
2012-04-23;29.5;29.5;29.5;29.5;0;28;
2012-04-20;29.95;30.45;27.8;29.5;6300;28;
2012-04-19;27.25;29.9;27.25;29;1000;27.52;
2012-04-18;27.15;28.5;27.15;28.5;1100;27.05;
2012-04-17;27.15;27.15;27.15;27.15;100;25.77;
2012-04-16;27.7;27.7;27.7;27.7;0;26.29;
2012-04-13;29.4;29.95;27.6;27.7;1500;26.29;
2012-04-12;28.5;28.55;28.05;28.55;1000;27.09;
2012-04-11;27.2;27.2;27.2;27.2;0;25.81;
2012-04-10;27.25;27.25;27.2;27.2;200;25.81;
2012-04-09;28.6;28.6;28.6;28.6;0;27.14;
2012-04-06;28.5;28.5;28.5;28.5;0;27.05;
2012-04-05;28.5;28.5;28.5;28.5;0;27.05;
2012-04-04;28.5;28.5;28.5;28.5;0;27.05;
2012-04-03;28;28.5;28;28.5;0;27.05;
2012-04-02;28.45;28.55;28.2;28.55;2900;27.09;
2012-03-30;27.2;27.2;27.2;27.2;0;25.81;
2012-03-29;27.75;27.8;27.75;27.8;0;26.38;
2012-03-28;27.45;27.45;26.5;26.5;900;25.15;
2012-03-27;27.45;27.45;27.45;27.45;0;26.05;
2012-03-26;28.65;28.85;28.65;28.85;3700;27.38;
2012-03-23;28.5;28.5;27.3;28.35;0;26.91;
2012-03-22;27.8;27.8;27.75;27.75;700;26.34;
2012-03-21;26.35;28.4;26.35;28.35;10200;26.91;
2012-03-20;27.3;27.3;27.3;27.3;600;25.91;
2012-03-19;27.5;27.5;27.5;27.5;0;26.1;
2012-03-16;27.5;27.5;27.5;27.5;0;26.1;
2012-03-15;28.75;28.75;27.5;28.6;500;27.14;
2012-03-14;28.3;28.5;28.3;28.35;300;26.91;
2012-03-13;27.75;28.8;27.75;28.2;200;26.76;
2012-03-12;29;29;29;29;0;27.52;
2012-03-09;29;29;29;29;0;27.52;
2012-03-08;29;29;29;29;0;27.52;
2012-03-07;28.45;28.45;28.45;28.45;100;27;
2012-03-06;26.8;28.4;26.8;27.55;2600;26.15;
2012-03-05;27.75;27.9;27.75;27.9;100;26.48;
2012-03-02;27.6;28.8;27.6;28.8;1800;27.33;
2012-03-01;29.25;29.25;29;29;1100;27.52;
2012-02-29;28.95;28.95;28.95;28.95;0;27.47;
2012-02-28;27.1;28.95;27.1;28.95;0;27.47;
2012-02-27;27.9;27.9;27.9;27.9;0;26.48;
2012-02-24;27.9;27.9;27.9;27.9;0;26.48;
2012-02-23;28.55;28.55;27.85;27.9;1500;26.48;
2012-02-22;28.5;28.5;27.6;27.75;900;26.34;
2012-02-21;27.65;29.25;27.65;28.5;400;27.05;
2012-02-20;28.4;28.4;28.4;28.4;0;26.95;
2012-02-17;28.85;28.85;27.3;28.4;0;26.95;
2012-02-16;28;28;28;28;0;26.57;
2012-02-15;28.8;28.9;27.3;28.35;1300;26.91;
2012-02-14;28.5;28.65;27.9;28.65;2300;27.19;
2012-02-13;28.25;28.9;28.1;28.5;2300;27.05;
2012-02-10;27.55;27.6;27.55;27.55;100;26.15;
2012-02-09;26.5;27;26.5;26.75;1100;25.39;
2012-02-08;26.9;26.9;26.9;26.9;0;25.53;
2012-02-07;26.95;26.95;25.95;25.95;2000;24.63;
2012-02-06;28.1;28.1;26.95;27.3;1200;25.91;
2012-02-03;28.3;28.3;28.3;28.3;800;26.86;
2012-02-02;28;29.65;28;29.4;300;27.9;
2012-02-01;30;30.45;28.35;28.35;1900;26.91;
2012-01-31;29.8;29.8;29.8;29.8;1000;28.28;
2012-01-30;28.4;28.4;28.4;28.4;0;26.95;
2012-01-27;28.4;28.4;28.4;28.4;0;26.95;
2012-01-26;28.4;28.4;28.4;28.4;0;26.95;
2012-01-25;27.15;28.4;27.1;28.4;300;26.95;
2012-01-24;27.5;27.5;27.05;27.05;100;25.67;
2012-01-23;28;28;28;28;100;26.57;
2012-01-20;29;29;28.7;28.7;100;27.24;
2012-01-19;30.3;30.3;28.3;29.55;800;28.04;
2012-01-18;29.2;29.2;29.2;29.2;0;27.71;
2012-01-17;30.6;30.6;29.2;29.2;100;27.71;
2012-01-16;30.6;30.6;30.6;30.6;0;29.04;
2012-01-13;30.6;30.6;30.6;30.6;0;29.04;
2012-01-12;29.35;30.6;29.35;30.6;0;29.04;
2012-01-11;30.45;30.85;30.45;30.85;2100;29.28;
2012-01-10;29.7;29.9;29.7;29.8;300;28.28;
2012-01-09;30.4;30.4;28.5;28.5;100;27.05;
2012-01-06;29.95;29.95;29.8;29.8;0;28.28;
2012-01-05;28.85;28.85;28.8;28.8;0;27.33;
2012-01-04;27.5;27.5;27.5;27.5;0;26.1;
2012-01-03;27.5;27.5;27.5;27.5;0;26.1;
2012-01-02;27.5;27.5;27.5;27.5;0;26.1;
2011-12-30;27.5;27.5;27.5;27.5;0;26.1;
2011-12-29;26.55;27.15;26.5;26.55;100;25.2;
2011-12-28;26.5;26.5;26.5;26.5;0;25.15;
2011-12-27;26.5;26.5;26.5;26.5;0;25.15;
2011-12-26;26.5;26.5;26.5;26.5;0;25.15;
2011-12-23;26.5;26.5;26.5;26.5;0;25.15;
2011-12-22;26.5;26.5;26.5;26.5;0;25.15;
2011-12-21;26.5;26.5;26.5;26.5;0;25.15;
2011-12-20;26.5;26.5;26.5;26.5;2600;25.15;
2011-12-19;26;26;26;26;0;24.67;
2011-12-16;27.45;27.45;26;26;0;24.67;
2011-12-15;26.5;26.5;26.45;26.5;1600;25.15;
2011-12-14;26.25;26.25;25.15;25.25;600;23.96;
2011-12-13;25.1;25.1;25.1;25.1;0;23.82;
2011-12-12;25.15;25.15;25.1;25.1;200;23.82;
2011-12-09;24.25;26.2;24.25;26.2;500;24.86;
2011-12-08;25.15;25.15;25.1;25.15;500;23.87;
2011-12-07;26.3;26.3;26.3;26.3;0;24.96;
2011-12-06;25.1;25.1;25.1;25.1;0;23.82;
2011-12-05;25.1;25.1;25.05;25.1;1500;23.82;
2011-12-02;25.25;25.25;25.25;25.25;200;23.96;
2011-12-01;25.65;27.6;25.65;25.9;200;24.58;
2011-11-30;24.9;26.45;24.9;26.45;200;25.1;
2011-11-29;27.45;27.45;25.35;25.35;1400;24.06;
2011-11-28;26.35;27.5;26.15;26.15;100;24.82;
2011-11-25;26.4;26.4;26.2;26.35;11000;25.01;
2011-11-24;27.55;27.55;27.55;27.55;100;26.15;
2011-11-23;28.85;28.85;28.85;28.85;0;27.38;
2011-11-22;28.85;28.85;28.85;28.85;0;27.38;
2011-11-21;27.5;27.5;27.5;27.5;0;26.1;
2011-11-18;27.5;27.5;27.5;27.5;100;26.1;
2011-11-17;27.35;27.35;27.35;27.35;0;25.96;
2011-11-16;27.35;27.35;27.35;27.35;0;25.96;
2011-11-15;26.15;26.15;26.05;26.05;100;24.72;
2011-11-14;27.05;27.05;27;27;200;25.62;
2011-11-11;29.5;29.5;27.55;27.55;400;26.15;
2011-11-08;28.95;28.95;28.65;28.95;5200;27.47;
2011-11-04;28.7;28.7;27.5;27.6;1100;26.19;
2011-11-03;27.35;27.35;27.35;27.35;100;25.96;
2011-10-28;28.4;28.4;28.4;28.4;0;26.95;
2011-10-25;27.05;27.05;27.05;27.05;0;25.67;
2011-10-24;26.05;28.4;26;28.2;5800;26.76;
2011-10-20;27.05;27.05;27.05;27.05;100;25.67;
2011-10-18;28.15;29.4;28.15;28.45;0;27;
2011-10-13;25.95;28.45;25.9;28;800;26.57;
2011-10-12;26.35;27.4;26.35;27.25;100;25.86;
2011-10-11;27.5;27.55;27.5;27.55;200;26.15;
2011-10-05;26.25;26.25;26.25;26.25;0;24.91;
2011-10-04;26;27.35;26;27.3;600;25.91;
2011-10-03;26.05;26.05;26.05;26.05;0;24.72;
2011-09-28;26.05;26.05;26.05;26.05;0;24.72;
2011-09-23;26.25;26.25;26.25;26.25;0;24.91;
2011-09-22;26.2;26.25;26.2;26.25;500;24.91;
2011-09-19;29;29;26.8;26.8;200;25.43;
2011-09-16;27.5;28.6;27.4;28.1;400;26.67;
2011-09-15;27.7;29.25;27.1;27.6;300;26.19;
2011-09-14;29.5;29.5;29.35;29.4;700;26.95;
2011-09-13;29.9;29.95;29.05;29.05;400;26.63;
2011-09-12;29.8;29.8;29.1;29.7;0;27.23;
2011-09-09;29.9;29.9;29.75;29.75;0;27.27;
2011-09-08;29.75;29.75;29;29.05;100;26.63;
2011-09-07;28.05;29.65;28.05;29;2300;26.59;
2011-09-06;29;29;29;29;100;26.59;
2011-09-05;28.5;29.6;28.5;28.95;1200;26.54;
2011-09-02;28.25;28.25;28.25;28.25;0;25.9;
2011-08-30;28;28.95;28;28.8;1200;26.4;
2011-08-29;28.85;28.85;28;28;0;25.67;
2011-08-26;28.9;28.9;26.3;26.4;600;24.2;
2011-08-25;28;28;28;28;0;25.67;
2011-08-23;28.95;28.95;27.25;27.95;100;25.62;
2011-08-22;27.15;27.15;27.15;27.15;100;24.89;
2011-08-19;25.85;28.9;25.85;27.45;500;25.16;
2011-08-18;26.6;27.7;26.5;27.5;1900;25.21;
2011-08-10;26.8;29.05;26.8;28.95;0;26.54;
2011-08-09;27.1;29;27.1;28.8;2400;26.4;
2011-08-08;27.45;28.9;27.45;28.9;4800;26.49;
2011-08-05;26.3;27;26.25;27;1000;24.75;
2011-08-04;28;28.55;27;27.75;300;25.44;
2011-08-03;26.7;28.4;26.7;28.4;0;26.04;
2011-08-02;28;28.55;27.05;28;8500;25.67;
2011-07-29;27.15;28;27.1;28;2900;25.67;
2011-07-28;26.65;27.55;26.4;27;400;24.75;
2011-07-27;27;27;27;27;500;24.75;
2011-07-26;27.15;27.15;26.9;27;7400;24.75;
2011-07-25;26.8;28;26.8;27.4;500;25.12;
2011-07-21;27;29;27;28.7;700;26.31;
2011-07-19;27.25;28.45;27.25;27.65;200;25.35;
2011-07-18;29.35;29.35;29.35;29.35;0;26.91;
2011-07-15;27.2;27.2;27.2;27.2;100;24.94;
2011-07-14;27.3;27.35;27.25;27.35;1500;25.07;
2011-07-13;27.8;27.8;27.75;27.75;1000;25.44;
2011-07-12;27;27.95;26.9;27.9;200;25.58;
2011-07-11;28.6;28.7;28.6;28.65;0;26.26;
2011-07-08;27.2;28.9;27.2;28.9;400;26.49;
2011-07-07;29;29.1;28.35;29.1;1200;26.68;
2011-07-06;26.85;29;26.85;29;2300;26.59;
2011-07-05;28.6;28.8;28.6;28.6;700;26.22;
2011-07-04;27.05;27.55;27.05;27.55;0;25.26;
2011-07-01;28;28.35;27.5;28.35;1100;25.99;
2011-06-30;25.05;29.25;25.05;28.3;700;25.94;
2011-06-27;27.3;28.6;27.3;27.35;2600;25.07;
2011-06-24;27;28.8;27;28;2200;25.67;
2011-06-23;26.8;28.8;26.65;26.95;2600;24.71;
2011-06-22;28.75;28.75;27;27;600;24.75;
2011-06-21;27.4;27.4;27;27;1600;24.75;
2011-06-20;26.3;29.5;26.3;29.5;2000;27.04;
2011-06-17;28;28;27.8;27.8;400;25.49;
2011-06-16;27.3;28.8;27.3;27.8;3300;25.49;
2011-06-15;29.9;29.9;28;28.05;900;25.71;
2011-06-14;26.7;29.5;26.7;29.25;2300;26.81;
2011-06-13;26.8;29.2;26.8;27.25;2600;24.98;
2011-06-10;26.7;28.25;26.7;28.25;900;25.9;
2011-06-09;26.8;28.2;26.7;26.7;2000;24.48;
2011-06-08;27.2;28.7;26.6;26.6;3000;24.39;
2011-06-07;27;29.35;26.65;26.8;4500;24.57;
2011-06-06;26.2;28.75;26.2;26.8;2500;24.57;
2011-06-03;26.1;28.7;26.1;27.95;1200;25.62;
2011-06-02;26.2;28.4;26.2;28;4100;25.67;
2011-06-01;26;28.5;26;27.95;2000;25.62;
2011-05-27;25.9;25.9;25.7;25.7;600;23.56;
2011-05-26;25.65;27.7;25.65;25.95;600;23.79;
2011-05-25;25.4;25.4;25.35;25.35;200;23.24;
2011-05-23;25.9;25.9;25.7;25.7;0;23.56;
2011-05-20;25.95;26;25.5;25.6;1500;23.47;
2011-05-19;25.9;26;25.75;25.95;1300;23.79;
2011-05-18;25.65;25.95;25.65;25.9;2300;23.74;
2011-05-17;25.95;26.2;25.95;26;1200;23.84;
2011-05-16;26.9;26.9;26.8;26.8;100;24.57;
2011-05-13;24.55;27;23.1;26.65;1800;24.43;
2011-05-12;25.1;27.4;25.1;25.85;1600;23.7;
2011-05-11;25.2;28.5;25.2;26.55;3800;24.34;
2011-05-10;28.4;28.4;25;25.15;11900;23.06;
2011-05-09;28.45;28.45;26.55;26.6;20500;24.39;
2011-05-06;31;33;28.45;28.8;13400;26.4;
2011-05-05;34.3;34.3;34.3;34.3;0;31.44;
2011-05-04;33.55;33.55;30.3;32.95;100;30.21;
2011-05-03;30.5;33.3;30.5;32.25;6700;29.57;
2011-05-02;33.85;33.85;31;31.1;600;28.51;
2011-04-29;33;33;30.5;31.05;1100;28.47;
2011-04-28;33;33.6;32.5;32.5;400;29.79;
2011-04-27;33;33;30.15;32.5;3600;29.79;
2011-04-26;33.8;33.8;32.55;33.15;200;30.39;
2011-04-25;33.9;33.9;32.05;32.05;800;29.38;
2011-04-21;33;34;30.65;32.35;1400;29.66;
2011-04-20;32.05;34.15;32;34.15;700;31.31;
2011-04-18;32.05;33.75;32;33.75;1500;30.94;
2011-04-15;31.85;32.85;31.85;32;500;29.34;
2011-04-13;33.5;33.95;32.5;32.6;300;29.89;
2011-04-11;35.95;36;32.35;33.35;100;30.57;
2011-04-08;32.25;33.5;32.25;33.5;500;30.71;
2011-04-07;32.1;33.1;32.05;33.05;500;30.3;
2011-04-06;33.85;33.85;32;32.5;1000;29.79;
2011-04-05;34;34;34;34;300;31.17;
2011-04-04;33.4;33.5;33.4;33.4;400;30.62;
2011-04-01;33.3;33.3;31.4;32.95;200;30.21;
2011-03-30;34.75;34.75;31;31.05;800;28.47;
2011-03-29;31.1;32.65;31.05;31.1;1500;28.51;
2011-03-28;32.25;32.25;31.85;31.85;200;29.2;
2011-03-25;31.6;33.1;31.6;32.25;2500;29.57;
2011-03-24;31.15;32;31.15;32;800;29.34;
2011-03-16;32.05;32.05;32;32;200;29.34;
2011-03-15;31.5;31.7;31.5;31.7;0;29.06;
2011-03-14;32;32.05;31.85;31.85;100;29.2;
2011-03-11;33.9;34;32.95;32.95;1700;30.21;
2011-03-10;31.5;33.75;31.5;32;2000;29.34;
2011-03-09;32.85;33.25;32.85;33.2;7400;30.44;
2011-03-08;33.5;33.5;30.5;32.7;200;29.98;
2011-03-07;33;33;31;31;500;28.42;
2011-03-04;32;32.8;31.5;32.8;1300;30.07;
2011-03-03;32;32.9;32;32.9;200;30.16;
2011-02-25;33.75;33.75;32;32.8;1000;30.07;
2011-02-24;32;32;32;32;1300;29.34;
2011-02-23;32.75;33;32.75;33;0;30.25;
2011-02-22;32;33;32;33;200;30.25;
2011-02-21;32;32.85;32;32.85;100;30.12;
2011-02-18;33;33;32;32;2100;29.34;
2011-02-17;32.55;32.55;32.5;32.5;400;29.79;
2011-02-16;32.5;33;32;32.05;4300;29.38;
2011-02-15;30.75;30.75;30.75;30.75;0;28.19;
2011-02-14;32.9;32.9;32.8;32.8;300;30.07;
2011-02-10;31;32.05;31;32;2100;29.34;
2011-02-09;30;33.8;30;32;2100;29.34;
2011-02-08;33.75;33.75;32;32;900;29.34;
2011-02-07;33.95;33.95;32.05;32.05;2300;29.38;
2011-02-04;32.5;33.85;32.5;32.65;2400;29.93;
2011-02-03;32.8;33.65;32.5;32.95;2600;30.21;
2011-02-02;33.35;33.35;30.75;31.7;10800;29.06;
2011-02-01;29;32.9;28.55;30.05;14600;27.55;
2011-01-31;29.45;29.45;28.25;28.3;500;25.94;
2011-01-28;29;29;28.25;28.25;700;25.9;
2011-01-27;30;30;28.6;28.6;6000;26.22;
2011-01-25;29;30.9;29;29.5;3500;27.04;
2011-01-21;28.65;28.65;28.5;28.55;1700;26.17;
2011-01-20;29.5;29.5;28.75;29.15;700;26.72;
2011-01-19;29.5;30;28.5;29.9;1400;27.41;
2011-01-18;29.05;29.05;28.85;28.85;2000;26.45;
2011-01-17;29;29.3;28.5;28.85;200;26.45;
2011-01-14;29.4;30.45;28.75;28.8;3700;26.4;
2011-01-13;28.65;29.5;28.65;29.5;600;27.04;
2011-01-12;29.1;29.1;28.8;28.8;600;26.4;
2011-01-11;29.05;29.5;29.05;29.5;700;27.04;
2011-01-10;31;31;29;30;1700;27.5;
2011-01-07;30.2;30.55;29.9;30;3600;27.5;
2011-01-06;28.7;30.75;28.7;30.75;2800;28.19;
2011-01-05;30.65;30.65;30;30;2000;27.5;
2011-01-04;30;30.7;30;30;5600;27.5;
2011-01-03;30.95;30.95;29.3;30.2;1800;27.69;
2010-12-31;30;30;29.05;29.25;2700;26.81;
2010-12-29;30;30.6;30;30;600;27.5;
2010-12-28;30.7;30.7;28.4;28.55;300;26.17;
2010-12-27;30;30.3;29.55;30.3;1500;27.78;
2010-12-24;29.55;30;29.25;29.25;1400;26.81;
2010-12-23;28.85;30.65;28.85;30.05;1000;27.55;
2010-12-22;29.95;29.95;29.95;29.95;700;27.46;
2010-12-21;29.85;30;29.2;29.85;4000;27.37;
2010-12-20;29.7;30;29;29.9;900;27.41;
2010-12-16;29.7;29.7;28.45;29.15;3800;26.72;
2010-12-15;29.5;30.5;29.5;30.3;0;27.78;
2010-12-14;29.7;30;28.55;29.25;1800;26.81;
2010-12-13;28.55;28.55;28;28;500;25.67;
2010-12-10;27.8;28.5;27.8;28.5;2000;26.13;
2010-12-09;28.05;29.95;27.05;27.05;1600;24.8;
2010-12-08;29.95;30;28.15;28.2;1400;25.85;
2010-12-07;28;30;28;28.9;2000;26.49;
2010-12-06;29;29;29;29;100;26.59;
2010-12-03;30.25;31;28.6;29.05;4400;26.63;
2010-12-02;31.6;33.1;30.4;31.55;1100;28.92;
2010-12-01;28.1;31.6;28.1;30.1;3000;27.59;
2010-11-30;29.75;29.75;28.55;29.4;200;26.95;
2010-11-29;27.35;28.15;27.3;27.95;1000;25.62;
2010-11-26;28.6;29.45;27.6;29;1800;26.59;
2010-11-25;29.7;30.55;29.15;29.7;4400;27.23;
2010-11-24;28.1;30;28.1;29.6;600;27.14;
2010-11-23;31;31;28.3;29.2;1300;26.77;
2010-11-22;31.9;31.9;28.7;30;9000;27.5;
2010-11-19;30.1;31.9;29.25;30.4;3200;27.87;
2010-11-18;31.1;32;30;31;1800;28.42;
2010-11-16;33;34.85;31.1;31.45;4500;28.83;
2010-11-15;36.9;36.9;33;34.45;12800;31.58;
2010-11-12;39.85;39.85;35.6;36.1;69300;33.09;
2010-11-11;37.4;37.4;36;37.4;65000;34.29;
2010-11-10;26;31.2;26;31.2;11600;28.6;
2010-11-09;26.7;26.9;25.5;26;10400;23.84;
2010-11-08;27.15;27.15;25.25;26.05;1800;23.88;
2010-11-04;26;26;26;26;2200;23.84;
2010-11-03;27.1;27.1;25.5;26;900;23.84;
2010-11-02;26;26.85;24.9;26.65;600;24.43;
2010-10-29;25.8;26.5;25.8;26.35;2600;24.16;
2010-10-28;25.45;26.9;25;26.25;1600;24.06;
2010-10-27;26;26.45;25.5;25.7;2500;23.56;
2010-10-26;24.15;27;24.15;26.85;5300;24.61;
2010-10-25;26.65;26.7;26.65;26.7;100;24.48;
2010-10-22;26.85;26.85;25.5;25.5;900;23.38;
2010-10-21;26.75;26.75;25.5;25.5;100;23.38;
2010-10-20;25.45;25.6;24.2;24.75;400;22.69;
2010-10-19;27.95;27.95;25.55;26.4;800;24.2;
2010-10-18;25.7;25.75;24.75;25.35;900;23.24;
2010-10-15;25.1;26;25.1;26;0;23.84;
2010-10-14;26.9;26.9;25.85;25.85;1500;23.7;
2010-10-13;26.85;26.85;25.85;26;700;23.84;
2010-10-12;26.55;26.55;26;26.1;2000;23.93;
2010-10-08;25.95;26.45;25.85;26;1400;23.84;
2010-10-07;25.9;26.5;25.7;26.25;700;24.06;
2010-10-06;25.75;26.6;25.75;26.35;1800;24.16;
2010-10-05;26.85;26.85;25.5;26;1000;23.84;
2010-10-04;24.5;25.6;24.5;25.45;500;23.33;
2010-10-01;27.7;27.7;25.3;25.85;2200;23.7;
2010-09-29;26;26.35;25.75;25.9;3000;23.74;
2010-09-28;26;26.7;26;26.05;500;23.88;
2010-09-27;25.35;27.45;25.35;25.95;1000;23.79;
2010-09-24;27.65;27.65;26.5;26.5;1200;24.29;
2010-09-21;27.75;27.75;26.1;26.1;100;23.93;
2010-09-20;26.6;27.5;26.2;26.2;1900;24.02;
2010-09-17;27;27;26.4;26.55;2600;24.34;
2010-09-16;27;27;26;26.1;1500;23.93;
2010-09-15;25.1;27.45;25.1;25.65;3200;23.51;
2010-09-14;27;27.6;26.65;26.75;1100;24.52;
2010-09-13;26.5;26.5;26.5;26.5;400;24.29;
2010-09-09;26.65;27.5;26.65;26.75;800;24.52;
2010-09-08;26.1;27.6;26.1;27.35;1000;25.07;
2010-09-07;27.3;27.3;26.35;26.65;2900;24.43;
2010-09-06;27.45;27.45;26.9;27;2300;24.75;
2010-09-03;27.25;27.25;27.1;27.15;400;24.89;
2010-09-02;25.5;27.4;25.5;25.95;20300;23.79;
2010-09-01;25.6;27.2;25.5;25.5;20300;23.38;
2010-08-31;25.15;26.4;21.75;26;2400;23.84;
2010-08-30;26.2;26.95;26.2;26.9;100;24.66;
2010-08-27;27.35;27.35;27.35;27.35;0;25.07;
2010-08-26;26.55;27.4;26.55;27.1;1100;24.84;
2010-08-25;26.15;26.25;26.05;26.15;1400;23.97;
2010-08-24;27.7;27.7;27.7;27.7;0;25.39;
2010-08-23;27.55;27.6;27.55;27.6;200;25.3;
2010-08-20;26.2;27.2;26.15;27.15;3200;24.89;
2010-08-19;26.2;26.7;26.1;26.1;900;23.93;
2010-08-18;25.65;27.45;25.65;27.2;1600;24.94;
2010-08-17;25.05;32;25.05;27.75;500;25.44;
2010-08-16;26.45;26.9;26.35;26.9;1200;24.66;
2010-08-13;29.75;29.85;25.5;26.35;800;24.16;
2010-08-12;29.95;29.95;26.25;26.8;1200;24.57;
2010-08-11;29.3;29.3;26.3;26.4;800;24.2;
2010-08-10;28.1;28.1;26.5;27.35;200;25.07;
2010-08-09;29.9;29.9;26.05;27.25;800;24.98;
2010-08-06;27.35;27.35;26.5;26.5;1000;24.29;
2010-08-05;28.2;28.2;26;26.6;4100;24.39;
2010-08-04;25.2;26.5;25.2;26;12100;23.84;
2010-08-03;27;27.4;26.1;26.7;1500;24.48;
2010-08-02;26.5;27.1;25.9;26.05;3400;23.88;
2010-07-30;24.1;27;24.1;25.75;5700;23.61;
2010-07-29;27.85;27.85;26.15;26.55;6100;24.34;
2010-07-28;27.2;29;26.75;27.2;25900;24.94;
2010-07-27;27.1;29.85;27.1;28.25;2400;25.9;
2010-07-26;34.25;34.25;26.6;28.4;76600;26.04;
2010-07-23;33.75;33.75;28.55;29.6;1700;27.14;
2010-07-22;34;34;28.5;30.45;4600;27.92;
2010-07-21;35;35;29;30.35;2500;27.82;
2010-07-20;29.5;29.65;29.5;29.55;800;27.09;
2010-07-19;30.4;30.5;29.5;29.9;100;27.41;
2010-07-16;27.15;32.7;27.15;30.5;3000;27.96;
2010-07-15;30.1;30.9;29.75;29.75;1700;27.27;
2010-07-14;30.35;30.45;30;30.2;2100;27.69;
2010-07-13;28.15;32.4;28.15;29.9;600;27.41;
2010-07-12;29.05;32.45;29.05;31.4;800;28.79;
2010-07-09;31.95;31.95;30.35;30.35;1500;27.82;
2010-07-08;30.35;31.55;30.35;30.5;1500;27.96;
2010-07-07;31.5;31.5;30.3;30.35;3400;27.82;
2010-07-06;33.5;33.5;30.05;31.55;1100;28.92;
2010-07-05;32.7;34;26.15;32.2;96700;29.52;
2010-07-02;27.65;34;27.65;30.7;54100;28.14;
2010-07-01;28.75;29.7;28.6;28.7;1500;26.31;
2010-06-30;29.2;29.95;28.15;28.75;2900;26.36;
2010-06-29;29;30;28.8;29.8;1200;27.32;
2010-06-28;29.55;31;29.5;29.7;1000;27.23;
2010-06-25;31.65;31.65;29.5;29.75;4300;27.27;
2010-06-24;29.85;33.8;28.5;30.55;59500;28.01;
2010-06-23;26.95;29.9;26;28.35;10100;25.99;
2010-06-22;25.05;27;25.05;26.8;2100;24.57;
2010-06-21;26.35;26.35;25;25.85;3900;23.7;
2010-06-18;24.35;26.15;24.35;26.15;800;23.97;
2010-06-17;28.05;28.05;26;26;3500;23.84;
2010-06-16;26;27.75;26;26;2600;23.84;
2010-06-15;29.55;29.55;26;26;1900;23.84;
2010-06-14;26;26.95;26;26.95;1500;24.71;
2010-06-11;26.8;26.8;26.8;26.8;0;24.57;
2010-06-10;26;26.5;26;26;3300;23.84;
2010-06-09;25.45;26.3;24.6;25.65;12100;23.51;
2010-06-08;24.65;24.9;24.5;24.5;900;22.46;
2010-06-07;25.25;25.25;24.6;24.6;700;22.55;
2010-06-04;25.25;25.25;24.5;25;1000;22.92;
2010-06-03;28.45;28.45;25;25.9;700;23.74;
2010-06-02;25.5;25.5;25;25.45;700;23.33;
2010-06-01;26.45;26.45;24.95;25.05;1000;22.96;
2010-05-31;26;28.75;25.5;25.5;2000;23.38;
2010-05-28;26.5;26.5;24.5;25.3;800;23.19;
2010-05-27;26;28.2;25.9;26.45;300;24.25;
2010-05-26;27;27;25;25.5;1800;23.38;
2010-05-25;29.85;29.85;25;26.5;1800;24.29;
2010-05-24;27;27;26.5;26.9;800;24.66;
2010-05-21;28;28;26;26.45;5600;24.25;
2010-05-20;28;28.5;27;27.25;2500;24.98;
2010-05-19;28.5;28.5;27.5;27.65;3600;25.35;
2010-05-18;29;29;28.55;28.55;5000;26.17;
2010-05-17;29;29;28.4;28.7;1200;26.31;
2010-05-14;28.5;30.9;28.45;29.7;12600;27.23;
2010-05-13;28.5;29;27.75;28.8;3900;26.4;
2010-05-12;28.25;28.25;27.5;27.5;500;25.21;
2010-05-11;28.05;28.25;27.75;28.25;2000;25.9;
2010-05-10;28.5;29;28;28.6;3400;26.22;
2010-05-07;29.1;29.1;28;28.7;5700;26.31;
2010-05-06;29.25;29.5;29.05;29.05;1300;26.63;
2010-05-05;30;30;28.5;29.4;800;26.95;
2010-05-04;30.25;30.25;29.3;29.85;1800;27.37;
2010-05-03;29.8;31.45;29.15;29.35;3100;26.91;
2010-04-30;31;32;30.6;30.6;6600;28.05;
2010-04-29;31.75;31.75;30;30.8;7800;28.24;
2010-04-28;30.5;31.45;30;30.25;7800;27.73;
2010-04-27;29.3;31.05;29.1;30.55;8400;28.01;
2010-04-26;28.7;28.75;28.7;28.75;700;26.36;
2010-04-23;30.2;30.4;27.5;29.3;4600;26.86;
2010-04-22;26.6;30.25;26.6;30.1;1500;27.59;
2010-04-21;28.8;30;28.8;29.65;1900;27.18;
2010-04-20;28;29.6;28;29.6;300;27.14;
2010-04-19;29;29;28;28;1300;25.67;
2010-04-16;28.6;29;28;29;700;26.59;
2010-04-15;28;29.7;28;28.55;3700;26.17;
2010-04-13;26.65;30.1;26.65;28.05;800;25.71;
2010-04-12;31;31;26.8;28.5;2400;26.13;
2010-04-09;31.5;31.5;27.1;29.9;4000;27.41;
2010-04-08;28.95;29.8;28.95;29.8;200;27.32;
2010-04-07;28.95;28.95;28.95;28.95;0;26.54;
2010-04-06;27.6;29;27.6;29;0;26.59;
2010-04-05;27.1;28;27.1;27.75;1500;25.44;
2010-04-01;27.9;28.2;26.7;28;1100;25.67;
2010-03-31;27;27;25.05;26.3;1400;24.11;
2010-03-30;26.5;27.9;26.5;26.75;500;24.52;
2010-03-29;27.2;27.2;27.2;27.2;0;24.94;
2010-03-26;29.45;29.45;27;27.6;7800;25.3;
2010-03-25;27.2;28.8;27.2;28.65;3200;26.26;
2010-03-23;28.95;28.95;26.1;27;800;24.75;
2010-03-22;30.85;30.85;28.45;28.45;600;26.08;
2010-03-19;26.15;26.75;26.15;26.7;400;24.48;
2010-03-18;28.5;28.5;25.9;26.05;200;23.88;
2010-03-17;26.35;27.05;26.35;27.05;0;24.8;
2010-03-16;25.45;27.2;25.45;27.1;900;24.84;
2010-03-15;28;28;26;28;600;25.67;
2010-03-12;28;28;27.6;28;200;25.67;
2010-03-11;28;28.25;27.15;27.15;200;24.89;
2010-03-10;28.3;28.9;27.1;28.05;1500;25.71;
2010-03-09;28.3;28.35;28;28.25;100;25.9;
2010-03-08;29.8;29.8;29;29.05;0;26.63;
2010-03-05;29;29;28.15;28.6;600;26.22;
2010-03-04;28;28.4;28;28.1;500;25.76;
2010-03-03;29.7;29.7;27.35;29;1000;26.59;
2010-03-02;27.95;28.5;27.25;27.9;4100;25.58;
2010-02-26;26.55;28.1;26.55;27.25;400;24.98;
2010-02-25;27;27;26.2;27;1000;24.75;
2010-02-24;27.5;28;25.4;27.1;600;24.84;
2010-02-23;29.35;29.35;27;27;500;24.75;
2010-02-22;29.95;29.95;27.55;28.55;800;26.17;
2010-02-19;27.3;27.35;27.3;27.35;700;25.07;
2010-02-18;29.8;29.85;27.5;27.8;2000;25.49;
2010-02-17;29.65;29.65;27.95;28.3;3400;25.94;
2010-02-16;28.95;29.75;27.25;27.3;1800;25.03;
2010-02-15;31;31;27.9;28;12700;25.67;
2010-02-11;27.6;29.8;27.6;28.5;1000;26.13;
2010-02-10;29.5;29.9;27.4;28.1;3900;25.76;
2010-02-09;31.55;31.55;28.15;28.6;5000;26.22;
2010-02-08;28.6;32.95;28.6;29.05;3100;26.63;
2010-02-05;30.05;32.95;30.05;30.25;3700;27.73;
2010-02-04;30.15;31.95;28.45;31.95;15600;29.29;
2010-02-03;29.55;30.4;29.05;29.05;600;26.63;
2010-02-02;33;33;29.55;29.55;500;27.09;
2010-02-01;26.15;30.5;26.15;30.1;2700;27.59;
2010-01-29;29.95;29.95;27.1;28.7;800;26.31;
2010-01-28;26.05;30.15;26.05;27.35;3500;25.07;
2010-01-27;30.3;30.3;28;28;2200;25.67;
2010-01-26;30.3;30.3;30.3;30.3;0;27.78;
2010-01-25;29.05;31.95;29.05;30.3;1300;27.78;
2010-01-22;33.2;33.2;29.5;29.65;4700;27.18;
2010-01-21;30.35;30.95;30;30;3300;27.5;
2010-01-20;31;31.5;30.45;30.55;1800;28.01;
2010-01-19;31.55;31.8;31.5;31.75;800;29.11;
2010-01-18;30.45;33.85;30.45;31.9;2100;29.24;
2010-01-15;30.25;35.3;30.25;32.65;1500;29.93;
2010-01-14;30.2;34.85;30.2;32.55;3700;29.84;
2010-01-13;33.5;33.5;31.05;32.2;5500;29.52;
2010-01-12;34.2;34.2;32.5;33.5;3800;30.71;
2010-01-11;35;35;32.35;33.2;4600;30.44;
2010-01-08;34.35;34.75;34;34.4;11300;31.54;
2010-01-07;31.5;33.6;31.5;33.6;9200;30.8;
2010-01-06;30.6;32.55;30.6;32.05;2600;29.38;
2010-01-05;30.4;31.75;30.4;31.2;5400;28.6;
2010-01-04;29.55;30.75;29.5;30.25;2900;27.73;
2009-12-31;30.95;31.2;29.8;30.45;3400;27.92;
2009-12-30;30.55;30.7;29.6;29.75;7200;27.27;
2009-12-24;32.8;32.8;30.55;32.75;14400;30.02;
2009-12-23;31.2;31.25;31.2;31.25;4200;28.65;
2009-12-21;27.4;28.4;27.4;28.4;2800;26.04;
2009-12-18;27.25;27.4;27;27;3200;24.75;
2009-12-17;28.5;28.5;27.15;27.5;700;25.21;
2009-12-16;27.95;28.65;26.95;28.65;2300;26.26;
2009-12-15;27.55;28.2;27;27.75;2400;25.44;
2009-12-14;27.3;29;27.3;27.65;1100;25.35;
2009-12-11;28.35;29.4;28.05;28.05;1600;25.71;
2009-12-10;29.7;29.7;28.35;28.45;2100;26.08;
2009-12-09;29;30.15;28.4;28.4;4400;26.04;
2009-12-08;29.25;31.65;29.25;29.75;8500;27.27;
2009-12-07;33.8;33.9;30.75;30.75;17300;28.19;
2009-12-04;33.05;34.65;31.8;32;10100;29.34;
2009-12-03;36.7;36.7;33.4;33.45;29000;30.67;
2009-12-02;35.25;35.25;32.6;35.15;72100;32.22;
2009-11-30;31.5;32;30;32;15300;29.34;
2009-11-27;27.15;31.15;27;31.15;4800;28.56;
2009-11-26;27;28.7;27;28.3;3800;25.94;
2009-11-25;27.85;27.9;26.6;26.7;2300;24.48;
2009-11-24;25.4;26.1;24.6;25.75;4300;23.61;
2009-11-23;24.25;24.95;24.05;24.45;2200;22.41;
2009-11-20;22.55;23.75;22.1;23.75;1400;21.77;
2009-11-19;23.65;23.75;23.55;23.55;1600;21.59;
2009-11-18;24.25;24.4;23.55;24.4;800;22.37;
2009-11-17;24;25.15;22.7;24.4;7600;22.37;
2009-11-16;23.5;24.5;23;24.35;800;22.32;
2009-11-13;22.6;24.4;22.15;24.4;2800;22.37;
2009-11-12;23;23.45;22.55;23;1500;21.09;
2009-11-11;22.75;23.25;22.75;23.2;2000;21.27;
2009-11-10;22.6;23.15;22.55;22.55;2200;20.67;
2009-11-09;23.4;23.45;22.6;22.6;1200;20.72;
2009-11-06;22.15;22.25;21.3;21.3;2000;19.53;
2009-11-05;21.15;21.2;21.15;21.2;700;19.44;
2009-11-04;21.7;22.3;21.05;22;2600;20.17;
2009-11-03;22.35;22.35;21.4;21.8;1400;19.99;
2009-10-30;21.45;22.15;21.25;21.3;2300;19.53;
2009-10-29;21.4;21.45;21.1;21.1;2500;19.34;
2009-10-28;21.4;21.55;21.4;21.45;1800;19.66;
2009-10-27;21.15;21.2;20.05;20.05;4800;18.38;
2009-10-26;22.15;22.15;20.75;20.75;1100;19.02;
2009-10-23;20.5;21.85;20.5;21.1;3300;19.34;
2009-10-22;20.7;21.65;20.7;21.1;3100;19.34;
2009-10-21;20.15;21.75;20.15;21.75;4600;19.94;
2009-10-20;19.9;20.75;19.9;20.75;600;19.02;
2009-10-16;20.85;20.85;19.7;20.05;5700;18.38;
2009-10-15;19.8;20.35;19.8;20.15;2200;18.47;
2009-10-14;19.55;20.6;19.55;20.45;4300;18.75;
2009-10-12;20.7;20.7;19.15;19.95;6500;18.29;
2009-10-09;18.35;19.75;18.35;19.75;7100;18.11;
2009-10-08;18.9;18.9;18.85;18.85;500;17.28;
2009-10-07;18.55;19;18.55;18.8;700;17.23;
2009-10-05;19.5;19.95;19.25;19.25;900;17.65;
2009-10-01;19.15;19.75;19.15;19.75;700;18.11;
2009-09-30;19.45;20.6;19.45;19.75;2300;18.11;
2009-09-29;20.25;20.75;20;20;2800;18.34;
2009-09-25;20.85;21.45;20.75;21.05;1100;19.3;
2009-09-24;20;21.4;20;21.4;700;19.62;
2009-09-23;20.2;20.85;20.2;20.8;3800;19.07;
2009-09-22;19.8;20.2;19.4;19.9;3500;18.24;
2009-09-18;19.55;20.9;19.5;20.3;1400;18.61;
2009-09-17;20.15;21.5;20.1;20.3;2000;18.61;
2009-09-16;22.5;22.5;20.95;21.1;3500;19.34;
2009-09-15;22.3;22.5;21.7;21.7;7600;19.89;
2009-09-14;22;22.25;20.65;22.2;2900;20.35;
2009-09-11;22.35;22.35;20.55;21.75;3800;19.94;
2009-09-10;21.05;21.45;21.05;21.45;11900;19.66;
2009-09-09;18.85;20.45;18.8;20.45;9300;18.75;
2009-09-08;19.4;20;19.4;20;3400;18.34;
2009-09-07;20.1;20.1;19.25;19.4;6200;17.78;
2009-09-04;18.55;19.25;18.35;19.25;400;17.65;
2009-09-03;19;19.5;18.65;18.8;900;17.23;
2009-09-02;18.3;19.7;18.3;19.5;2200;17.88;
2009-09-01;20.2;20.2;19.05;19.1;4200;17.51;
2009-08-31;20.5;20.5;19;19.89;500;18.23;
2009-08-28;20.2;20.2;18.74;19.99;20100;18.33;
2009-08-27;20.95;20.95;19.1;20.49;2300;18.78;
2009-08-26;19.9;20.5;19.3;20;16500;18.34;
2009-08-25;20.4;20.49;19.02;20.35;900;18.66;
2009-08-24;20.49;20.49;19;19.96;10700;18.3;
2009-08-21;15.65;18.7;15.65;18.7;4500;17.14;
2009-08-20;17.19;17.2;16.25;17;15700;15.58;
2009-08-19;18;18;16.01;16.25;1100;14.9;
2009-08-18;17.84;17.84;16.7;17.29;1200;15.85;
2009-08-17;17.79;17.79;16.06;17.38;1600;15.93;
2009-08-14;17;17.7;16.64;16.69;1000;15.3;
2009-08-13;16.8;17.89;16.41;16.41;22000;15.04;
2009-08-12;16.49;17.57;15.61;16.75;3100;15.36;
2009-08-11;15.45;16.24;15;16.24;1800;14.89;
2009-08-10;15.7;16.45;14.26;15.36;1700;14.08;
2009-08-07;14.95;16.44;14.9;15.63;800;14.33;
2009-08-06;16.25;16.67;15;16.5;17500;15.13;
2009-08-05;15.35;16.15;14.25;16;33500;14.67;
2009-08-04;14.11;14.99;14.11;14.96;500;13.71;
2009-08-03;14.35;15.99;14.11;14.99;900;13.74;
2009-07-31;16.73;16.73;15;15;2300;13.75;
2009-07-30;15;16.7;14.62;15.9;600;14.58;
2009-07-29;15.49;16.17;15.49;16.17;1000;14.82;
2009-07-28;16.19;16.19;15.47;15.47;0;14.18;
2009-07-27;14.22;15.24;14.08;14.72;8200;13.49;
2009-07-24;15.44;15.98;14.25;15.64;3800;14.34;
2009-07-23;16.95;16.95;15.4;15.44;3500;14.15;
2009-07-22;17.69;17.69;15.3;17.1;900;15.68;
2009-07-21;17.07;17.07;14.56;16.89;200;15.48;
2009-07-20;17.38;17.38;14.35;16.88;400;15.47;
2009-07-17;15.8;15.8;14.15;15.8;600;14.48;
2009-07-16;15.64;15.68;15.59;15.68;15100;14.37;
2009-07-15;15.99;15.99;13.21;14.26;100;13.07;
2009-07-14;14.1;15.34;14.1;14.55;0;13.34;
2009-07-13;14.25;15.24;14.05;14.2;1200;13.02;
2009-07-10;15.89;15.94;14;14.05;500;12.88;
2009-07-09;14.58;15.77;14.25;14.25;1000;13.06;
2009-07-08;14.1;14.68;14.1;14.25;500;13.06;
2009-07-07;14.26;14.99;14.25;14.25;100;13.06;
2009-07-06;14.01;14.79;14.01;14.79;600;13.56;
2009-07-03;13.17;14.47;13.17;14.46;0;13.26;
2009-07-02;14.01;14.01;13.8;13.8;1000;12.65;
2009-06-30;14;14.85;14;14.11;100;12.94;
2009-06-26;14.01;14.28;14;14.28;1000;13.09;
2009-06-25;14.73;14.73;14;14;2000;12.83;
2009-06-24;14.43;14.49;14.43;14.49;11000;13.28;
2009-06-23;14.01;14.01;14;14;1500;12.83;
2009-06-18;14.87;14.9;13.66;14;3500;12.83;
2009-06-17;13.86;14.75;13.85;14.25;800;13.06;
2009-06-16;14.07;15.1;14;15.05;1200;13.8;
2009-06-15;14.65;14.69;14.02;14.69;13700;13.47;
2009-06-12;13.8;14.45;13.8;14;5400;12.83;
2009-06-11;14.03;14.89;13.8;13.8;1600;12.65;
2009-06-10;14.45;14.47;14.45;14.47;5100;13.27;
2009-06-09;15;15;13.72;13.72;1600;12.58;
2009-06-08;14.46;14.46;14.4;14.4;500;13.2;
2009-06-05;14.9;14.9;14.12;14.2;2300;13.02;
2009-06-04;15.05;15.05;14.41;14.41;8000;13.21;
2009-06-03;14;14.74;14;14.4;4500;13.2;
2009-06-02;14.25;14.5;14.11;14.5;600;13.29;
2009-06-01;14.25;14.85;14;14.75;4600;13.52;
2009-05-29;13.6;14.5;13.6;14.5;4000;13.29;
2009-05-28;14.3;14.3;14.25;14.25;500;13.06;
2009-05-27;14.95;14.95;14;14.9;2000;13.66;
2009-05-26;13.06;14.35;13.06;14;1900;12.83;
2009-05-25;14.67;14.67;13.3;13.39;3000;12.28;
2009-05-22;13.54;14.05;13.54;13.98;1000;12.82;
2009-05-21;13.3;13.7;12.78;13.55;1500;12.42;
2009-05-20;12.45;13.35;12.4;13.35;1600;12.24;
2009-05-19;14.1;14.1;13;13;0;11.92;
2009-05-15;13.5;13.5;13;13.5;3000;12.38;
2009-05-14;12.54;13.19;12.54;13.19;0;12.09;
2009-05-13;12.41;13.25;12.41;13.19;3400;12.09;
2009-05-12;12.8;13.26;12.8;13.06;7300;11.97;
2009-05-11;13.5;13.51;13.47;13.47;2500;12.35;
2009-05-08;14.79;15.55;14.15;15.55;900;14.26;
2009-05-07;14.8;14.85;14.8;14.84;0;13.6;
2009-05-06;15.3;15.3;14.15;14.15;0;12.97;
2009-05-05;15.5;15.5;14.89;14.89;0;13.65;
2009-04-29;14.9;14.9;14.9;14.9;0;13.66;
2009-04-28;14.84;14.84;14.8;14.8;0;13.57;
2009-04-27;14.79;14.79;13.39;14.14;200;12.96;
2009-04-24;14.28;14.28;14.09;14.09;0;12.92;
2009-04-23;15.03;15.03;13.61;13.61;1500;12.48;
2009-04-22;14.39;14.39;13.25;14.3;200;13.11;
2009-04-21;13.99;13.99;13.9;13.9;0;12.74;
2009-04-20;14.4;14.4;14.4;14.4;0;13.2;
2009-04-17;13.2;14.1;13.16;13.88;600;12.72;
2009-04-16;13.1;13.99;13.1;13.79;0;12.64;
2009-04-15;13.22;13.75;13.22;13.75;200;12.61;
2009-04-13;13.13;13.13;12.45;13.1;1200;12.01;
2009-04-09;13.68;13.68;12.5;12.51;200;11.47;
2009-04-08;13.99;14;13;13;5300;11.92;
2009-04-06;12.75;13.5;12.75;13.5;200;12.38;
2009-04-02;14;14;13.4;13.4;300;12.28;
2009-04-01;13.36;13.99;13.31;13.99;1100;12.83;
2009-03-31;13.15;14.45;13.15;14;800;12.83;
2009-03-30;14;14;13.8;13.8;500;12.65;
2009-03-27;15.15;15.15;14.5;14.5;200;13.29;
2009-03-26;14.5;14.5;14.5;14.5;100;13.29;
2009-03-25;14.2;15.55;14.2;15.3;0;14.03;
2009-03-24;14.2;14.9;14.2;14.9;300;13.66;
2009-03-23;14.2;14.2;14.2;14.2;0;13.02;
2009-03-20;13.8;13.8;12.55;13.65;0;12.51;
2009-03-19;13.2;14.45;13.2;13.2;0;12.1;
2009-03-18;13.9;13.9;13.85;13.85;0;12.7;
2009-03-17;14.55;14.55;13.3;13.3;0;12.19;
2009-03-16;13.95;13.95;13.95;13.95;0;12.79;
2009-03-13;13.4;13.4;13.4;13.4;0;12.28;
2009-03-09;13.1;13.1;11.9;13.1;100;12.01;
2009-03-06;13.6;13.6;12.5;12.5;0;11.46;
2009-03-05;14.3;14.3;13;13;0;11.92;
2009-03-04;15;15;13.65;13.65;0;12.51;
2009-03-03;14.35;14.35;14.35;14.35;0;13.16;
2009-02-27;13.78;15.1;13.78;15.1;1800;13.84;
2009-02-25;15.25;15.25;14.5;14.5;0;13.29;
2009-02-20;14.65;14.65;14.57;14.57;0;13.36;
2009-02-19;14.21;14.21;13.97;13.98;0;12.82;
2009-02-18;13.75;14.21;13.73;14.2;0;13.02;
2009-02-17;13.54;13.54;13.54;13.54;0;12.41;
2009-02-16;15.7;15.7;14.25;14.25;800;13.06;
2009-02-13;14.25;15.4;14.25;14.99;1600;13.74;
2009-02-12;14.21;14.96;14.21;14.96;1600;13.71;
2009-02-11;14.95;14.95;14.95;14.95;0;13.71;
2009-02-10;14.39;14.39;14.38;14.38;0;13.18;
2009-02-09;15.1;15.1;13.73;13.73;0;12.59;
2009-02-06;14.45;14.45;14.45;14.45;0;13.25;
2009-02-05;14.14;14.15;12.82;14;0;12.83;
2009-02-04;13;13.53;12.84;13.5;100;12.38;
2009-02-02;13.5;13.5;13.5;13.5;0;12.38;
2009-01-30;13.07;13.24;13.07;13.24;0;12.14;
2009-01-29;13.75;13.75;13.75;13.75;0;12.61;
2009-01-28;14.4;14.4;14.4;14.4;0;13.2;
2009-01-27;15.15;15.15;15.15;15.15;0;13.89;
2009-01-19;14.45;14.45;14.45;14.45;0;13.25;
2009-01-13;13.88;13.88;13.87;13.87;0;12.72;
2009-01-09;14.74;14.74;13.66;14;0;12.83;
2009-01-02;14.37;14.37;13.34;13.96;0;12.8;
2009-01-01;14.27;14.27;14.04;14.04;0;12.87;
2008-12-31;14.48;14.48;14.19;14.19;100;13.01;
2008-12-24;13.98;13.98;13.8;13.8;0;12.65;
2008-12-23;13.47;13.47;13.33;13.33;100;12.22;
2008-12-22;13.37;13.37;12.24;13.35;0;12.24;
2008-12-19;11.71;12.88;11.7;12.88;300;11.81;
2008-12-18;12.32;12.32;11.22;12.31;100;11.29;
2008-12-17;11.77;11.77;10.7;11.74;1000;10.76;
2008-12-16;11.21;11.21;11.21;11.21;0;10.28;
2008-12-15;10.68;10.68;10.68;10.68;0;9.79;
2008-12-12;9.26;10.18;9.25;10.18;200;9.33;
2008-12-08;9.22;10.13;9.22;9.22;0;8.45;
2008-12-05;9.63;10.62;9.63;9.65;2200;8.85;
2008-11-28;10.13;10.13;10.13;10.13;0;9.29;
2008-11-24;10.67;10.67;10.65;10.65;1200;9.76;
2008-11-21;11.19;11.21;11.19;11.2;400;10.27;
2008-11-20;11.77;11.77;11.77;11.77;0;10.79;
2008-11-19;11.26;11.26;11.21;11.21;300;10.28;
2008-11-18;11.74;12.95;11.74;11.76;200;10.78;
2008-11-17;13.48;13.48;12.35;12.35;0;11.32;
2008-11-14;11.9;12.99;11.78;12.99;1000;11.91;
2008-11-12;12.79;12.79;11.67;11.67;0;10.7;
2008-11-07;13.4;13.4;12.19;12.2;200;11.18;
2008-11-06;12.83;12.83;12.83;12.83;100;11.76;
2008-11-05;13.53;13.53;13.5;13.5;0;12.38;
2008-11-04;12.94;12.95;12.94;12.95;0;11.87;
2008-11-03;12.35;12.35;12.34;12.34;100;11.31;
2008-10-28;12.97;13;12.97;13;0;11.92;
2008-10-23;13.7;13.7;13.65;13.65;200;12.51;
2008-10-22;13.5;14;13.5;14;0;12.83;
2008-10-21;14.23;14.24;14.19;14.2;0;13.02;
2008-10-20;13.68;13.68;13.64;13.64;0;12.5;
2008-10-17;13.08;13.08;13.08;13.08;0;11.99;
2008-10-16;11.41;12.5;11.41;12.5;200;11.46;
2008-10-15;12.87;12.87;12;12;0;11;
2008-10-14;11.15;12.27;11.15;12.27;0;11.25;
2008-10-13;11.7;11.7;11.7;11.7;100;10.73;
2008-10-10;11.36;12;11.36;12;1900;11;
2008-10-08;13.13;13.13;11.95;11.95;400;10.96;
2008-10-07;12.58;12.58;12.56;12.56;400;11.51;
2008-10-03;14;14.5;13.18;14.5;0;13.29;
2008-10-01;15.17;15.18;13.87;13.87;1000;12.72;
2008-09-30;13.28;14.59;13.28;14.59;300;13.38;
2008-09-29;15;15;13.97;13.97;600;12.81;
2008-09-26;14.7;14.7;14.64;14.7;5900;13.48;
2008-09-25;14.39;14.4;14;14;0;12.83;
2008-09-24;14.3;14.3;14.3;14.3;300;13.11;
2008-09-23;12.35;13.62;12.34;13.62;1500;12.49;
2008-09-22;12.98;12.98;12.98;12.98;0;11.9;
2008-09-19;12.35;12.37;12.35;12.37;500;11.34;
2008-09-18;11.81;11.81;11.79;11.79;600;10.81;
2008-09-17;12.41;13.68;12.4;12.4;1000;11.37;
2008-09-16;12.6;13.05;12.6;13.05;500;11.96;
2008-09-15;12.02;13.18;11.99;13.18;1400;12.08;
2008-09-12;13.72;13.72;12.62;12.62;600;11.57;
2008-09-11;13.94;13.94;13.07;13.07;100;11.98;
2008-09-10;13.75;13.75;13.75;13.75;0;12.61;
2008-09-08;13.28;13.28;13.28;13.28;100;12.17;
2008-09-05;12.5;12.66;11.49;12.66;500;11.61;
2008-09-04;13.31;13.32;12.06;12.07;300;11.07;
2008-09-02;12.69;12.69;12.69;12.69;0;11.63;
2008-09-01;12.1;12.1;12.1;12.1;0;11.09;
2008-08-29;12.48;12.48;11.55;11.55;0;10.59;
2008-08-28;11.9;11.9;11.9;11.9;200;10.91;
2008-08-21;12.51;12.51;12.5;12.5;700;11.46;
2008-08-20;13.15;14.2;13.1;13.1;100;12.01;
2008-08-19;14.6;14.6;13.73;13.73;300;12.59;
2008-08-13;14.45;14.45;14.45;14.45;0;13.25;
2008-08-11;14.9;15.05;13.65;13.65;1000;12.51;
2008-08-07;15;15;14.94;14.94;1600;13.7;
2008-08-06;15.74;15.79;15.01;15.01;4400;13.76;
2008-08-05;14;15.04;14;15.04;2400;13.79;
2008-08-04;14;14.33;13.95;14.33;5200;13.14;
2008-08-01;13.7;13.7;13.65;13.65;0;12.51;
2008-07-31;12.25;13.1;12.25;13.1;1200;12.01;
2008-07-30;13.35;13.4;12.5;12.5;1400;11.46;
2008-07-29;13.55;13.55;12.75;12.8;400;11.73;
2008-07-28;14;14;12.75;13.9;500;12.74;
2008-07-25;13.4;13.4;13.4;13.4;0;12.28;
2008-07-23;12.2;12.8;12.2;12.8;200;11.73;
2008-07-21;13.4;13.4;12.2;12.2;1000;11.18;
2008-07-18;12.85;12.9;12.8;12.8;600;11.73;
2008-07-17;14;14;13.45;13.45;300;12.33;
2008-07-16;14.2;15.55;14.15;14.15;700;12.97;
2008-07-15;14.85;14.85;14.85;14.85;0;13.61;
2008-07-14;14.3;15.6;14.3;15.6;0;14.3;
2008-07-11;16.35;16.35;15.05;15.05;200;13.8;
2008-07-10;16.75;16.75;15.7;15.7;900;14.39;
2008-07-09;16.5;16.5;16.5;16.5;100;15.13;
2008-07-08;15.75;15.8;15.75;15.8;0;14.48;
2008-07-07;15.25;15.25;15.25;15.25;0;13.98;
2008-07-04;16.75;16.75;15.25;15.25;25000;13.98;
2008-07-03;16.25;16.25;14.75;16;0;14.67;
2008-07-02;17.1;17.1;15.5;15.5;200;14.21;
2008-07-01;15.4;16.3;15.05;16.3;300;14.94;
2008-06-30;14.35;15.8;14.3;15.8;200;14.48;
2008-06-27;15.05;15.05;15.05;15.05;0;13.8;
2008-06-25;13.35;14.6;13.35;14.6;100;13.38;
2008-06-24;14;14;14;14;0;12.83;
2008-06-23;16.15;16.15;14.65;14.65;0;13.43;
2008-06-20;15.4;15.4;15.4;15.4;0;14.12;
2008-06-19;14.85;14.85;14.85;14.85;0;13.61;
2008-06-17;14.15;14.15;14.15;14.15;0;12.97;
2008-06-16;14.05;14.05;13.5;13.5;200;12.38;
2008-06-13;14.15;14.2;14.15;14.2;0;13.02;
2008-06-12;13.55;13.55;13.55;13.55;0;12.42;
2008-06-11;14;14.25;12.95;12.95;200;11.87;
2008-06-09;13.6;13.6;13.6;13.6;100;12.47;
2008-06-06;15.75;15.75;14.3;14.3;200;13.11;
2008-06-04;16.45;16.45;15;15;0;13.75;
2008-06-03;15.9;15.9;15.75;15.75;100;14.44;
2008-06-02;16.7;16.7;16.55;16.55;0;15.17;
2008-05-27;15.97;15.97;15.97;15.97;0;14.64;
2008-05-26;15.21;15.21;15.21;15.21;0;13.94;
2008-05-23;14.5;14.5;14.5;14.5;200;13.29;
2008-05-22;16;16;15.2;15.2;800;13.93;
2008-05-21;15.7;15.75;14.27;15.52;2800;14.23;
2008-05-20;15.5;15.5;15.02;15.02;300;13.77;
2008-05-16;15.25;15.25;15.25;15.25;0;13.98;
2008-05-15;15;15;14.7;14.7;1400;13.48;
2008-05-14;15.47;15.47;15.47;15.47;100;14.18;
2008-05-13;14.83;15.84;14.82;14.82;1000;13.59;
2008-05-12;17.09;17.09;15.59;15.59;1300;14.29;
2008-05-09;15.6;16.81;15.6;16.4;700;15.03;
2008-05-08;16.69;16.69;15.27;16.4;900;15.03;
2008-05-07;14.6;16;14.56;16;200;14.67;
2008-05-06;15.28;15.29;15.28;15.29;700;14.02;
2008-05-05;14.46;14.58;14.46;14.57;800;13.36;
2008-05-02;14.5;15.22;14.5;15.22;1500;13.95;
2008-04-30;15.34;15.38;14.5;14.5;1500;13.29;
2008-04-29;14.65;14.65;14.65;14.65;500;13.43;
2008-04-28;14.55;14.55;13.96;13.96;200;12.8;
2008-04-24;13.7;13.9;13.7;13.85;400;12.7;
2008-04-23;13.77;13.77;12.7;13.76;700;12.61;
2008-04-22;13.8;13.8;13.12;13.12;500;12.03;
2008-04-17;13.5;13.8;12.55;13.8;1300;12.65;
2008-04-16;13.19;13.19;13.18;13.18;300;12.08;
2008-04-11;14.5;14.5;13.87;13.87;1400;12.72;
2008-04-10;16.11;16.11;14.59;14.59;0;13.38;
2008-04-09;14.75;15.35;14.5;15.35;1100;14.07;
2008-04-08;13.91;15.28;13.9;15.24;400;13.97;
2008-04-07;14.58;14.58;14.58;14.58;0;13.37;
2008-04-03;14;14;12.8;13.9;500;12.74;
2008-04-02;13.37;13.37;13.37;13.37;200;12.26;
2008-03-31;14.05;14.05;12.75;14.05;300;12.88;
2008-03-28;13;13.4;12.9;13.4;400;12.28;
2008-03-27;13.55;13.55;13.55;13.55;0;12.42;
2008-03-26;12.95;13;12.95;12.95;200;11.87;
2008-03-25;14.3;14.3;13.6;13.6;3100;12.47;
2008-03-18;14.3;14.3;14.3;14.3;0;13.11;
2008-03-13;15;15;15;15;500;13.75;
2008-03-12;14.5;14.5;14.5;14.5;0;13.29;
2008-03-11;14.75;14.75;14.75;14.75;200;13.52;
2008-03-10;14.75;14.75;14.75;14.75;0;13.52;
2008-03-07;14.8;14.8;14.15;14.15;0;12.97;
2008-03-05;14.15;14.15;14.15;14.15;1100;12.97;
2008-03-04;15.45;15.45;14.35;14.85;800;13.61;
2008-03-03;15;15;15;15;1100;13.75;
2008-02-29;15.55;15.55;15.55;15.55;0;14.26;
2008-02-28;14.25;15.1;14.2;15.1;5700;13.84;
2008-02-27;14.8;14.8;14.75;14.75;100;13.52;
2008-02-26;14.1;15.4;14;14.6;4000;13.38;
2008-02-25;16;16.2;14.7;14.7;600;13.48;
2008-02-22;15.45;16.95;15.45;15.45;600;14.16;
2008-02-21;16.25;16.25;16.25;16.25;200;14.9;
2008-02-20;17.1;17.1;17.1;17.1;0;15.68;
2008-02-19;17.85;17.95;17.85;17.95;700;16.46;
2008-02-18;18.8;18.8;17.4;17.4;300;15.95;
2008-02-15;19;19;18;18.3;100;16.78;
2008-02-14;18.9;18.9;17.4;18.9;0;17.33;
2008-02-13;19;19;18.25;18.25;1000;16.73;
2008-02-12;18.1;19.45;18.1;19.2;200;17.6;
2008-02-11;19.4;19.4;19;19;0;17.42;
2008-02-08;18.5;18.5;18.5;18.5;100;16.96;
2008-02-07;19.7;19.7;18.5;18.5;500;16.96;
2008-02-06;18.75;18.8;18.75;18.8;1100;17.23;
2008-02-05;18.65;18.65;18.6;18.6;0;17.05;
2008-02-04;18.4;18.4;18.4;18.4;0;16.87;
2008-02-01;18.5;18.5;17.95;18;0;16.5;
2008-01-31;18.7;18.7;17.7;17.7;0;16.23;
2008-01-30;17;17.85;17;17.85;300;16.36;
2008-01-29;17.25;17.65;17;17;3100;15.58;
2008-01-28;16.7;17.9;16.65;17.85;100;16.36;
2008-01-25;17.5;17.5;17.5;17.5;0;16.04;
2008-01-24;17.2;18.85;17.2;18.1;0;16.59;
2008-01-23;18.1;18.1;18.1;18.1;2500;16.59;
2008-01-21;19;19;19;19;200;17.42;
2008-01-18;19.9;19.95;18.1;18.1;3100;16.59;
2008-01-17;20.45;20.45;18.65;19;500;17.42;
2008-01-16;20.5;21.15;19.5;19.5;5700;17.88;
2008-01-15;21.9;21.9;20.5;20.5;2300;18.79;
2008-01-14;21;21.55;20.5;21.55;1600;19.76;
2008-01-11;21.2;21.5;20.55;21.5;3800;19.71;
2008-01-10;21.6;23.7;21.6;21.6;7400;19.8;
2008-01-09;23.35;23.35;21.15;22.8;14700;20.9;
2008-01-08;23.95;23.95;21.75;23.1;21000;21.18;
2008-01-07;22.85;22.85;22.85;22.85;4400;20.95;
2008-01-04;21.8;21.8;21.8;21.8;6000;19.99;
2008-01-03;20.8;20.8;20.8;20.8;3300;19.07;
2008-01-02;19.85;19.85;19.85;19.85;6200;18.2;
2008-01-01;18.95;18.95;18.95;18.95;4600;17.37;
2007-12-31;18.06;18.06;18.06;18.06;900;16.56;
2007-12-28;17.2;17.2;17.2;17.2;200;15.77;
2007-12-27;16.39;16.39;16.39;16.39;2400;15.03;
2007-12-26;15.35;16.63;15.35;15.61;1700;14.31;
2007-12-24;16;16.31;15;15.95;1500;14.62;
2007-12-20;16;16.65;15.55;16;4200;14.67;
2007-12-19;16.44;16.62;15.9;15.9;2400;14.58;
2007-12-18;17.15;17.15;15.82;15.83;6100;14.51;
2007-12-17;16.9;17.23;15.7;16.95;7800;15.54;
2007-12-14;15.01;16.41;15.01;16.41;8100;15.04;
2007-12-13;15.63;15.63;15;15.63;7300;14.33;
2007-12-12;14.89;14.89;14.89;14.89;2100;13.65;
2007-12-11;14.19;14.19;14.19;14.19;1500;13.01;
2007-12-10;13.52;13.52;13.52;13.52;4700;12.39;
2007-12-07;12.88;12.88;12.82;12.88;6300;11.81;
2007-12-06;12.27;12.27;12.27;12.27;1600;11.25;
2007-12-05;11.69;11.69;11.69;11.69;1300;10.72;
2007-12-04;11.14;11.14;11.14;11.14;1600;10.21;
2007-12-03;10.61;10.61;10.61;10.61;2000;9.73;
2007-11-29;10.11;10.11;10.11;10.11;700;9.27;
2007-11-28;10.83;10.83;10.22;10.41;2800;9.54;
2007-11-27;10.13;11.16;10.13;10.32;1400;9.46;
2007-11-26;10.63;10.63;10.63;10.63;800;9.75;
2007-11-23;9.96;11;9.96;10.13;500;9.29;
2007-11-22;10.48;10.48;10.48;10.48;600;9.61;
2007-11-21;11.66;11.66;10.75;11;1600;10.08;
2007-11-20;11.1;11.11;11.1;11.11;5900;10.19;
2007-11-19;10.58;10.59;10.58;10.59;500;9.71;
2007-11-15;11;11.15;10.09;10.09;2500;9.25;
2007-11-14;10.62;10.62;9.83;10.62;1000;9.74;
2007-11-13;10.12;10.12;10.12;10.12;0;9.28;
2007-11-12;10.65;10.65;10.65;10.65;0;9.76;
2007-11-08;9.99;10.2;9.99;10.2;700;9.35;
2007-11-07;9.75;9.95;9.7;9.72;500;8.91;
2007-11-06;10.09;10.09;10.09;10.09;100;9.25;
2007-11-05;10.09;10.09;10.09;10.09;700;9.25;
2007-11-02;9.65;10.45;9.55;9.61;700;8.81;
2007-11-01;10;10;10;10;100;9.17;
2007-10-31;9.88;10.5;9.88;10.5;0;9.63;
2007-10-30;9.62;10.39;9.62;10.39;100;9.53;
2007-10-29;9.77;10.26;9.77;10;200;9.17;
2007-10-26;9.74;10.72;9.74;9.78;200;8.97;
2007-10-25;10.21;10.98;10.21;10.21;200;9.36;
2007-10-24;10.74;10.74;10.74;10.74;900;9.85;
2007-10-23;11.46;11.46;10.43;11.3;0;10.36;
2007-10-22;10.97;10.97;10.97;10.97;0;10.06;
2007-10-18;9.83;10.58;9.82;10.58;1300;9.7;
2007-10-17;10.08;10.82;10.08;10.82;1600;9.92;
2007-10-16;9.76;10.6;9.75;10.6;600;9.72;
2007-10-15;10.03;10.17;10.03;10.17;900;9.32;
2007-10-12;10.5;10.5;10.5;10.5;700;9.63;
2007-10-11;9.82;10;9.82;10;200;9.17;
2007-10-10;10.29;10.29;10.29;10.29;100;9.43;
2007-10-09;9.81;10.83;9.81;10.83;500;9.93;
2007-10-08;10.32;10.32;10.32;10.32;200;9.46;
2007-10-05;10.83;10.86;10.83;10.86;1000;9.96;
2007-10-04;10.25;10.37;9.74;10.37;1100;9.51;
2007-10-03;9.88;10;9.83;9.89;500;9.07;
2007-09-28;10.5;10.95;10.27;10.27;6400;9.42;
2007-09-27;10;10.79;10;10.79;1500;9.89;
2007-09-26;10.45;10.45;10.45;10.45;100;9.58;
2007-09-25;9.64;10.39;9.64;10.01;500;9.18;
2007-09-24;10.48;10.48;9.9;9.9;400;9.08;
2007-09-21;10.01;10.5;9.94;10;3500;9.17;
2007-09-20;9.8;10.77;9.8;10.06;2200;9.22;
2007-09-19;10.51;10.51;10.21;10.26;1500;9.41;
2007-09-18;10.5;10.5;10.26;10.26;100;9.41;
2007-09-17;10.04;10.81;10.04;10.19;900;9.34;
2007-09-14;9.5;10.3;9.5;10.3;900;9.44;
2007-09-13;9.86;9.86;9.86;9.86;100;9.04;
2007-09-12;11.02;11.02;10.22;10.22;1700;9.37;
2007-09-11;11;11;10.5;10.5;1500;9.63;
2007-09-10;10.89;10.94;10.89;10.93;1100;10.02;
2007-09-07;10.51;10.51;10.49;10.51;1000;9.64;
2007-09-06;10;10.01;10;10.01;500;9.18;
2007-09-05;9.7;10;9.7;10;400;9.17;
2007-09-04;10.9;10.9;10.09;10.09;700;9.25;
2007-09-03;10;10.59;9.63;10.59;600;9.71;
2007-08-31;11.02;11.03;10.12;10.12;500;9.28;
2007-08-30;9.7;10.54;9.7;10.54;500;9.66;
2007-08-29;10.03;10.05;10.03;10.05;400;9.21;
2007-08-28;11.55;11.55;10.55;10.55;1100;9.67;
2007-08-27;11.8;11.8;11.1;11.1;200;10.18;
2007-08-24;11.7;11.7;11.3;11.3;0;10.36;
2007-08-23;11.19;11.19;11.19;11.19;1000;10.26;
2007-08-22;12.17;12.17;11.03;11.77;1000;10.79;
2007-08-21;12.36;12.36;11.21;11.6;2000;10.63;
2007-08-20;11.99;11.99;11.79;11.79;0;10.81;
2007-08-17;11.8;11.8;10.71;11.5;100;10.54;
2007-08-16;11.27;11.27;11.27;11.27;0;10.33;
2007-08-14;10.75;10.75;10.75;10.75;0;9.86;
2007-08-13;10.5;10.5;10.5;10.5;800;9.63;
2007-08-10;10.81;10.81;9.79;10.75;2700;9.86;
2007-08-09;10.75;10.75;10.04;10.3;3200;9.44;
2007-08-08;10.25;10.25;10.25;10.25;2000;9.4;
2007-08-07;10.75;10.75;10.75;10.75;100;9.86;
2007-08-02;10.93;10.93;10.93;10.93;0;10.02;
2007-07-31;9.47;10.44;9.46;10.44;600;9.57;
2007-07-24;9.95;9.95;9.95;9.95;200;9.12;
2007-07-23;9.55;10.45;9.55;10.45;200;9.58;
2007-07-20;9.45;10.37;9.45;10;1000;9.17;
2007-07-17;9.11;9.9;9.11;9.9;300;9.08;
2007-07-16;9.51;9.52;9.51;9.51;400;8.72;
2007-07-13;10.25;10.25;9.8;10;1400;9.17;
2007-07-12;10.49;10.64;10.21;10.64;3700;9.75;
2007-07-11;10.15;10.15;10.15;10.15;900;9.31;
2007-07-10;10.65;10.65;10.65;10.65;0;9.76;
2007-07-09;11.19;11.2;11.19;11.2;1500;10.27;
2007-07-06;11.5;11.5;10.7;10.7;1300;9.81;
2007-07-05;11.34;11.34;11.2;11.2;100;10.27;
2007-07-04;10.8;10.8;10.8;10.8;100;9.9;
2007-07-03;10.8;10.8;10.8;10.8;400;9.9;
2007-07-02;10.86;10.86;10.86;10.86;0;9.96;
2007-06-29;9.38;10.36;9.38;10.36;1200;9.5;
2007-06-28;10.89;10.89;9.87;9.87;300;9.05;
2007-06-22;9.4;10.38;9.4;10.38;2200;9.52;
2007-06-21;9.89;9.89;9.89;9.89;400;9.07;
2007-06-20;9.7;10.4;9.7;10.4;800;9.53;
2007-06-19;10.2;10.24;9.28;10.19;1700;9.34;
2007-06-14;9.76;9.76;9.76;9.76;0;8.95;
2007-06-13;9.76;9.76;9.3;9.3;200;8.53;
2007-06-04;8.87;9.78;8.87;9.78;400;8.97;
2007-05-31;9.33;9.33;9.33;9.33;200;8.55;
2007-05-25;9.72;9.78;9.72;9.77;200;8.96;
2007-05-24;10.23;10.23;10.23;10.23;500;9.38;
2007-05-23;9.84;10.79;9.83;10.76;2900;9.86;
2007-05-22;10.35;10.35;10.34;10.34;500;9.48;
2007-05-21;10.88;10.88;10.88;10.88;100;9.97;
2007-05-16;11.45;11.45;11.45;11.45;0;10.5;
2007-05-09;11.45;11.45;11.45;11.45;1000;10.5;
2007-05-08;9.89;10.93;9.89;10.91;500;10;
2007-05-07;10.5;10.5;10.41;10.41;500;9.54;
2007-05-04;9.99;10.94;9.98;10.94;500;10.03;
2007-05-03;10.5;10.5;10.5;10.5;200;9.63;
2007-04-30;10.19;11.25;10.19;10.19;2400;9.34;
2007-04-27;10;10.72;10;10.72;1000;9.83;
2007-04-25;10.5;10.5;10.22;10.22;800;9.37;
2007-04-24;10.76;10.76;10.75;10.75;100;9.86;
2007-04-20;11.27;11.3;10.26;11.27;1000;10.33;
2007-04-19;10.82;10.82;10;10.78;1500;9.88;
2007-04-18;9.42;10.31;9.42;10.31;200;9.45;
2007-04-17;9.82;9.82;9.82;9.82;2900;9;
2007-04-16;9.36;9.36;9.36;9.36;100;8.58;
2007-04-13;9.76;9.76;9.76;9.76;100;8.95;
2007-04-12;10;10;10;10;100;9.17;
2007-04-11;11.49;11.49;10.5;10.5;300;9.63;
2007-04-10;11.01;11.02;11.01;11.02;1200;10.1;
2007-04-09;10.5;10.5;10.5;10.5;200;9.63;
2007-04-05;9.08;10.01;9.08;10.01;1900;9.18;
2007-04-04;9.55;9.55;9.55;9.55;500;8.75;
2007-04-02;9.11;9.11;9.11;9.11;0;8.35;
2007-03-29;9.56;9.58;9.56;9.58;800;8.78;
2007-03-28;10.06;10.06;10.06;10.06;200;9.22;
2007-03-26;10.58;10.58;10.58;10.58;200;9.7;
2007-03-23;11.13;11.13;11.13;11.13;100;10.2;
2007-03-20;11.35;11.71;10.68;11.71;1500;10.74;
2007-03-19;11.16;11.16;11.16;11.16;600;10.23;
2007-03-07;10.64;11.74;10.64;11.74;400;10.76;
2007-03-06;10.25;11.2;10.25;11.2;1000;10.27;
2007-03-05;10.67;10.67;10.67;10.67;200;9.78;
2007-03-02;11.23;11.23;11.23;11.23;200;10.3;
2007-03-01;10.7;10.7;10.7;10.7;0;9.81;
2007-02-28;11.2;11.2;11.2;11.2;800;10.27;
2007-02-21;10.76;11.78;10.7;11.78;600;10.8;
2007-02-15;12.35;12.35;11.23;11.23;1600;10.3;
2007-02-14;11.81;11.81;11.79;11.79;400;10.81;
2007-02-09;12.4;12.4;12.4;12.4;700;11.37;
2007-02-08;11.26;12.35;11.26;12.35;700;11.32;
2007-02-07;11.77;11.77;11.76;11.77;200;10.79;
2007-02-06;12.6;13;12.36;12.36;400;11.33;
2007-02-05;13;13;12.66;13;700;11.92;
2007-02-02;13.07;13.07;13.07;13.07;500;11.98;
2007-02-01;11.8;12.45;11.8;12.45;800;11.41;
2007-01-29;11.9;11.9;11.55;11.55;300;10.59;
2007-01-25;11.65;11.65;11.65;11.65;400;10.68;
2007-01-23;12.07;12.07;11.05;11.1;200;10.18;
2007-01-22;11.5;11.5;11.5;11.5;100;10.54;
2007-01-17;11.8;12.05;11.8;12;1000;11;
2007-01-16;12.36;12.36;12.36;12.36;400;11.33;
2007-01-15;12.56;13;12.56;13;600;11.92;
2007-01-12;12.5;12.5;12.5;12.5;1100;11.46;
2007-01-11;13.95;13.95;13;13.59;4000;12.46;
2007-01-10;13.6;13.6;13.6;13.6;1500;12.47;
2007-01-09;14.29;14.29;13.03;13.03;500;11.95;
2007-01-08;13;13.71;13;13.71;400;12.57;
2007-01-05;12;13.11;12;13.11;2400;12.02;
2007-01-04;12;12.49;12;12.49;1600;11.45;
2007-01-03;11.9;11.9;11.89;11.9;500;10.91;
2007-01-02;10.31;11.34;10.31;11.34;300;10.4;
2006-12-29;11;11.78;10.81;10.81;1400;9.91;
2006-12-28;11.22;11.22;11.22;11.22;200;10.29;
2006-12-27;10;10.69;10;10.69;400;9.8;
2006-12-26;10.78;10.78;9.8;9.8;500;8.98;
2006-12-22;10.29;10.29;10.27;10.27;2000;9.42;
2006-12-21;10.8;10.8;10.8;10.8;1300;9.9;
2006-12-20;10.29;10.29;10.27;10.29;400;9.43;
2006-12-14;9.58;10.58;9.58;9.8;1300;8.98;
2006-12-13;10.08;10.08;10.08;10.08;200;9.24;
2006-12-12;9.67;10.6;9.67;10.6;300;9.72;
2006-12-11;10.1;10.1;10.1;10.1;500;9.26;
2006-12-08;9.32;9.63;9.32;9.62;500;8.82;
2006-12-07;9.82;9.82;9.81;9.81;400;8.99;
2006-12-06;10.25;10.98;10.25;10.31;3500;9.45;
2006-12-05;11.25;11.25;10.65;10.65;2100;9.76;
2006-12-04;11.2;11.2;11.2;11.2;100;10.27;
2006-12-01;9.68;10.67;9.68;10.67;200;9.78;
2006-11-30;10.17;10.17;10.17;10.17;700;9.32;
2006-11-28;10.61;10.62;10.61;10.62;1300;9.74;
2006-11-27;11.5;11.5;11.16;11.16;700;10.23;
2006-11-24;10.6;11.7;10.6;11.69;900;10.72;
2006-11-23;11.15;11.15;11.15;11.15;600;10.22;
2006-11-22;11.67;11.67;10.61;10.62;1700;9.74;
2006-11-21;12;12;11.12;11.12;1700;10.19;
2006-11-20;11.57;11.57;11.57;11.57;800;10.61;
2006-11-17;11.71;11.71;11.02;11.02;400;10.1;
2006-11-16;10.11;11.16;10.11;11.16;600;10.23;
2006-11-15;10.63;10.63;10.63;10.63;100;9.75;
2006-11-14;11.55;11.55;11.17;11.17;700;10.24;
2006-11-13;11.75;11.75;11.75;11.75;400;10.77;
2006-11-10;11.8;11.8;11.8;11.8;0;10.82;
2006-11-07;10.67;11.79;10.67;11.79;2500;10.81;
2006-11-06;11.23;11.23;11.23;11.23;500;10.3;
2006-11-03;10.7;10.7;10.7;10.7;0;9.81;
2006-11-02;10.21;10.21;10.21;10.21;200;9.36;
2006-11-01;9.73;9.73;9.73;9.73;100;8.92;
2006-10-31;10.24;10.24;10.22;10.23;1100;9.38;
2006-10-30;10.75;10.75;10.75;10.75;400;9.86;
2006-10-27;11.31;11.31;11.31;11.31;300;10.37;
2006-10-20;11.88;11.9;11.88;11.9;200;10.91;
2006-10-19;11.88;11.88;11.88;11.88;0;10.89;
2006-10-18;10.35;11.32;10.35;11.32;200;10.38;
2006-10-17;10.86;10.86;10.86;10.86;200;9.96;
2006-10-13;10.5;10.5;10.35;10.35;400;9.49;
2006-10-12;10.52;10.52;10.52;10.52;200;9.64;
2006-10-10;10.5;10.5;10.5;10.5;100;9.63;
2006-10-09;10.35;10.35;10.35;10.35;200;9.49;
2006-10-06;10.5;10.5;10.5;10.5;0;9.63;
2006-09-29;10;10;10;10;200;9.17;
2006-09-28;9.76;9.76;9.76;9.76;900;8.95;
2006-09-27;9.4;9.4;9.3;9.3;600;8.53;
2006-09-26;9.05;9.66;9.05;9.66;600;8.86;
2006-09-25;9.2;9.2;9.19;9.2;300;8.43;
2006-09-22;10.14;10.14;9.67;9.67;500;8.86;
2006-09-21;10.5;10.5;10.14;10.14;1500;9.3;
2006-09-20;10.99;10.99;10.67;10.67;200;9.78;
2006-09-19;11.01;11.01;10.5;10.5;500;9.63;
2006-09-18;11.55;11.55;11;11;1100;10.08;
2006-09-15;11.99;11.99;10.94;11;300;10.08;
2006-09-14;12.7;12.7;11.5;11.5;2900;10.54;
2006-09-13;12.34;12.34;12.1;12.1;800;11.09;
2006-09-12;11.76;11.76;11.5;11.76;1700;10.78;
2006-09-11;11.2;11.2;11.2;11.2;200;10.27;
2006-09-08;11.78;11.78;11.5;11.78;1100;10.8;
2006-09-07;11.22;11.22;11.22;11.22;100;10.29;
2006-09-06;10.69;10.69;10.69;10.69;100;9.8;
2006-09-05;10.19;10.19;10.19;10.19;100;9.34;
2006-09-04;10.08;10.08;9.71;9.71;400;8.9;
2006-08-30;9.6;9.6;9.6;9.6;0;8.8;
2006-08-29;9.16;9.16;9.15;9.15;100;8.39;
2006-08-25;9.19;9.19;9.19;9.19;400;8.42;
2006-08-24;9.31;9.31;9.31;9.31;0;8.53;
2006-08-23;9.67;9.67;9.67;9.67;100;8.86;
2006-08-22;9.21;9.21;9.21;9.21;0;8.44;
2006-08-21;10.03;10.03;9.53;9.53;800;8.74;
2006-08-18;9.56;9.56;9.56;9.56;0;8.76;
2006-08-17;9.75;9.75;9.75;9.75;100;8.94;
2006-08-16;9.29;9.29;9.29;9.29;300;8.52;
2006-08-14;8.85;8.85;8.85;8.85;100;8.11;
2006-08-10;8.43;8.43;8.43;8.43;100;7.73;
2006-08-09;8.82;8.82;8.82;8.82;100;8.09;
2006-08-08;8.4;8.4;8.4;8.4;0;7.7;
2006-08-01;9.18;9.18;8.61;8.61;100;7.89;
2006-07-31;8.61;8.8;8.61;8.75;500;8.02;
2006-07-28;8.26;9.06;8.26;9.06;800;8.31;
2006-07-25;8.66;8.66;8.63;8.63;100;7.91;
2006-07-24;8.25;8.25;8.25;8.25;0;7.56;
2006-07-21;8.68;8.68;8.68;8.68;300;7.96;
2006-07-19;9.13;9.13;9.13;9.13;500;8.37;
2006-07-14;8.59;8.7;8.4;8.7;800;7.98;
2006-07-13;9.03;9.03;8.26;8.4;800;7.7;
2006-07-12;8.59;8.65;8.59;8.59;900;7.87;
2006-07-06;9;9;9;9;600;8.25;
2006-07-05;8.58;8.58;8.58;8.58;600;7.87;
2006-06-27;8.8;9.03;8.8;9.03;400;8.28;
2006-06-14;8.98;8.98;8.98;8.98;600;8.23;
2006-06-13;9.46;9.46;9.45;9.45;2300;8.66;
2006-06-09;9.95;10.05;9.94;9.94;8800;9.11;
2006-06-08;10.46;10.46;10.46;10.46;5000;9.59;
2006-06-07;10.93;11.01;10.93;11;2500;10.08;
2006-06-06;11.5;11.5;11.5;11.5;7400;10.54;
2006-06-01;12.72;12.72;12.1;12.1;900;11.09;
2006-05-31;12.14;12.14;12.13;12.13;200;11.12;
2006-05-30;13;13;12.6;12.85;700;11.78;
2006-05-29;12.31;12.4;12.31;12.4;500;11.37;
2006-05-24;12.8;12.8;12.8;12.8;800;11.73;
2006-05-19;12.73;12.73;12.73;12.73;100;11.67;
2006-05-18;13.39;13.39;13.39;13.39;500;12.28;
2006-05-17;12.8;12.8;12.8;12.8;100;11.73;
2006-05-16;13.1;13.1;13.1;13.1;100;12.01;
2006-05-15;14;14.25;13.6;13.6;3000;12.47;
2006-05-12;13.45;13.67;13.01;13.67;1400;12.53;
2006-05-11;13.06;13.06;13.02;13.02;2800;11.94;
2006-05-10;12.95;13.7;12.95;13.7;900;12.56;
2006-05-09;12.07;13.32;12.07;13.05;1000;11.96;
2006-05-08;12.36;13.65;12.36;12.7;1900;11.64;
2006-05-05;14;14;13;13;500;11.92;
2006-05-04;13.5;13.6;13.5;13.6;1300;12.47;
2006-05-03;13.99;14.1;13.5;14.1;2400;12.93;
2006-05-02;14;14;13.5;14;3800;12.83;
2006-04-28;13.2;13.65;13;13.6;700;12.47;
2006-04-27;12.59;13.7;12.59;13;1800;11.92;
2006-04-26;13.12;13.6;13.12;13.2;1100;12.1;
2006-04-25;12.45;13.57;12.45;13.05;1800;11.96;
2006-04-24;12.8;13.39;12.8;12.93;800;11.85;
2006-04-21;13;13.99;13;13.1;5700;12.01;
2006-04-20;13.33;13.33;13.33;13.33;2000;12.22;
2006-04-19;11.5;12.7;11.5;12.7;2900;11.64;
2006-04-18;12;12.58;12;12.1;1100;11.09;
2006-04-17;12.01;12.01;12;12;200;11;
2006-04-12;12.18;12.8;12.17;12.8;1400;11.73;
2006-04-10;12;12.81;12;12.81;700;11.74;
2006-04-07;12.09;12.2;12.07;12.2;900;11.18;
2006-04-05;12;12.7;12;12.7;900;11.64;
2006-04-04;12.1;12.1;12.1;12.1;100;11.09;
2006-04-03;11.9;11.9;11.9;11.9;4500;10.91;
2006-03-29;10.8;11.75;10.8;11.75;800;10.77;
2006-03-28;11.25;11.34;11.25;11.34;500;10.4;
2006-03-27;10.74;10.8;10.74;10.8;2000;9.9;
2006-03-24;11.3;11.3;11.3;11.3;2600;10.36;
2006-03-23;10.77;10.77;10.77;10.77;4700;9.87;
2006-03-22;10.26;10.26;10.26;10.26;2400;9.41;
2006-03-21;9.79;9.79;9.78;9.78;500;8.97;
2006-03-20;10.28;11.25;10.28;10.29;1200;9.43;
2006-03-17;10.84;10.84;10.8;10.8;1500;9.9;
2006-03-16;11.29;11.29;11.29;11.29;400;10.35;
2006-03-14;11.9;11.9;10.86;11.86;1100;10.87;
2006-03-13;11.4;12.05;11.08;11.4;4100;10.45;
2006-03-09;11.01;11.48;11;11.48;700;10.52;
2006-03-08;10.98;11.4;10.98;11.4;1400;10.45;
2006-03-06;11.37;11.37;11.37;11.37;500;10.42;
2006-03-03;11.42;11.42;11.38;11.38;1500;10.43;
2006-03-02;12.75;13.19;11.96;11.96;3500;10.96;
2006-03-01;12.5;12.57;11.7;12.57;4700;11.52;
2006-02-28;11.45;11.98;10.86;11.98;1100;10.98;
2006-02-27;11.55;11.55;11.41;11.41;600;10.46;
2006-02-24;12.87;12.87;12;12;900;11;
2006-02-23;11.66;12.45;11.66;12.45;1800;11.41;
2006-02-22;12.01;12.25;12.01;12.25;1900;11.23;
2006-02-21;12.26;13.4;12.2;13.05;5100;11.96;
2006-02-20;13.45;13.48;12.35;12.9;6000;11.83;
2006-02-17;13.57;13.57;12.5;13;18300;11.92;
2006-02-16;12.93;12.93;12.93;12.93;1000;11.85;
2006-02-15;12.32;12.32;12.32;12.32;3800;11.29;
2006-02-14;11.74;11.74;11.74;11.74;1700;10.76;
2006-02-13;11.19;11.19;11.19;11.19;1700;10.26;
2006-02-10;10.66;10.66;10.66;10.66;200;9.77;
2006-02-08;10.24;10.3;9.99;10.16;8500;9.31;
2006-02-07;9.74;9.81;9.36;9.81;5100;8.99;
2006-02-06;9.32;9.35;9.32;9.35;1700;8.57;
2006-02-03;9;9;8.9;8.91;1300;8.17;
2006-02-02;9.03;9.04;9.02;9.02;600;8.27;
2006-02-01;9.13;9.13;9.13;9.13;200;8.37;
2006-01-31;9.21;9.21;9.18;9.2;1200;8.43;
2006-01-30;9.75;9.75;9.4;9.41;2500;8.63;
2006-01-27;9.4;9.4;9.37;9.37;900;8.59;
2006-01-25;9.35;9.35;9.33;9.33;1000;8.55;
2006-01-24;9.05;9.81;9.05;9.81;1500;8.99;
2006-01-20;9.5;9.5;9.1;9.35;1000;8.57;
2006-01-19;9.45;9.45;9.44;9.45;600;8.66;
2006-01-18;9.01;9.01;9;9;1500;8.25;
2006-01-17;9.3;9.79;9;9.1;3500;8.34;
2006-01-16;9.26;9.92;9.26;9.33;1300;8.55;
2006-01-12;9.97;9.97;9.45;9.45;800;8.66;
2006-01-10;9.57;9.67;9.57;9.67;1100;8.86;
2006-01-06;9.21;9.21;9.21;9.21;200;8.44;
2006-01-05;9.49;9.49;9.3;9.35;1500;8.57;
2006-01-04;9.22;9.22;9.19;9.19;1200;8.42;
2006-01-03;9.49;9.5;9.49;9.5;900;8.71;
2006-01-02;9.44;9.48;9.05;9.05;700;8.3;
2005-12-30;9.4;9.4;9.03;9.03;100;8.28;
2005-12-29;9.03;9.27;8.97;8.97;4400;8.22;
2005-12-28;8.91;8.91;8.9;8.9;400;8.16;
2005-12-23;9.26;9.26;9.26;9.26;100;8.49;
2005-12-22;9.28;9.29;8.92;9.29;1600;8.52;
2005-12-20;8.65;9.44;8.65;8.85;900;8.11;
2005-12-16;9;9;9;9;100;8.25;
2005-12-15;9.02;9.02;9;9;500;8.25;
2005-12-12;9;9.45;9;9.45;700;8.66;
2005-12-09;9.03;9.03;9;9;1100;8.25;
2005-12-08;9.26;9.74;9.25;9.25;600;8.48;
2005-12-07;9.32;9.75;9.32;9.35;2000;8.57;
2005-12-06;9.3;9.33;9.3;9.32;500;8.54;
2005-12-02;9.99;10.14;9.51;9.51;1900;8.72;
2005-12-01;9.7;9.7;9.5;9.7;1100;8.89;
2005-11-29;9.16;9.5;9.16;9.5;800;8.71;
2005-11-28;9.65;9.68;9.41;9.41;100;8.63;
2005-11-25;9.5;9.85;9.3;9.7;1700;8.89;
2005-11-24;9.96;10;9.5;9.7;1300;8.89;
2005-11-23;9.51;9.6;9.51;9.6;300;8.8;
2005-11-22;9.82;9.82;9.71;9.71;300;8.9;
2005-11-21;9.51;10.22;9.51;10.22;900;9.37;
2005-11-18;10;10.48;9.5;9.5;4500;8.71;
2005-11-17;10;10;9.99;9.99;400;9.16;
2005-11-16;10.45;10.49;10.15;10.16;700;9.31;
2005-11-14;10.56;10.56;9.7;10.26;2300;9.41;
2005-11-11;10.06;10.06;10.06;10.06;0;9.22;
2005-11-10;9.64;9.64;9.64;9.64;0;8.84;
2005-11-09;8.9;9.33;8.7;9.33;1600;8.55;
2005-11-08;8.88;8.89;8.88;8.89;600;8.15;
2005-11-07;8.89;8.9;8.55;8.55;900;7.84;
2005-11-02;8.48;8.87;8.48;8.87;100;8.13;
2005-11-01;8.41;9.12;8.41;9.12;100;8.36;
2005-10-31;8.11;8.75;8.1;8.75;100;8.02;
2005-10-28;8.37;8.38;8.37;8.37;2500;7.67;
2005-10-27;8.81;8.81;8.81;8.81;100;8.08;
2005-10-26;8.36;9.19;8.35;9.19;1300;8.42;
2005-10-25;8.77;8.77;8.76;8.76;700;8.03;
2005-10-24;9.3;9.31;9.22;9.22;300;8.45;
2005-10-21;9;9.77;9;9.64;1600;8.84;
2005-10-20;9.33;9.95;9.31;9.31;400;8.53;
2005-10-17;10;10.01;9.79;9.79;2300;8.97;
2005-10-14;10.28;10.31;10.27;10.27;700;9.42;
2005-10-11;11;11;10.81;10.81;700;9.91;
2005-10-10;10.05;10.87;9.97;10.87;400;9.97;
2005-10-07;10.45;10.49;10.45;10.49;1500;9.62;
2005-10-06;10.51;10.51;10.45;10.45;900;9.58;
2005-10-05;10.99;10.99;10.99;10.99;0;10.08;
2005-10-04;10.96;10.98;10.88;10.98;1500;10.07;
2005-10-03;10.46;11;10.46;10.49;2000;9.62;
2005-09-30;10.68;11.25;10.68;11;3000;10.08;
2005-09-29;11.25;12;11.24;11.24;1100;10.3;
2005-09-28;12.5;12.5;11.83;11.83;4800;10.85;
2005-09-27;12.26;12.46;12.25;12.45;1000;11.41;
2005-09-26;13.47;13.47;12.26;12.89;1500;11.82;
2005-09-23;12.26;12.9;12.25;12.9;5800;11.83;
2005-09-22;12.7;12.7;12.69;12.69;600;11.63;
2005-09-21;14;14;13.27;13.31;2800;12.2;
2005-09-20;13.27;14.5;13.26;13.99;2400;12.83;
2005-09-19;13.61;14.05;13.51;13.51;6000;12.39;
2005-09-16;14;14.88;14;14.11;1600;12.94;
2005-09-15;14.5;14.9;13.3;13.9;5100;12.74;
2005-09-14;13.99;15.36;13.76;14.1;8400;12.93;
2005-09-13;13.49;14;13;14;12600;12.83;
2005-09-12;13;14.4;12.8;13.5;12400;12.38;
2005-09-09;14.15;15.95;14.15;14.41;1700;13.21;
2005-09-08;15.2;16.45;15;15.5;5500;14.21;
2005-09-06;14.25;16.4;14.25;15.25;9800;13.98;
2005-09-05;14.67;16;14;16;7200;14.67;
2005-09-02;14.25;14.25;13.5;14;5400;12.83;
2005-09-01;14;14;13.12;13.14;2000;12.05;
2005-08-31;13.11;14;13.11;13.11;4900;12.02;
2005-08-30;13.05;14.08;13.05;13.55;3000;12.42;
2005-08-29;12.51;12.53;12.51;12.52;500;11.48;
2005-08-26;12.5;13.85;12.5;13;1200;11.92;
2005-08-25;12.5;13.02;12.5;13;9000;11.92;
2005-08-24;12.24;12.5;12.24;12.5;1000;11.46;
2005-08-23;12.5;13;12.01;12.01;6500;11.01;
2005-08-22;12.49;12.9;12.04;12.9;6000;11.83;
2005-08-19;11;12.47;11;12.47;400;11.43;
2005-08-18;10.33;12.4;10.33;11.76;1300;10.78;
2005-08-17;11.7;12.5;11.7;12.5;2800;11.46;
2005-08-16;12.44;12.45;12.06;12.06;700;11.06;
2005-08-12;11.98;11.98;11.98;11.98;200;10.98;
2005-08-11;12.3;12.49;11.95;12.01;1900;11.01;
2005-08-10;12.17;12.17;12;12.11;1700;11.1;
2005-08-09;13.29;13.29;12.25;12.25;5200;11.23;
2005-08-08;12.32;12.45;12.3;12.45;3900;11.41;
2005-08-05;12.5;12.9;12.25;12.25;3800;11.23;
2005-08-04;12.74;12.74;12.01;12.02;300;11.02;
2005-08-03;10.8;12.84;10.8;12.43;3900;11.4;
2005-08-02;11.38;12.4;11.38;12.39;5100;11.36;
2005-08-01;12.1;12.99;12.1;12.89;1700;11.82;
2005-07-29;13.99;14;12.2;12.5;6100;11.46;
2005-07-27;12.13;12.26;12.13;12.26;700;11.24;
2005-07-26;13.07;13.08;12.65;12.83;700;11.76;
2005-07-25;13.58;13.9;12.47;12.68;3000;11.62;
2005-07-22;14.2;14.2;12;12.52;3700;11.48;
2005-07-21;12.43;13.25;12.43;13.25;300;12.15;
2005-07-20;12.99;13;12.32;12.32;1300;11.29;
2005-07-19;12.99;13;12.6;13;1400;11.92;
2005-07-18;11.16;13.5;11.16;13.24;2500;12.14;
2005-07-15;12.56;13.08;12.56;12.62;1800;11.57;
2005-07-14;14.39;14.39;12.15;13.58;3900;12.45;
2005-07-13;12.15;13.84;12.1;13;500;11.92;
2005-07-12;12.1;12.1;12.01;12.01;400;11.01;
2005-07-11;13;13.79;13;13;1100;11.92;
2005-07-08;12.04;12.75;12.04;12.75;1900;11.69;
2005-07-07;13;13.05;13;13;1000;11.92;
2005-07-06;12.91;13;12.7;12.7;1000;11.64;
2005-07-05;13.5;14;13.01;13.41;3400;12.29;
2005-07-04;13.02;14;13.02;13.95;1200;12.79;
2005-07-01;11.31;14.99;11.31;13.25;3100;12.15;
2005-06-30;14;14;12.45;13.14;1200;12.05;
2005-06-29;14.24;15;14;14;4300;12.83;
2005-06-28;12;14.4;12;13.25;8200;12.15;
2005-06-27;11.52;13.8;11.52;13.8;3600;12.65;
2005-06-24;13.48;14.62;13.48;13.99;2900;12.83;
2005-06-23;12.51;13;12.5;12.79;1600;11.73;
2005-06-22;11.71;12.5;11.71;12.24;2400;11.22;
2005-06-21;13.05;13.05;12.9;12.9;400;11.83;
2005-06-20;13.5;13.5;13.25;13.25;6000;12.15;
2005-06-17;13.01;13.25;12.8;12.8;2900;11.73;
2005-06-16;13.05;13.89;13.01;13.89;400;12.73;
2005-06-15;14;14;13.4;13.65;4300;12.51;
2005-06-14;15.5;15.7;14.15;14.35;15100;13.16;
2005-06-13;14.3;15.7;14;14.01;18000;12.84;
2005-06-10;12;14.4;12;13.36;20100;12.25;
2005-06-09;13.35;13.35;12;12;1800;11;
2005-06-08;11.9;12.32;11.75;12;4900;11;
2005-06-07;11.82;11.82;11.13;11.14;600;10.21;
2005-06-02;12;12.7;12;12;100;11;
2005-06-01;12.2;12.5;11.61;12.25;4500;11.23;
2005-05-31;12.24;12.24;11.65;12.23;2300;11.21;
2005-05-30;11.01;12;11;11.12;700;10.19;
2005-05-27;11.21;12.27;11;12.27;4600;11.25;
2005-05-26;11.27;11.3;11;11.3;2700;10.36;
2005-05-25;10.95;11.5;10.95;11.5;1200;10.54;
2005-05-24;11.2;11.24;11.2;11.24;500;10.3;
2005-05-23;10.5;11;10.5;11;1400;10.08;
2005-05-20;10.18;10.53;10.18;10.53;400;9.65;
2005-05-19;10;10.5;10;10.5;400;9.63;
2005-05-18;10;10.45;10;10.45;1400;9.58;
2005-05-17;10.01;10.8;10.01;10.8;1100;9.9;
2005-05-16;10.3;10.35;10.3;10.35;700;9.49;
2005-05-13;9.77;9.77;9.77;9.77;400;8.96;
2005-05-12;10.78;10.78;10.78;10.78;200;9.88;
2005-05-11;10.5;10.51;10.5;10.51;500;9.64;
2005-05-10;9.39;9.5;9.39;9.5;1100;8.71;
2005-05-09;9.55;9.86;9.55;9.86;200;9.04;
2005-05-06;9.31;10.26;9.31;10.01;200;9.18;
2005-05-04;10;10.47;10;10.47;600;9.6;
2005-05-03;9.53;9.53;9.52;9.52;200;8.73;
2005-04-29;10.01;10.25;9.22;10.24;1700;9.39;
2005-04-28;11.01;11.01;11.01;11.01;0;10.09;
2005-04-27;11.25;12;11.01;11.01;2100;10.09;
2005-04-26;9.79;10.73;9.79;10.73;300;9.84;
2005-04-25;9.72;9.72;9.72;9.72;300;8.91;
2005-04-22;10.01;10.01;10;10;200;9.17;
2005-04-21;9.54;10.6;9.54;10.2;400;9.35;
2005-04-20;10.97;10.97;10.03;10.03;200;9.2;
2005-04-18;10.87;10.87;10.87;10.87;100;9.97;
2005-04-15;10.01;10.05;10;10.05;300;9.21;
2005-04-13;10.1;11.51;10.1;11.51;700;10.55;
2005-04-12;10.88;10.9;10.11;10.5;1500;9.63;
2005-04-11;10.69;10.69;10.69;10.69;100;9.8;
2005-04-08;10.05;10.4;10;10.4;1300;9.53;
2005-04-07;10.87;10.9;10.87;10.89;1100;9.98;
2005-04-06;10.85;10.86;10.85;10.86;100;9.96;
2005-04-05;10;11.6;10;10.01;1500;9.18;
2005-04-04;8.8;10.99;8.8;10.67;800;9.78;
2005-03-31;9.51;9.72;9.51;9.7;700;8.89;
2005-03-30;8.39;10;8.39;9.54;4000;8.75;
2005-03-29;9.01;9.01;9;9;500;8.25;
2005-03-28;9.02;10.01;9.02;9.57;800;8.77;
2005-03-24;10.83;10.83;9.91;10.05;1200;9.21;
2005-03-23;10.3;10.3;10;10;1100;9.17;
2005-03-22;10.18;10.39;10.05;10.18;3900;9.33;
2005-03-21;9.75;10.62;9.75;10.62;200;9.74;
2005-03-18;11.94;11.99;10.14;11.99;2000;10.99;
2005-03-17;11;11.05;11;11;2800;10.08;
2005-03-16;10.5;13.48;10.5;11.13;2200;10.2;
2005-03-15;11.01;11.57;11.01;11.26;400;10.32;
2005-03-14;10.5;11.74;10.5;11.58;1700;10.62;
2005-03-11;10.57;11.87;10.57;11.15;3200;10.22;
2005-03-10;12.5;12.5;10.79;11.1;5900;10.18;
2005-03-09;12;12;10.5;10.5;2400;9.63;
2005-03-08;11.5;12.5;9.5;12;6300;11;
2005-03-07;12.86;12.86;11.54;11.76;2000;10.78;
2005-03-04;12.6;13.25;11.41;11.85;7600;10.86;
2005-03-03;11.5;12;11.5;12;600;11;
2005-03-02;12.5;12.5;11;11.5;1700;10.54;
2005-03-01;10.55;10.61;10.4;10.47;3700;9.6;
2005-02-28;12;12.99;12;12.99;3600;11.91;
2005-02-25;12.56;12.95;12.5;12.5;1000;11.46;
2005-02-24;12.56;12.56;12.5;12.5;1000;11.46;
2005-02-23;13.89;13.89;13;13.05;3200;11.96;
2005-02-22;10.84;14.5;10.76;13.75;6400;12.61;
2005-02-21;11.11;12.18;11.11;12.18;600;11.17;
2005-02-18;11.99;12;11.5;12;1300;11;
2005-02-17;11;12.18;11;11.05;500;10.13;
2005-02-16;10.65;12.87;10.56;11;600;10.08;
2005-02-15;11.51;11.52;11.25;11.25;800;10.31;
2005-02-14;12.4;12.4;11.67;11.72;1800;10.74;
2005-02-11;12.99;12.99;12.97;12.97;500;11.89;
2005-02-10;12.02;12.02;12;12;600;11;
2005-02-09;13.73;13.74;12.85;13.25;2700;12.15;
2005-02-08;12.36;13.74;12.36;13.74;4500;12.6;
2005-02-07;12.78;12.78;11.6;11.71;5900;10.74;
2005-02-04;12.92;12.95;11.12;11.27;4900;10.33;
2005-02-03;9.51;11.97;9.51;10.81;1900;9.91;
2005-02-02;11.5;11.5;10;10.95;3800;10.04;
2005-02-01;11.11;11.12;11.05;11.1;1200;10.18;
2005-01-31;12.74;12.74;11.01;11.02;300;10.1;
2005-01-28;10.5;12.44;10.5;11.33;2700;10.39;
2005-01-27;11.5;12;11.12;11.5;4200;10.54;
2005-01-25;11.95;12.05;11.66;11.66;1100;10.69;
2005-01-24;12;12;12;12;100;11;
2005-01-20;13.87;13.87;11.5;12.48;1500;11.44;
2005-01-19;14.68;14.68;12.6;12.61;2200;11.56;
2005-01-18;11.71;13.95;11.71;13.72;1700;12.58;
2005-01-17;13.5;13.5;13;13;300;11.92;
2005-01-14;13.24;13.8;13.21;13.79;1500;12.64;
2005-01-13;13.6;14.75;13.5;14.18;2900;13;
2005-01-12;17.49;17.49;14.65;14.65;3600;13.43;
2005-01-11;17.4;17.57;15;16.19;15200;14.84;
2005-01-10;15.98;15.98;15.25;15.98;17200;14.65;
2005-01-07;15;15.25;13.51;14.53;10700;13.32;
2005-01-06;12.1;14.25;12;14.2;4000;13.02;
2005-01-05;12.5;13.65;12.4;13.15;27300;12.06;
2005-01-04;11.21;12.95;11.2;12.41;21700;11.38;
2005-01-03;11.5;11.95;11.2;11.78;3900;10.8;
2004-12-31;11.51;12;11.1;11.5;4000;10.54;
2004-12-30;11.88;12.25;10.26;12;7000;11;
2004-12-29;12.74;12.74;11.15;11.15;2700;10.22;
2004-12-28;12;12.8;12;12.01;2800;11.01;
2004-12-27;11.7;12.54;11.45;12.53;10000;11.49;
2004-12-24;11.5;11.5;10.86;11.4;4200;10.45;
2004-12-23;10.6;11.74;10.12;11.66;14900;10.69;
2004-12-22;10;10.8;10;10.68;6100;9.79;
2004-12-21;9.84;9.85;9.8;9.83;1300;9.01;
2004-12-20;9.75;10.5;9.75;10.5;200;9.63;
2004-12-17;10.9;11;9.8;10.02;4200;9.19;
2004-12-16;10;11;9.8;10.77;4500;9.87;
2004-12-15;10.22;11.1;9.8;10.21;6300;9.36;
2004-12-14;9.3;10.21;9.3;10.21;5000;9.36;
2004-12-13;8;9.3;8;9.29;2600;8.52;
2004-12-10;8.57;8.57;8.57;8.57;100;7.86;
2004-12-09;8.99;9.33;8.99;9.33;200;8.55;
2004-12-08;9;9;8.9;8.9;2800;8.16;
2004-12-06;8.6;9.2;8.05;8.5;1800;7.79;
2004-12-03;8.6;8.6;8.5;8.55;1000;7.84;
2004-12-02;9.1;9.1;8.75;8.75;600;8.02;
2004-12-01;8.56;8.62;8.56;8.61;600;7.89;
2004-11-29;9.92;9.93;8.87;9.5;1500;8.71;
2004-11-25;9.16;9.94;9.15;9.33;1300;8.55;
2004-11-24;10.25;10.45;10;10;2700;9.17;
2004-11-23;10.5;10.5;9.4;10.37;4600;9.51;
2004-11-22;9.5;10.45;9.25;10.4;5900;9.53;
2004-11-18;9.89;9.92;9.52;9.9;6400;9.08;
2004-11-17;10.05;10.5;9.02;9.02;5400;8.27;
2004-11-16;9.5;10.9;9.1;10.7;3900;9.81;
2004-11-12;9.4;9.5;9.4;9.5;100;8.71;
2004-11-11;7.25;9.43;7.06;9.22;9100;8.45;
2004-11-10;6.96;7.86;6.65;7.86;5200;7.21;
2004-11-09;7.15;7.15;6.5;6.55;3400;6;
2004-11-08;6.27;7.23;6.27;7.23;200;6.63;
2004-11-05;6.5;6.5;6.2;6.2;2600;5.68;
2004-11-04;6.52;6.89;6.16;6.53;4800;5.99;
2004-11-03;7.69;7.69;7.69;7.69;200;7.05;
2004-11-02;7.5;7.68;6.9;6.9;1900;6.33;
2004-11-01;6.5;6.5;6.4;6.4;400;5.87;
2004-10-29;7.47;7.5;7.47;7.5;400;6.88;
2004-10-28;7.9;7.99;6.58;6.58;800;6.03;
2004-10-27;7.88;7.88;7.88;7.88;0;7.22;
2004-10-21;7.1;7.1;7.1;7.1;300;6.51;
2004-10-20;7.85;8;7.25;7.5;1800;6.88;
2004-10-19;7;7.2;7;7;1500;6.42;
2004-10-15;7;7;7;7;200;6.42;
2004-10-14;8.39;8.39;7.01;7.1;800;6.51;
2004-10-12;7.02;7.02;7.02;7.02;500;6.44;
2004-10-11;7;7.05;7;7.01;800;6.43;
2004-10-07;6.32;7;6.14;7;1900;6.42;
2004-10-06;6.26;6.26;6.11;6.11;400;5.6;
2004-10-04;7.1;7.4;7.1;7.4;700;6.78;
2004-10-01;6.29;7.7;6.29;7.5;6200;6.88;
2004-09-30;6.7;6.7;6;6.42;1300;5.89;
2004-09-29;6;6;5.56;6;900;5.5;
2004-09-28;6;6;6;6;300;5.5;
2004-09-27;5.85;6;5.85;6;900;5.5;
2004-09-24;5.63;5.63;5.6;5.6;300;5.13;
2004-09-23;6.39;6.39;6.39;6.39;300;5.86;
2004-09-22;6.16;6.16;6.16;6.16;200;5.65;
2004-09-21;6.21;6.21;5.8;6.16;2100;5.65;
2004-09-20;6.9;6.9;5.75;5.75;2700;5.27;
2004-09-17;5.12;5.76;5.12;5.76;2100;5.28;
2004-09-16;5.61;6;5.61;5.76;1500;5.28;
2004-09-15;7;7.3;5.56;5.56;4600;5.1;
2004-09-14;6.3;6.3;6.25;6.25;200;5.73;
2004-09-13;6.2;6.8;6.17;6.8;2900;6.23;
2004-09-10;6.75;6.75;6.35;6.41;500;5.88;
2004-09-09;7.5;7.56;7.5;7.5;2600;6.88;
2004-09-08;8.4;8.4;7.8;7.88;500;7.22;
2004-09-07;7.05;7.65;7.05;7.65;800;7.01;
2004-09-06;7.32;7.32;7.32;7.32;1100;6.71;
2004-09-03;6.1;7.59;6.1;6.1;3000;5.59;
2004-09-02;6.5;6.5;6.1;6.35;1200;5.82;
2004-09-01;5.75;6;5.6;6;1300;5.5;
2004-08-31;5.25;6.75;5.25;6.75;400;6.19;
2004-08-30;6.12;6.12;5.41;6.06;2200;5.56;
2004-08-27;5.1;5.1;5.1;5.1;200;4.68;
2004-08-26;5.1;5.1;5;5;200;4.58;
2004-08-24;5.2;5.2;5;5;200;4.58;
2004-08-23;5.54;5.54;4.8;4.8;500;4.4;
2004-08-13;5.11;5.11;5.11;5.11;0;4.68;
2004-08-12;4.26;4.26;4.26;4.26;400;3.91;
2004-08-11;5.05;5.05;5.05;5.05;200;4.63;
2004-08-10;5.25;5.25;5.25;5.25;200;4.81;
2004-08-09;5.21;5.21;5.21;5.21;100;4.78;
2004-08-05;6.49;6.49;6.49;6.49;100;5.95;
2004-08-04;5.52;5.52;5.52;5.52;100;5.06;
2004-07-30;4.6;4.6;4.6;4.6;200;4.22;
2004-07-28;5;5;5;5;1000;4.58;
2004-07-27;5.75;5.75;5.75;5.75;0;5.27;
2004-07-23;3.85;4.95;3.85;4.95;200;4.54;
2004-07-22;5;5;4.75;4.75;300;4.35;
2004-07-21;4.6;4.6;4.6;4.6;100;4.22;
2004-07-19;5;5;5;5;800;4.58;
2004-07-16;5;5;5;5;300;4.58;
2004-07-14;5.2;5.5;5;5;800;4.58;
2004-07-07;5.1;5.1;5.1;5.1;100;4.68;
2004-07-01;5.1;5.1;5.1;5.1;100;4.68;
2004-06-30;4.3;4.3;4.25;4.25;600;3.9;
2004-06-23;4.77;4.77;4.77;4.77;100;4.37;
2004-06-17;4.5;5.95;4.5;5.95;4200;5.45;
2004-06-15;5.1;5.1;5.1;5.1;100;4.68;
2004-06-14;5.25;5.25;5.25;5.25;200;4.81;
2004-06-09;5.5;5.5;4.85;4.85;1500;4.45;
2004-06-03;6;6;6;6;2000;5.5;
2004-06-01;6.1;6.1;6.1;6.1;100;5.59;
2004-05-26;6.2;7.1;6;7.03;1300;6.44;
2004-05-24;6;6;6;6;500;5.5;
2004-05-19;6.38;6.6;6.38;6.6;1200;6.05;
2004-05-18;6;6;6;6;200;5.5;
2004-05-17;5.8;5.8;5.8;5.8;1000;5.32;
2004-05-14;6.25;6.25;6.25;6.25;1000;5.73;
2004-05-07;6.2;6.2;6.2;6.2;400;5.68;
2004-05-06;6.4;6.4;6.4;6.4;500;5.87;
2004-05-05;6.3;7.19;6.3;6.8;2600;6.23;
2004-05-04;6.15;6.6;6.15;6.6;300;6.05;
2004-04-30;6;6;6;6;500;5.5;
2004-04-29;6;6;6;6;1000;5.5;
2004-04-28;6.35;6.35;6.35;6.35;400;5.82;
2004-04-27;5.8;5.8;5.8;5.8;300;5.32;
2004-04-23;5.25;5.3;5.25;5.3;500;4.86;
2004-04-16;4.85;4.85;4.85;4.85;0;4.45;
2004-04-13;4.41;4.41;4.41;4.41;300;4.04;
2004-04-07;4.26;4.26;4.26;4.26;300;3.91;
2004-04-05;4.73;4.73;4.73;4.73;600;4.34;
2004-04-02;4.73;4.73;4.73;4.73;0;4.34;
2004-04-01;4.3;4.3;4.3;4.3;0;3.94;
2004-03-31;3.91;3.91;3.91;3.91;0;3.58;
2004-03-30;4;4.23;3.56;3.56;600;3.26;
2004-03-26;3.85;3.85;3.85;3.85;0;3.53;
2004-03-22;4.25;4.25;4.25;4.25;400;3.9;
2004-03-19;4.26;4.26;4.26;4.26;400;3.91;
2004-03-16;3.9;3.9;3.9;3.9;200;3.58;
2004-03-15;3.91;4.3;3.91;4.25;700;3.9;
2004-03-08;4.16;4.16;4.16;4.16;200;3.81;
2004-03-01;4.41;4.55;4.4;4.55;800;4.17;
2004-02-26;4.05;4.85;4.05;4.85;500;4.45;
2004-02-20;4.44;4.44;4.44;4.44;200;4.07;
2004-02-17;4.9;4.9;4.8;4.8;1200;4.4;
2004-02-12;5.15;5.15;5.11;5.11;200;4.68;
2004-02-06;5.4;5.5;5.4;5.5;500;5.04;
2004-02-05;5.01;5.01;5.01;5.01;100;4.59;
2004-02-04;5.45;5.45;5.45;5.45;0;5;
2004-02-03;5.05;5.05;5;5;700;4.58;
2004-01-27;5.56;5.56;5;5;1400;4.58;
2004-01-23;6;6;5.5;5.5;600;5.04;
2004-01-22;6.5;6.5;6;6;600;5.5;
2004-01-21;6.6;6.6;6.6;6.6;200;6.05;
2004-01-19;7.3;7.3;7.3;7.3;500;6.69;
2004-01-16;8.05;8.1;8.05;8.1;1000;7.43;
2004-01-15;7.75;7.75;7.5;7.5;500;6.88;
2004-01-14;7.5;8.25;7.5;7.5;2600;6.88;
2004-01-13;7.51;8;7.5;7.5;1400;6.88;
2004-01-12;8.35;8.35;8;8;500;7.33;
2004-01-09;8.31;8.35;8.31;8.35;1000;7.65;
2004-01-08;8.75;8.75;8.5;8.5;600;7.79;
2004-01-07;9.05;9.05;8.25;8.25;1200;7.56;
2004-01-06;9.05;9.05;9.05;9.05;200;8.3;
2004-01-05;9.65;9.65;8.8;8.8;1700;8.07;
2004-01-02;9.15;9.35;8.95;8.95;1400;8.2;
2004-01-01;9.5;9.52;9.35;9.35;1600;8.57;
2003-12-30;9;9.65;9;9.5;800;8.71;
2003-12-29;10.5;10.5;9.3;9.3;1100;8.53;
2003-12-26;10.45;10.5;10;10.1;5100;9.26;
2003-12-24;9.8;9.8;9.5;9.6;8900;8.8;
2003-12-23;9.75;10.5;9.4;10.5;6200;9.63;
2003-12-22;9.4;9.7;9.25;9.7;3600;8.89;
2003-12-19;9.8;10.15;9.5;9.75;3300;8.94;
2003-12-18;9.6;9.99;9.5;9.99;3100;9.16;
2003-12-17;9.5;9.99;9.5;9.8;2700;8.98;
2003-12-16;9.65;9.85;9.25;9.85;2300;9.03;
2003-12-15;10.45;10.45;9.41;9.5;9900;8.71;
2003-12-12;9.15;10;9.05;9.99;3900;9.16;
2003-12-11;8.51;10.2;8.51;9.5;2800;8.71;
2003-12-10;11.3;11.4;9;9.91;6700;9.09;
2003-12-09;9.65;10.24;9.15;9.9;10500;9.08;
2003-12-08;8;8.76;7.99;8.73;8600;8;
2003-12-05;6.83;7.62;6;7.3;6600;6.69;
2003-12-04;6.34;6.35;6.34;6.35;1100;5.82;
2003-12-03;4.56;5.75;4.56;5.74;1400;5.26;
2003-12-01;5;5;5;5;400;4.58;
2003-11-28;4.44;5;4.4;5;2100;4.58;
2003-11-27;4.03;5;4.01;4.6;1100;4.22;
2003-11-25;5;5;4.57;5;2900;4.58;
2003-11-24;5;5.02;5;5;1300;4.58;
2003-11-21;5;5;4.55;4.55;200;4.17;
2003-11-20;5;5.5;5;5.48;600;5.02;
2003-11-19;4.06;5;4.06;5;7000;4.58;
2003-11-18;4.18;4.18;4.18;4.18;400;3.83;
2003-11-17;5;5;5;5;1000;4.58;
2003-11-13;4.5;5;4.5;5;2000;4.58;
2003-11-12;4.48;4.49;4.48;4.49;300;4.12;
2003-11-11;3.81;3.81;3.81;3.81;100;3.49;
2003-11-10;4.7;4.7;4;4.49;800;4.12;
2003-11-04;3.92;3.92;3.92;3.92;200;3.59;
2003-10-29;4.5;4.5;4.5;4.5;400;4.13;
2003-10-23;4.59;4.59;4.5;4.5;400;4.13;
2003-10-22;4.58;4.58;4.58;4.58;100;4.2;
2003-10-21;4;4;4;4;300;3.67;
2003-10-20;4.5;4.71;4.5;4.71;200;4.32;
2003-10-03;4.1;4.1;4.1;4.1;300;3.76;
2003-10-01;4.1;4.1;4.1;4.1;100;3.76;
2003-09-29;4.03;4.88;4.03;4.88;400;4.47;
2003-09-26;4.13;4.13;4.13;4.13;300;3.79;
2003-09-25;4.98;4.99;4.98;4.99;200;4.57;
2003-09-24;4.7;4.7;4.46;4.53;700;4.15;
2003-09-23;3.85;5.55;3.85;5.55;700;5.09;
2003-09-22;4.8;4.8;4.8;4.8;0;4.4;
2003-09-18;5.7;5.7;5.7;5.7;0;5.23;
2003-09-12;4.5;5;4.46;5;300;4.58;
2003-09-11;4.9;5.5;4.75;5.49;100;5.03;
2003-09-09;4.23;5.9;4.23;5.9;400;5.41;
2003-09-05;4.4;5;4.35;5;1000;4.58;
2003-09-03;5.98;5.98;5.35;5.35;400;4.9;
2003-09-02;5.01;5.99;5;5.99;1800;5.49;
2003-09-01;5.8;5.8;5.8;5.8;0;5.32;
2003-08-29;5.25;5.5;5.03;5.5;1900;5.04;
2003-08-28;4.9;5.91;4.9;5.73;1200;5.25;
2003-08-27;5.01;5.01;4.92;4.94;900;4.53;
2003-08-26;5;5;5;5;100;4.58;
2003-08-22;4.5;5.5;4.5;5.08;700;4.66;
2003-08-21;5.11;5.11;5.11;5.11;200;4.68;
2003-08-20;5.97;5.97;5.97;5.97;100;5.47;
2003-08-19;4.5;5.5;4.5;5.5;2000;5.04;
2003-08-18;5.9;6.84;5.31;5.59;4100;5.12;
2003-08-14;6.42;6.42;5.7;5.7;1200;5.23;
2003-08-13;5.16;5.35;5.16;5.35;500;4.9;
2003-08-12;5.35;5.75;5.13;5.68;700;5.21;
2003-08-11;5;6;5;5;1000;4.58;
2003-08-08;5.11;5.99;5.11;5.4;900;4.95;
2003-08-07;5.03;5.03;5.03;5.03;200;4.61;
2003-08-05;5;5.75;4.94;5.67;500;5.2;
2003-08-04;5.87;5.89;5.87;5.89;500;5.4;
2003-08-01;5.84;5.84;5.84;5.84;0;5.35;
2003-07-31;5.3;5.3;5.3;5.3;200;4.86;
2003-07-30;5.26;6.2;5.25;6;400;5.5;
2003-07-29;5.5;6.26;5.08;6.2;5400;5.68;
2003-07-28;5.15;5.88;5.15;5.88;500;5.39;
2003-07-25;5.84;5.84;5.25;5.25;0;4.81;
2003-07-24;4.55;5.6;4.55;5.59;100;5.12;
2003-07-23;5;5.44;5;5.44;400;4.99;
2003-07-22;5.35;5.41;5;5.41;100;4.96;
2003-07-18;4.63;4.63;4.63;4.63;500;4.24;
2003-07-17;5.8;5.8;5.75;5.75;0;5.27;
2003-07-16;5.02;6;5.02;6;700;5.5;
2003-07-14;5.25;6;5.25;6;200;5.5;
2003-07-11;6;6;5.85;5.85;1300;5.36;
2003-07-10;5.61;5.61;5.6;5.6;1100;5.13;
2003-07-09;5.65;6.95;5.65;6.95;100;6.37;
2003-07-08;7;7;7;7;1000;6.42;
2003-07-07;7.5;7.5;7.5;7.5;0;6.88;
2003-07-02;5.33;6.5;5.33;6.5;800;5.96;
2003-06-30;6;6;6;6;500;5.5;
2003-06-27;4.8;6;4.65;5.74;6400;5.26;
2003-06-26;6;6;5.73;5.73;1700;5.25;
2003-06-25;7.15;7.15;7.15;7.15;0;6.55;
2003-06-24;5.99;6;5.99;6;500;5.5;
2003-06-23;5.06;5.06;5;5;300;4.58;
2003-06-20;4.22;4.22;4.22;4.22;200;3.87;
2003-06-18;6.58;6.58;5.03;5.03;300;4.61;
2003-06-17;5;5.5;4.04;5.5;1100;5.04;
2003-06-16;4.6;4.6;4.6;4.6;200;4.22;
2003-06-12;4.61;5.85;4.61;5.25;100;4.81;
2003-06-10;5.03;5.04;5.03;5.04;300;4.62;
2003-06-06;4.21;4.21;4.21;4.21;100;3.86;
2003-06-05;3.51;3.51;3.51;3.51;200;3.22;
2003-06-04;4.03;4.03;4.03;4.03;200;3.69;
2003-06-03;5;5.01;4.52;4.52;700;4.14;
2003-05-30;5.55;5.55;5.55;5.55;0;5.09;
2003-05-22;6.85;6.9;6.85;6.9;400;6.33;
2003-05-21;6.35;6.9;6.35;6.9;1000;6.33;
2003-05-20;5.75;5.75;5.75;5.75;100;5.27;
2003-05-15;4.8;4.8;4.8;4.8;100;4.4;
2003-05-14;4;4;4;4;300;3.67;
2003-05-13;3.6;3.6;3.6;3.6;500;3.3;
2003-05-09;3.7;3.7;3;3.7;900;3.39;
2003-05-07;3.1;3.1;3.1;3.1;200;2.84;
2003-04-08;3.45;3.45;3.45;3.45;200;3.16;
2003-03-28;4.25;4.25;4.25;4.25;200;3.9;
2003-03-26;4.25;4.25;4.25;4.25;200;3.9;
2003-03-10;4;4.15;4;4.15;2000;3.8;
2003-03-07;4;4;4;4;100;3.67;
2003-03-05;4.3;4.35;4.3;4.3;0;3.94;
2003-02-26;5.05;5.05;5.05;5.05;2700;4.63;
2003-02-25;4.35;6.25;4.35;6.25;200;5.73;
2003-02-24;5.3;5.3;5.3;5.3;0;4.86;
2003-02-18;4.5;4.5;4.5;4.5;100;4.13;
2003-02-17;4.5;5;4.5;5;500;4.58;
2003-02-14;4.7;4.7;4.7;4.7;100;4.31;
2003-02-12;5.85;5.85;5.85;5.85;0;5.36;
2003-02-06;5;5;5;5;0;4.58;
2003-02-04;4.25;4.25;4.2;4.2;1100;3.85;
2003-01-30;4.5;4.5;4.5;4.5;300;4.13;
2003-01-29;4.6;4.6;4.5;4.5;900;4.13;
2003-01-23;4.5;4.5;4.5;4.5;500;4.13;
2003-01-22;5;5;5;5;200;4.58;
2003-01-21;5.1;5.1;5.05;5.05;1000;4.63;
2003-01-20;4.65;6.6;4.65;6.25;300;5.73;
2003-01-15;4.3;5.55;4.3;5.5;1600;5.04;
2003-01-09;5;5;4.65;4.65;300;4.26;
2003-01-08;4.25;4.25;4.25;4.25;0;3.9;
2003-01-06;4.25;4.35;4.25;4.35;200;3.99;
2003-01-03;4.85;4.9;4.85;4.9;100;4.49;
2003-01-02;4.15;4.15;4.15;4.15;100;3.8;
2002-12-31;5.5;5.5;4.1;4.1;300;3.76;
2002-12-27;4.6;4.6;4.6;4.6;500;4.22;
2002-12-18;5.5;5.6;5.5;5.6;600;5.13;
2002-12-17;5.25;5.25;5.25;5.25;100;4.81;
2002-12-16;5.05;5.55;5.05;5.55;200;5.09;
2002-12-11;4.55;6.1;4.55;5.9;400;5.41;
2002-12-09;5.25;5.25;5.25;5.25;100;4.81;
2002-12-06;6.4;6.4;6.4;6.4;0;5.87;
2002-12-05;5.5;5.5;5.5;5.5;100;5.04;
2002-12-04;5.15;5.45;5.15;5.45;600;5;
2002-12-03;5.5;5.5;5.5;5.5;200;5.04;
2002-12-02;5.5;5.5;5.5;5.5;100;5.04;
2002-11-28;5.5;5.6;5.5;5.6;500;5.13;
2002-11-26;5;5;5;5;100;4.58;
2002-11-22;4.75;4.75;4.75;4.75;300;4.35;
2002-11-18;7.45;7.45;5.5;5.5;1300;5.04;
2002-11-15;5.15;6.85;5.15;6.8;100;6.23;
2002-11-13;5.85;5.85;5.85;5.85;200;5.36;
2002-11-12;4.25;5.4;4.25;5.4;300;4.95;
2002-10-31;4.5;4.5;4.5;4.5;100;4.13;
2002-10-24;4.3;4.3;4.25;4.25;600;3.9;
2002-10-23;4.25;4.7;4.25;4.25;400;3.9;
2002-10-22;4.2;4.95;4.2;4.3;0;3.94;
2002-10-10;4.1;4.6;4.1;4.5;400;4.13;
2002-10-09;4.5;4.5;4.5;4.5;100;4.13;
2002-10-08;5;5;4.55;4.55;300;4.17;
2002-10-04;4.95;4.95;4.95;4.95;0;4.54;
2002-10-01;4.5;4.5;4.5;4.5;200;4.13;
2002-09-30;4.65;4.65;4.6;4.6;300;4.22;
2002-09-27;5;5;5;5;800;4.58;
2002-09-25;5.55;5.6;5.55;5.6;1000;5.13;
2002-09-24;4.75;4.75;4.75;4.75;500;4.35;
2002-09-23;5.25;5.25;5.2;5.25;100;4.81;
2002-09-20;5.5;6.45;5.5;6.45;300;5.91;
2002-09-19;5.1;6.4;5;6.3;500;5.78;
2002-09-18;5.5;5.5;4.85;5.5;800;5.04;
2002-09-12;6;6;6;6;0;5.5;
2002-09-05;6;6;6;6;100;5.5;
2002-09-04;5.5;5.5;5.5;5.5;1300;5.04;
2002-09-03;5.5;5.5;5.5;5.5;100;5.04;
2002-08-23;5.5;5.5;5.5;5.5;300;5.04;
2002-08-22;5.5;6;5.5;6;300;5.5;
2002-08-13;5.25;5.25;5;5;900;4.58;
2002-08-12;5.15;5.15;5.05;5.05;400;4.63;
2002-06-26;8.95;9.7;8.95;9.25;9400;8.48;
2002-06-25;7.5;8.1;7.5;8.1;700;7.43;
2002-06-21;7.8;7.95;6.2;6.75;700;6.19;
2002-06-19;7.2;7.5;7.2;7.5;400;6.88;
2002-06-18;7.25;7.25;7.25;7.25;300;6.65;
2002-06-17;5.15;7.05;5.15;7.05;1700;6.46;
2002-06-11;5.8;5.9;5.8;5.9;1200;5.41;
2002-06-10;5.55;6;4.85;4.95;1400;4.54;
2002-06-04;6;6;6;6;200;5.5;
2002-05-16;7;7;7;7;0;6.42;
2002-05-13;6;6;6;6;500;5.5;
2002-05-10;6;6;6;6;100;5.5;
2002-05-09;6;6;6;6;0;5.5;
2002-05-08;6;6;6;6;400;5.5;
2002-05-07;6;6;6;6;1600;5.5;
2002-05-06;6;6;6;6;0;5.5;
2002-05-02;6;6;6;6;100;5.5;
2002-04-30;5.6;5.6;5.6;5.6;0;5.13;
2002-04-26;5.1;5.1;5.1;5.1;0;4.68;
2002-04-25;5.25;5.25;5.25;5.25;0;4.81;
2002-04-24;5.5;5.5;5.25;5.25;100;4.81;
2002-04-19;5.25;5.5;5.25;5.5;0;5.04;
2002-04-18;5;5;5;5;600;4.58;
2002-04-17;5;5;5;5;0;4.58;
2002-04-16;5.1;5.1;5;5;200;4.58;
2002-04-12;5.85;5.85;5.85;5.85;0;5.36;
2002-04-10;4.9;4.9;4.9;4.9;0;4.49;
2002-04-09;4.1;4.1;4.1;4.1;100;3.76;
2002-04-05;4.5;5.1;4.5;5.1;100;4.68;
2002-04-04;5;5;4.5;4.5;100;4.13;
2002-04-03;5.5;5.5;5.5;5.5;0;5.04;
2002-04-01;5;5;5;5;0;4.58;
2002-03-05;5.3;5.3;5.2;5.2;500;4.77;
2002-02-26;5.6;5.6;5.5;5.5;100;5.04;
2002-02-25;5.5;5.5;5.5;5.5;100;5.04;
2002-02-22;5.5;5.9;5.5;5.5;0;5.04;
2002-02-21;5.1;5.1;5.1;5.1;200;4.68;
2002-02-20;4.1;5;4.05;5;200;4.58;
2002-02-19;5;5;5;5;0;4.58;
2002-02-08;5;5;5;5;100;4.58;
2002-02-04;4.6;5.55;4.55;5.55;100;5.09;
2002-01-25;4.6;6.75;4.6;5.65;200;5.18;
2002-01-24;5.65;5.65;5.65;5.65;100;5.18;
2002-01-14;7;7;7;7;400;6.42;
2000-12-04;7.5;7.5;7.5;7.5;300;6.88;
2000-11-29;7.8;7.8;7.8;7.8;100;7.15;
2000-11-28;6.3;6.3;6.25;6.25;1000;5.73;
2000-11-21;8;8;8;8;0;7.33;
2000-11-20;8;8;8;8;0;7.33;
2000-11-17;8;8;8;8;0;7.33;
2000-11-16;8;8;8;8;0;7.33;
2000-11-15;8;8;8;8;0;7.33;
2000-11-14;8;8;8;8;200;7.33;
2000-11-13;7.55;7.55;7.55;7.55;0;6.92;
2000-11-10;7.55;7.55;7.55;7.55;0;6.92;
2000-11-09;7.55;7.55;7.55;7.55;0;6.92;
2000-11-08;7.55;7.55;7.55;7.55;0;6.92;
2000-11-07;7.55;7.55;7.55;7.55;0;6.92;
2000-11-06;7.55;7.55;7.55;7.55;0;6.92;
2000-11-03;7.55;7.55;7.55;7.55;0;6.92;
2000-11-02;7.55;7.55;7.55;7.55;0;6.92;
2000-11-01;7.55;7.55;7.55;7.55;0;6.92;
2000-10-31;7.55;7.55;7.55;7.55;0;6.92;
2000-10-30;7.55;7.55;7.55;7.55;0;6.92;
2000-10-27;7.55;7.55;7.55;7.55;0;6.92;
2000-10-26;7.55;7.55;7.55;7.55;0;6.92;
2000-10-25;7.55;7.55;7.55;7.55;0;6.92;
2000-10-24;7.55;7.55;7.55;7.55;0;6.92;
2000-10-23;7.55;7.55;7.55;7.55;0;6.92;
2000-10-20;7.55;7.55;7.55;7.55;0;6.92;
2000-10-19;7.55;7.55;7.55;7.55;0;6.92;
2000-10-18;7.55;7.55;7.55;7.55;100;6.92;
