1;24;10;2013;154.45;0
2;23;10;2013;154.45;400
3;22;10;2013;157.4;200
4;21;10;2013;154.45;300
5;18;10;2013;150;100
6;17;10;2013;153;200
7;16;10;2013;153;0
8;15;10;2013;153;2100
9;14;10;2013;169;0
10;11;10;2013;169;0
11;10;10;2013;162.3;0
12;9;10;2013;162.3;200
13;8;10;2013;165;0
14;7;10;2013;161.05;0
15;4;10;2013;165;0
16;3;10;2013;160.1;100
17;2;10;2013;165;0
18;1;10;2013;165;0
19;30;9;2013;165;0
20;27;9;2013;165;100
21;26;9;2013;165;400
22;25;9;2013;159;200
23;24;9;2013;162;100
24;23;9;2013;160;100
25;20;9;2013;160;300
26;19;9;2013;162;0
27;18;9;2013;169.95;100
28;17;9;2013;160;100
29;16;9;2013;160;100
30;13;9;2013;165.05;0
31;12;9;2013;166.55;0
32;11;9;2013;166.55;0
33;10;9;2013;165.25;0
34;9;9;2013;176;0
35;6;9;2013;176;0
36;5;9;2013;156.15;0
37;4;9;2013;156.15;0
38;3;9;2013;155.15;0
39;2;9;2013;150.1;0
40;30;8;2013;179;0
41;29;8;2013;185;0
42;28;8;2013;183.9;0
43;27;8;2013;169.5;0
44;26;8;2013;169.5;0
45;23;8;2013;159;300
46;22;8;2013;165;800
47;21;8;2013;165;0
48;20;8;2013;165.4;100
49;19;8;2013;184.9;0
50;16;8;2013;184.9;200
51;15;8;2013;169.9;0
52;14;8;2013;169.9;0
53;13;8;2013;169.9;0
54;12;8;2013;165.55;0
55;9;8;2013;167;0
56;8;8;2013;167;0
57;7;8;2013;167;100
58;6;8;2013;166;0
59;5;8;2013;165.5;0
60;2;8;2013;165.5;100
61;1;8;2013;165;0
62;31;7;2013;166.2;0
63;30;7;2013;165.9;200
64;29;7;2013;160.5;100
65;26;7;2013;170;0
66;25;7;2013;170;0
67;24;7;2013;170;100
68;23;7;2013;166.5;500
69;22;7;2013;170.25;100
70;19;7;2013;172.25;0
71;18;7;2013;172.25;100
72;17;7;2013;173.5;200
73;16;7;2013;185;0
74;15;7;2013;185;0
75;12;7;2013;185;0
76;11;7;2013;172.2;0
77;10;7;2013;171.6;200
78;9;7;2013;171.25;400
79;8;7;2013;182;0
80;5;7;2013;182;300
81;4;7;2013;178.2;2400
82;3;7;2013;170;600
83;2;7;2013;173;800
84;1;7;2013;173;300
85;28;6;2013;173;100
86;27;6;2013;170;100
87;26;6;2013;167.25;200
88;25;6;2013;168.35;2100
89;24;6;2013;168.55;600
90;21;6;2013;170;0
91;20;6;2013;167.7;100
92;19;6;2013;168;0
93;18;6;2013;164.05;300
94;17;6;2013;166.85;0
95;14;6;2013;173.1;200
96;13;6;2013;176.2;0
97;12;6;2013;176;100
98;11;6;2013;193.95;0
99;10;6;2013;194.8;200
100;7;6;2013;188.25;100
101;6;6;2013;190.3;500
102;5;6;2013;195;0
103;4;6;2013;195;100
104;3;6;2013;193;200
105;31;5;2013;199.6;0
106;30;5;2013;203.25;100
107;29;5;2013;200;200
108;28;5;2013;197.05;100
109;27;5;2013;205.25;200
110;24;5;2013;202.15;300
111;23;5;2013;201.9;300
112;22;5;2013;200;100
113;21;5;2013;200;300
114;20;5;2013;210.55;100
115;17;5;2013;205;300
116;16;5;2013;204;200
117;15;5;2013;195.35;800
118;14;5;2013;203.25;700
119;13;5;2013;200.75;1500
120;10;5;2013;203;100
121;9;5;2013;210;300
122;8;5;2013;205;300
123;7;5;2013;202;300
124;6;5;2013;202;300
125;3;5;2013;205;100
126;2;5;2013;205.85;200
127;1;5;2013;205.85;0
128;30;4;2013;205.85;300
129;29;4;2013;206;900
130;26;4;2013;198.2;700
131;25;4;2013;205;1600
132;24;4;2013;201.9;0
133;23;4;2013;201.9;1300
134;22;4;2013;200.8;900
135;19;4;2013;201;0
136;18;4;2013;201;600
137;17;4;2013;207;600
138;16;4;2013;208.75;300
139;15;4;2013;207;100
140;12;4;2013;206;400
141;11;4;2013;203;200
142;10;4;2013;206.65;100
143;9;4;2013;205;200
144;8;4;2013;203.55;900
145;5;4;2013;204.8;900
146;4;4;2013;206.75;300
147;3;4;2013;210.9;500
148;2;4;2013;208.9;1100
149;1;4;2013;209.2;700
150;29;3;2013;206.95;0
151;28;3;2013;206.95;1500
152;27;3;2013;216.05;0
153;26;3;2013;216.05;500
154;25;3;2013;220.4;11300
155;22;3;2013;238.9;1200
156;21;3;2013;298.6;2600
157;20;3;2013;244.88;22600
158;19;3;2013;250.53;12000
159;18;3;2013;245.65;21100
160;15;3;2013;245.24;18700
161;14;3;2013;243.24;11300
162;13;3;2013;236.38;600
163;12;3;2013;242.35;33700
164;11;3;2013;243.29;7000
165;8;3;2013;228.18;1200
166;7;3;2013;224.12;600
167;6;3;2013;227.32;2100
168;5;3;2013;221.59;800
169;4;3;2013;218.53;800
170;1;3;2013;210.29;2500
171;28;2;2013;219.32;3400
172;27;2;2013;228.76;1400
173;26;2;2013;231.85;1000
174;25;2;2013;233.65;700
175;22;2;2013;237;1800
176;21;2;2013;231.94;500
177;20;2;2013;237.06;200
178;19;2;2013;235.32;400
179;18;2;2013;237.53;100
180;15;2;2013;232.38;700
181;14;2;2013;234.91;400
182;13;2;2013;236.44;600
183;12;2;2013;236.59;700
184;11;2;2013;241.12;600
185;8;2;2013;235.38;500
186;7;2;2013;235.47;900
187;6;2;2013;235.29;1100
188;5;2;2013;233.79;9200
189;4;2;2013;241.62;9000
190;1;2;2013;239.62;3000
191;31;1;2013;243.09;14100
192;30;1;2013;255.74;20800
193;29;1;2013;243.41;2500
194;28;1;2013;246.56;6000
195;25;1;2013;239.38;1500
196;24;1;2013;242.03;9300
197;23;1;2013;242.21;20000
198;22;1;2013;245.18;72200
199;21;1;2013;207.44;2800
200;18;1;2013;207.94;3400
201;17;1;2013;207.12;1800
202;16;1;2013;205.88;500
203;15;1;2013;205.88;0
204;14;1;2013;205.88;100
205;11;1;2013;206.76;700
206;10;1;2013;208.24;300
207;9;1;2013;206.12;200
208;8;1;2013;208.24;0
209;7;1;2013;206.62;400
210;4;1;2013;209.21;300
211;3;1;2013;205.91;2300
212;2;1;2013;207.97;500
213;1;1;2013;205.88;1000
214;31;12;2012;211.12;1800
215;28;12;2012;205.82;900
216;27;12;2012;205.74;700
217;26;12;2012;205.94;700
218;25;12;2012;205.82;0
219;24;12;2012;205.82;1400
220;21;12;2012;205.88;1200
221;20;12;2012;211.88;3200
222;19;12;2012;207.65;1000
223;18;12;2012;207.59;200
224;17;12;2012;205.76;1500
225;14;12;2012;206.82;1800
226;13;12;2012;205.88;500
227;12;12;2012;207.91;0
228;11;12;2012;205.88;800
229;10;12;2012;206;700
230;7;12;2012;207.71;600
231;6;12;2012;206.47;500
232;5;12;2012;209.29;3800
233;4;12;2012;203.53;300
234;3;12;2012;204.71;600
235;30;11;2012;202.35;400
236;29;11;2012;200.32;700
237;28;11;2012;201.97;0
238;27;11;2012;201.97;2000
239;26;11;2012;203.59;1100
240;23;11;2012;201.26;600
241;22;11;2012;201.76;400
242;21;11;2012;199.38;700
243;20;11;2012;203.5;1500
244;19;11;2012;205.18;700
245;16;11;2012;207.12;2100
246;15;11;2012;212.06;2900
247;14;11;2012;196.47;0
248;13;11;2012;196.47;0
249;12;11;2012;196.47;800
250;9;11;2012;199.12;200
251;8;11;2012;199.41;300
252;7;11;2012;199.88;1300
253;6;11;2012;201.82;500
254;5;11;2012;200.38;1200
255;2;11;2012;202.41;900
256;1;11;2012;200;900
257;31;10;2012;200.41;200
258;30;10;2012;200.76;600
259;29;10;2012;205.74;400
260;26;10;2012;207.38;1200
261;25;10;2012;207.21;100
262;24;10;2012;208.24;0
263;23;10;2012;208.24;400
264;22;10;2012;209.44;600
265;19;10;2012;208.59;1400
266;18;10;2012;211.21;800
267;17;10;2012;210.65;900
268;16;10;2012;211.21;600
269;15;10;2012;211.53;600
270;12;10;2012;211.47;1900
271;11;10;2012;211.76;1700
272;10;10;2012;209.85;2900
273;9;10;2012;211.47;2300
274;8;10;2012;210.12;1900
275;5;10;2012;206.88;4400
276;4;10;2012;208.85;4700
277;3;10;2012;209.18;3700
278;2;10;2012;211.91;0
279;1;10;2012;211.91;8300
280;28;9;2012;211.38;12000
281;27;9;2012;204.32;31800
282;26;9;2012;215.56;200700
283;25;9;2012;269.44;178400
284;24;9;2012;230;100
285;21;9;2012;232.38;500
286;20;9;2012;235.88;100
287;19;9;2012;229.41;0
288;18;9;2012;229.41;5100
289;17;9;2012;227.53;700
290;14;9;2012;233.56;1100
291;13;9;2012;234.71;400
292;12;9;2012;230.82;400
293;11;9;2012;234.74;400
294;10;9;2012;234.15;800
295;7;9;2012;241.18;2200
296;6;9;2012;238.24;500
297;5;9;2012;241;800
298;4;9;2012;240.5;1000
299;3;9;2012;248.03;400
300;31;8;2012;252.94;100
301;30;8;2012;254.09;400
302;29;8;2012;251;200
303;28;8;2012;255.59;400
304;27;8;2012;254.85;400
305;24;8;2012;263.94;500
306;23;8;2012;264.71;900
307;22;8;2012;260.23;200
308;21;8;2012;263.23;400
309;20;8;2012;270.77;0
310;17;8;2012;270.77;1900
311;16;8;2012;252.94;600
312;15;8;2012;252.29;0
313;14;8;2012;252.29;800
314;13;8;2012;261.77;300
315;10;8;2012;276.15;4900
316;9;8;2012;251.38;3600
317;8;8;2012;235.44;400
318;7;8;2012;237.21;600
319;6;8;2012;245.65;700
320;3;8;2012;246.62;2700
321;2;8;2012;266.65;13100
322;1;8;2012;224.15;300
323;31;7;2012;224.03;200
324;30;7;2012;225.88;200
325;27;7;2012;223.03;200
326;26;7;2012;220.59;700
327;25;7;2012;233.03;600
328;24;7;2012;235.32;200
329;23;7;2012;227.76;200
330;20;7;2012;239.15;0
331;19;7;2012;244.12;0
332;18;7;2012;245.15;100
333;17;7;2012;241.21;400
334;16;7;2012;241.18;800
335;13;7;2012;240.79;1500
336;12;7;2012;234.03;1900
337;11;7;2012;231.59;300
338;10;7;2012;232.62;2200
339;9;7;2012;239.15;1100
340;6;7;2012;247.06;200
341;5;7;2012;246.18;1700
342;4;7;2012;236.26;600
343;3;7;2012;221.79;300
344;2;7;2012;225.24;100
345;29;6;2012;223.41;600
346;28;6;2012;214.71;0
347;27;6;2012;210.65;500
348;26;6;2012;215.24;300
349;25;6;2012;211.76;200
350;22;6;2012;212.15;800
351;21;6;2012;210;3400
352;20;6;2012;216.74;200
353;19;6;2012;211.44;300
354;18;6;2012;214.71;0
355;15;6;2012;217.65;100
356;14;6;2012;223.26;400
357;13;6;2012;221;100
358;12;6;2012;228.24;0
359;11;6;2012;226.47;400
360;8;6;2012;229.41;0
361;7;6;2012;229.41;400
362;6;6;2012;229.41;100
363;5;6;2012;223.53;0
364;4;6;2012;227.65;100
365;1;6;2012;218.97;300
366;31;5;2012;231.47;100
367;30;5;2012;228.24;100
368;29;5;2012;226.47;100
369;28;5;2012;228.74;100
370;25;5;2012;234.06;0
371;24;5;2012;232.06;200
372;23;5;2012;241.18;100
373;22;5;2012;232.47;200
374;21;5;2012;232.41;100
375;18;5;2012;242.35;0
376;17;5;2012;239.09;0
377;16;5;2012;238.24;100
378;15;5;2012;245.29;0
379;14;5;2012;242.71;100
380;11;5;2012;247.68;300
381;10;5;2012;241.85;0
382;9;5;2012;248.88;0
383;8;5;2012;250.88;100
384;7;5;2012;254.38;700
385;4;5;2012;258.03;1900
386;3;5;2012;255.62;500
387;2;5;2012;261.5;600
388;1;5;2012;274.71;0
389;30;4;2012;264.5;600
390;27;4;2012;272.35;2100
391;26;4;2012;258.77;400
392;25;4;2012;267.06;400
393;24;4;2012;269.38;500
394;23;4;2012;270.94;400
395;20;4;2012;271.85;176500
396;19;4;2012;280.85;1300
397;18;4;2012;277.35;800
398;17;4;2012;280;400
399;16;4;2012;275.18;100
400;13;4;2012;269.91;1400
401;12;4;2012;276.53;1100
402;11;4;2012;270.59;200
403;10;4;2012;264.71;600
404;9;4;2012;275.38;1100
405;6;4;2012;276.53;0
406;5;4;2012;276.53;0
407;4;4;2012;276.53;2900
408;3;4;2012;275.23;800
409;2;4;2012;276.23;7300
410;30;3;2012;275.38;4200
411;29;3;2012;229.5;0
412;28;3;2012;229.5;700
413;27;3;2012;238.82;3500
414;26;3;2012;218.88;3600
415;23;3;2012;220.85;1700
416;22;3;2012;200.62;200
417;21;3;2012;205.82;900
418;20;3;2012;209.56;100
419;19;3;2012;214.44;300
420;16;3;2012;215.29;1600
421;15;3;2012;207.47;1400
422;14;3;2012;214.59;200
423;13;3;2012;214.68;400
424;12;3;2012;214.12;0
425;9;3;2012;211.62;400
426;8;3;2012;218.24;0
427;7;3;2012;211.74;100
428;6;3;2012;211.24;600
429;5;3;2012;214.12;800
430;2;3;2012;214.71;1100
431;1;3;2012;218.24;400
432;29;2;2012;221.06;500
433;28;2;2012;217.65;800
434;27;2;2012;208.88;800
435;24;2;2012;214.68;3200
436;23;2;2012;214.88;0
437;22;2;2012;214.88;100
438;21;2;2012;218.12;400
439;20;2;2012;220.85;0
440;17;2;2012;220.85;600
441;16;2;2012;217.35;1700
442;15;2;2012;206.18;600
443;14;2;2012;211.09;3700
444;13;2;2012;214;900
445;10;2;2012;202.71;500
446;9;2;2012;208.82;200
447;8;2;2012;213.5;3500
448;7;2;2012;205.88;200
449;6;2;2012;209.35;1000
450;3;2;2012;206.03;900
451;2;2;2012;208.79;200
452;1;2;2012;205.32;1200
453;31;1;2012;193.12;200
454;30;1;2012;186.29;500
455;27;1;2012;196.47;800
456;26;1;2012;196.47;0
457;25;1;2012;196.47;300
458;24;1;2012;200.65;400
459;23;1;2012;203.59;0
460;20;1;2012;208.82;1600
461;19;1;2012;203.24;34400
462;18;1;2012;200.97;1200
463;17;1;2012;211.26;4100
464;16;1;2012;232.35;20500
465;13;1;2012;211.76;700
466;12;1;2012;217.88;400
467;11;1;2012;220.71;600
468;10;1;2012;213.76;1000
469;9;1;2012;204.5;800
470;6;1;2012;194.12;0
471;5;1;2012;187.21;0
472;4;1;2012;187.21;900
473;3;1;2012;179.71;200
474;2;1;2012;178.82;400
475;30;12;2011;183.94;600
476;29;12;2011;184.71;400
477;28;12;2011;187.62;800
478;27;12;2011;187.06;1200
479;26;12;2011;186.26;500
480;23;12;2011;177.41;100
481;22;12;2011;168.97;2500
482;21;12;2011;160.94;300
483;20;12;2011;168.15;400
484;19;12;2011;174.74;600
485;16;12;2011;183.91;200
486;15;12;2011;185.59;200
487;14;12;2011;195.35;0
488;13;12;2011;204.59;200
489;12;12;2011;198.76;1600
490;9;12;2011;208.24;500
491;8;12;2011;204.26;400
492;7;12;2011;201.76;300
493;6;12;2011;205.88;0
494;5;12;2011;205.88;100
495;2;12;2011;204;200
496;1;12;2011;194.29;0
497;30;11;2011;195.65;200
498;29;11;2011;205.88;0
499;28;11;2011;205.88;0
500;25;11;2011;205.91;700
501;24;11;2011;202.94;0
502;23;11;2011;208.94;300
503;22;11;2011;217.94;0
504;21;11;2011;224.35;100
505;18;11;2011;234.29;1000
506;17;11;2011;226.12;1500
507;16;11;2011;219.09;100
508;15;11;2011;227.53;400
509;14;11;2011;237.06;0
510;11;11;2011;248.18;0
511;9;11;2011;241.65;100
512;8;11;2011;241.38;300
513;4;11;2011;235.53;100
514;3;11;2011;239.53;200
515;2;11;2011;248.91;400
516;1;11;2011;253.53;13600
517;31;10;2011;254.18;100
518;28;10;2011;260.56;6400
519;25;10;2011;254.12;0
520;24;10;2011;261.77;24100
521;21;10;2011;263.79;300
522;20;10;2011;260.62;17600
523;19;10;2011;273.53;29200
524;18;10;2011;282.35;17100
525;17;10;2011;287.65;43200
526;14;10;2011;278.27;38600
527;13;10;2011;268.82;14100
528;12;10;2011;275.18;34400
529;11;10;2011;269.29;34500
530;10;10;2011;265.91;68300
531;7;10;2011;270.21;500
532;5;10;2011;263.62;1900
533;4;10;2011;261.77;900
534;3;10;2011;263.27;700
535;30;9;2011;264.71;35100
536;29;9;2011;261.77;40000
537;28;9;2011;264.65;2900
538;27;9;2011;257.94;600
539;26;9;2011;256.47;1200
540;23;9;2011;266.21;3800
541;22;9;2011;271.5;3000
542;21;9;2011;277.06;2200
543;20;9;2011;274.03;400
544;19;9;2011;275.5;800
545;16;9;2011;279.41;3600
546;15;9;2011;273.53;700
547;14;9;2011;276.56;1400
548;13;9;2011;273.88;1100
549;12;9;2011;276.35;2000
550;9;9;2011;280.44;3500
551;8;9;2011;267.09;1700
552;7;9;2011;265.23;2400
553;6;9;2011;264.77;6200
554;5;9;2011;263.73;7000
555;2;9;2011;273.5;21900
556;30;8;2011;260.71;16100
557;29;8;2011;248.29;38800
558;26;8;2011;236.47;100
559;25;8;2011;248.91;0
560;24;8;2011;262;0
561;23;8;2011;275.77;0
562;22;8;2011;290.27;0
563;19;8;2011;305.53;300
564;18;8;2011;321.59;0
565;17;8;2011;338.5;9700
566;16;8;2011;356.29;80100
567;12;8;2011;375.03;10800
568;11;8;2011;394.77;43100
569;10;8;2011;391.09;88000
570;9;8;2011;373.41;94900
571;8;8;2011;356.47;128100
572;5;8;2011;324.5;113200
573;4;8;2011;301.68;66700
574;3;8;2011;274.27;147300
575;2;8;2011;261.73;1259900
576;1;8;2011;218.12;150800
577;29;7;2011;181.76;4000
578;28;7;2011;182.94;0
579;27;7;2011;181.26;2300
580;26;7;2011;182.35;1900
581;25;7;2011;182.35;300
582;22;7;2011;180.26;600
583;21;7;2011;182.18;700
584;20;7;2011;186.15;2700
585;19;7;2011;185.29;1400
586;18;7;2011;182.15;2700
587;15;7;2011;184.79;700
588;14;7;2011;185.65;3400
589;13;7;2011;185.29;1400
590;12;7;2011;187.44;1100
591;11;7;2011;187.68;2800
592;8;7;2011;186.24;3400
593;7;7;2011;187.76;4600
594;6;7;2011;188.09;22100
595;5;7;2011;188.97;65400
596;4;7;2011;214.68;64900
597;1;7;2011;178.91;5400
598;30;6;2011;179.32;1800
599;29;6;2011;177.21;1400
600;28;6;2011;179.41;1400
601;27;6;2011;177.56;3900
602;24;6;2011;176.76;6000
603;23;6;2011;176.47;2100
604;22;6;2011;176.71;1200
605;21;6;2011;177.82;4200
606;20;6;2011;183.32;2900
607;17;6;2011;184.21;6800
608;16;6;2011;192.35;7600
609;15;6;2011;199.41;5900
610;14;6;2011;201.91;3700
611;13;6;2011;206.32;2000
612;10;6;2011;208.71;1300
613;9;6;2011;214.12;800
614;8;6;2011;212.18;1700
615;7;6;2011;216.65;17000
616;6;6;2011;198.65;1400
617;3;6;2011;199.41;1700
618;2;6;2011;198.82;2000
619;1;6;2011;205.44;6100
620;31;5;2011;206.65;9400
621;30;5;2011;217.18;4300
622;27;5;2011;213.53;600
623;26;5;2011;213.94;3200
624;25;5;2011;215.29;1400
625;24;5;2011;216.29;5000
626;23;5;2011;216.5;1600
627;20;5;2011;219.47;6500
628;19;5;2011;220.65;20500
629;18;5;2011;220.32;5700
630;17;5;2011;219.41;4500
631;16;5;2011;220.41;32000
632;13;5;2011;216.62;9300
633;12;5;2011;216.35;5600
634;11;5;2011;219.56;176900
635;10;5;2011;197.53;307900
636;9;5;2011;210.35;2900
637;6;5;2011;212.18;42800
638;5;5;2011;212.09;77900
639;4;5;2011;190.85;11900
640;3;5;2011;192.41;8200
641;2;5;2011;191.56;13900
642;29;4;2011;193.24;53600
643;28;4;2011;175.32;53700
644;27;4;2011;175.29;40900
645;26;4;2011;176.79;10100
646;25;4;2011;172.53;8000
647;21;4;2011;176.18;94300
648;20;4;2011;158.82;6000
649;19;4;2011;157.62;1500
650;18;4;2011;153.62;8500
651;15;4;2011;158.85;46400
652;13;4;2011;149.12;7000
653;11;4;2011;146.47;3100
654;8;4;2011;150.53;1300
655;7;4;2011;149.76;31400
656;6;4;2011;152.74;27500
657;5;4;2011;149.79;2300
658;4;4;2011;148.62;700
659;1;4;2011;149.5;2000
660;31;3;2011;148.62;100100
661;30;3;2011;145.85;2400
662;29;3;2011;145.29;3000
663;28;3;2011;149.62;11300
664;25;3;2011;152.06;400
665;24;3;2011;152.5;11200
666;23;3;2011;147.06;3200
667;22;3;2011;148.18;4900
668;21;3;2011;150.35;3700
669;18;3;2011;152.09;9600
670;17;3;2011;149.35;4900
671;16;3;2011;148.82;1600
672;15;3;2011;152.26;71300
673;14;3;2011;153.24;8100
674;11;3;2011;149.68;22300
675;10;3;2011;140.65;12800
676;9;3;2011;138.5;10200
677;8;3;2011;135.88;3000
678;7;3;2011;135.65;3400
679;4;3;2011;136.91;6600
680;3;3;2011;136.35;2500
681;1;3;2011;133.65;4600
682;28;2;2011;133.53;1600
683;25;2;2011;135.41;6800
684;24;2;2011;130.82;4700
685;23;2;2011;129.68;1000
686;22;2;2011;133.53;2600
687;21;2;2011;134.03;6500
688;18;2;2011;132.74;10500
689;17;2;2011;132.18;7300
690;16;2;2011;135.09;7600
691;15;2;2011;127.65;3000
692;14;2;2011;130.88;6000
693;11;2;2011;132;32000
694;10;2;2011;122.62;8400
695;9;2;2011;122.88;23100
696;8;2;2011;123.53;8600
697;7;2;2011;123.03;1100
698;4;2;2011;125.91;21500
699;3;2;2011;122.85;4600
700;2;2;2011;118.15;4200
701;1;2;2011;116.65;27100
702;31;1;2011;116.65;9300
703;28;1;2011;117.47;12200
704;27;1;2011;118.24;500
705;26;1;2011;120.59;0
706;25;1;2011;120.59;26300
707;24;1;2011;120.68;28800
708;21;1;2011;121.56;28900
709;20;1;2011;121.26;23500
710;19;1;2011;118.59;26600
711;18;1;2011;117.06;10400
712;17;1;2011;117.71;19800
713;14;1;2011;117.91;10600
714;13;1;2011;113.62;20000
715;12;1;2011;111.76;5600
716;11;1;2011;109.44;19700
717;10;1;2011;109.65;16900
718;7;1;2011;118.18;16800
719;6;1;2011;117.88;5200
720;5;1;2011;117.65;3000
721;4;1;2011;116.71;300
722;3;1;2011;117.65;500
723;31;12;2010;119.68;900
724;30;12;2010;118.79;800
725;29;12;2010;120.24;2900
726;28;12;2010;123.68;15300
727;27;12;2010;119.85;9500
728;24;12;2010;115.41;2800
729;23;12;2010;116.24;13100
730;22;12;2010;111.82;1900
731;21;12;2010;112.35;6500
732;20;12;2010;111.76;1200
733;17;12;2010;112.94;0
734;16;12;2010;112.94;2500
735;15;12;2010;111.59;2500
736;14;12;2010;111.18;3200
737;13;12;2010;113.15;2900
738;10;12;2010;112.62;17600
739;9;12;2010;105.88;11100
740;8;12;2010;110.68;21500
741;7;12;2010;106.21;3200
742;6;12;2010;110.59;3400
743;3;12;2010;114.85;20300
744;2;12;2010;111.21;200
745;1;12;2010;112.32;2500
746;30;11;2010;108.56;3000
747;29;11;2010;111.65;5300
748;26;11;2010;110;33100
749;25;11;2010;109.53;8100
750;24;11;2010;110.32;2400
751;23;11;2010;110.06;2000
752;22;11;2010;112.62;7600
753;19;11;2010;110.09;6800
754;18;11;2010;114.59;21400
755;17;11;2010;111.59;0
756;16;11;2010;111.59;19500
757;15;11;2010;115.15;4300
758;12;11;2010;116.71;25600
759;11;11;2010;113.94;8700
760;10;11;2010;114.88;6500
761;9;11;2010;114.68;26400
762;8;11;2010;115.88;5400
763;5;11;2010;116.35;3000
764;4;11;2010;114.26;14100
765;3;11;2010;113.97;63400
766;2;11;2010;114.32;84000
767;1;11;2010;114.71;82200
768;29;10;2010;114.65;31900
769;28;10;2010;112.76;9400
770;27;10;2010;112.18;8500
771;26;10;2010;111.94;11500
772;25;10;2010;112.79;18700
773;22;10;2010;114.21;12000
774;21;10;2010;113.44;23200
775;20;10;2010;111.97;21800
776;19;10;2010;108.24;11900
777;18;10;2010;104.53;3500
778;15;10;2010;105.68;9800
779;14;10;2010;101.56;5800
780;13;10;2010;105.24;6400
781;12;10;2010;104.85;4100
782;11;10;2010;108.24;1300
783;8;10;2010;108.18;8100
784;7;10;2010;109.85;316900
785;6;10;2010;116.85;166100
786;5;10;2010;97.38;13700
787;4;10;2010;95.68;12400
788;1;10;2010;95.62;23900
789;30;9;2010;94.06;16800
790;29;9;2010;94.62;6700
791;28;9;2010;95.03;35000
792;27;9;2010;95.82;11400
793;24;9;2010;94.79;33300
794;23;9;2010;96.47;3000
795;22;9;2010;96.24;19600
796;21;9;2010;96.76;2500
797;20;9;2010;98.97;3600
798;17;9;2010;98.85;9600
799;16;9;2010;99.76;18500
800;15;9;2010;97.76;5200
801;14;9;2010;99.65;29200
802;13;9;2010;101.68;31400
803;10;9;2010;98.94;0
804;9;9;2010;98.94;32500
805;8;9;2010;99.76;21000
806;7;9;2010;99.88;36700
807;6;9;2010;94.56;8800
808;3;9;2010;91.21;4800
809;2;9;2010;90.35;13800
810;1;9;2010;89.38;6600
811;31;8;2010;88.29;3700
812;30;8;2010;90.32;8500
813;27;8;2010;90.47;7500
814;26;8;2010;92.32;6300
815;25;8;2010;92.97;5200
816;24;8;2010;93.35;5700
817;23;8;2010;93.26;3300
818;20;8;2010;93.03;2100
819;19;8;2010;93.71;1700
820;18;8;2010;93.56;4800
821;17;8;2010;94.15;8500
822;16;8;2010;92.88;4700
823;13;8;2010;94.12;4100
824;12;8;2010;94.94;4400
825;11;8;2010;94.06;4500
826;10;8;2010;94.38;6600
827;9;8;2010;95.44;3000
828;6;8;2010;93.76;11000
829;5;8;2010;93.15;9400
830;4;8;2010;90.32;4400
831;3;8;2010;90.74;5800
832;2;8;2010;89.62;8400
833;30;7;2010;88.35;4100
834;29;7;2010;89.62;1100
835;28;7;2010;89.38;7100
836;27;7;2010;88.56;9000
837;26;7;2010;90.12;4500
838;23;7;2010;91.47;13200
839;22;7;2010;94.94;3100
840;21;7;2010;95.53;3600
841;20;7;2010;96.38;6200
842;19;7;2010;98.06;14600
843;16;7;2010;97.03;17500
844;15;7;2010;95.53;6000
845;14;7;2010;94.94;2700
846;13;7;2010;94.88;1500
847;12;7;2010;95.62;1700
848;9;7;2010;94.94;2100
849;8;7;2010;96.88;2300
850;7;7;2010;96.29;15400
851;6;7;2010;95.56;1700
852;5;7;2010;95.59;2100
853;2;7;2010;96.26;7200
854;1;7;2010;97.94;16500
855;30;6;2010;95.32;3200
856;29;6;2010;93.74;7800
857;28;6;2010;96.62;18300
858;25;6;2010;94.47;7700
859;24;6;2010;95.35;22200
860;23;6;2010;96.09;36600
861;22;6;2010;94.62;131400
862;21;6;2010;89.47;16600
863;18;6;2010;89.06;3400
864;17;6;2010;89.26;800
865;16;6;2010;89.79;1500
866;15;6;2010;90.88;3800
867;14;6;2010;90.56;5400
868;11;6;2010;90;2900
869;10;6;2010;90;2600
870;9;6;2010;88.53;1900
871;8;6;2010;89.82;6300
872;7;6;2010;89.24;14800
873;4;6;2010;89.82;3100
874;3;6;2010;89.94;1400
875;2;6;2010;89.94;900
876;1;6;2010;90;4100
877;31;5;2010;90.94;2900
878;28;5;2010;92.71;13600
879;27;5;2010;94.32;3900
880;26;5;2010;90.12;3800
881;25;5;2010;88.85;4000
882;24;5;2010;90.76;7800
883;21;5;2010;91.82;7300
884;20;5;2010;95.56;5600
885;19;5;2010;99.15;4200
886;18;5;2010;100.26;4800
887;17;5;2010;101.03;7400
888;14;5;2010;101.76;4900
889;13;5;2010;103.38;8100
890;12;5;2010;105.32;14500
891;11;5;2010;106.06;9900
892;10;5;2010;108.53;18900
893;7;5;2010;104.76;17100
894;6;5;2010;110.29;45100
895;5;5;2010;105.24;8800
896;4;5;2010;106.53;12100
897;3;5;2010;109.15;8400
898;30;4;2010;113.65;4800
899;29;4;2010;113.79;14100
900;28;4;2010;114.91;46500
901;27;4;2010;124;142600
902;26;4;2010;123.29;131300
903;23;4;2010;107.65;25000
904;22;4;2010;103.94;16100
905;21;4;2010;101.53;10000
906;20;4;2010;100.53;2800
907;19;4;2010;100.12;11100
908;16;4;2010;102.18;6300
909;15;4;2010;101.79;8300
910;14;4;2010;102.68;0
911;13;4;2010;102.68;19900
912;12;4;2010;100.71;35000
913;9;4;2010;94.29;25000
914;8;4;2010;93.74;11500
915;7;4;2010;94.26;10300
916;6;4;2010;94.32;6700
917;5;4;2010;94.09;11100
918;2;4;2010;93.12;0
919;1;4;2010;93.12;2400
920;31;3;2010;94.24;11000
921;30;3;2010;94.15;4000
922;29;3;2010;93.47;21700
923;26;3;2010;92.15;18000
924;25;3;2010;95.09;34500
925;24;3;2010;91.26;0
926;23;3;2010;91.26;7900
927;22;3;2010;92.12;5200
928;19;3;2010;93;15500
929;18;3;2010;93.5;4100
930;17;3;2010;92.62;5300
931;16;3;2010;95.03;9600
932;15;3;2010;92.85;11800
933;12;3;2010;95.91;15200
934;11;3;2010;96.15;10500
935;10;3;2010;99.85;18800
936;9;3;2010;99.12;9200
937;8;3;2010;99.79;13700
938;5;3;2010;99.62;9200
939;4;3;2010;97.82;7800
940;3;3;2010;96.15;20400
941;2;3;2010;93.94;4200
942;1;3;2010;89.38;0
943;26;2;2010;90.71;10500
944;25;2;2010;89.41;6000
945;24;2;2010;91.94;8000
946;23;2;2010;90.62;3900
947;22;2;2010;94.29;5500
948;19;2;2010;95.97;5600
949;18;2;2010;98.35;8100
950;17;2;2010;98.38;4600
951;16;2;2010;99.06;14400
952;15;2;2010;98.38;35000
953;12;2;2010;96.21;0
954;11;2;2010;96.32;9600
955;10;2;2010;96.76;3700
956;9;2;2010;98.5;8000
957;8;2;2010;96.03;20800
958;5;2;2010;97.09;8900
959;4;2;2010;101.44;6900
960;3;2;2010;102.94;11700
961;2;2;2010;102.53;17100
962;1;2;2010;105.12;23600
963;29;1;2010;99;15900
964;28;1;2010;101.35;11000
965;27;1;2010;101.18;40200
966;26;1;2010;105.76;0
967;25;1;2010;105.76;30600
968;22;1;2010;110.38;69800
969;21;1;2010;121.94;10000
970;20;1;2010;126.56;6100
971;19;1;2010;130.59;23800
972;18;1;2010;131.94;48700
973;15;1;2010;128.24;7900
974;14;1;2010;132.35;19700
975;13;1;2010;133.5;25300
976;12;1;2010;128.47;20700
977;11;1;2010;135.79;17600
978;8;1;2010;136.88;17000
979;7;1;2010;139.38;71400
980;6;1;2010;141.38;59100
981;5;1;2010;136.24;60800
982;4;1;2010;130.88;9300
983;31;12;2009;128.53;17000
984;30;12;2009;129.41;14200
985;24;12;2009;128.12;13700
986;23;12;2009;131.76;17500
987;22;12;2009;128;5100
988;21;12;2009;126.65;4400
989;18;12;2009;127.06;29200
990;17;12;2009;125.56;9000
991;16;12;2009;125.24;27500
992;15;12;2009;121.5;12200
993;14;12;2009;122.41;12000
994;11;12;2009;122.38;23600
995;10;12;2009;126.18;20000
996;9;12;2009;130.65;16800
997;8;12;2009;131.09;13700
998;7;12;2009;131.56;22200
999;4;12;2009;136.62;36800
1000;3;12;2009;135.97;52500
1001;2;12;2009;138.03;61800
1002;1;12;2009;142.5;374500
1003;30;11;2009;137.91;242200
1004;27;11;2009;129.62;199400
1005;26;11;2009;117.53;101100
1006;25;11;2009;115.26;46400
1007;24;11;2009;109.76;22200
1008;23;11;2009;108.82;22100
1009;20;11;2009;100.47;4700
1010;19;11;2009;101.15;9800
1011;18;11;2009;99.97;2800
1012;17;11;2009;100.47;2300
1013;16;11;2009;102.32;9000
1014;13;11;2009;100.15;21900
1015;12;11;2009;100.12;6200
1016;11;11;2009;99.44;2700
1017;10;11;2009;102.21;16800
1018;9;11;2009;105.09;16800
1019;6;11;2009;105.88;6800
1020;5;11;2009;98.82;2300
1021;4;11;2009;95.88;6100
1022;3;11;2009;94.71;3400
1023;2;11;2009;100.88;0
1024;30;10;2009;100.88;12400
1025;29;10;2009;99.97;9500
1026;28;10;2009;98.91;17600
1027;27;10;2009;98.82;4500
1028;26;10;2009;101.88;3400
1029;23;10;2009;103.26;2000
1030;22;10;2009;103.97;13700
1031;21;10;2009;104.71;3900
1032;20;10;2009;104.71;3200
1033;19;10;2009;104.5;0
1034;16;10;2009;104.5;9500
1035;15;10;2009;103.09;2700
1036;14;10;2009;102.21;28200
1037;13;10;2009;104.71;0
1038;12;10;2009;104.71;9300
1039;9;10;2009;105.06;14200
1040;8;10;2009;109.44;11300
1041;7;10;2009;106.74;8800
1042;6;10;2009;105.09;25500
1043;5;10;2009;103.88;6100
1044;2;10;2009;107.53;0
1045;1;10;2009;107.53;8500
1046;30;9;2009;109.41;16600
1047;29;9;2009;111.71;11500
1048;28;9;2009;115.15;0
1049;25;9;2009;115.15;48600
1050;24;9;2009;112.53;66400
1051;23;9;2009;114;100300
1052;22;9;2009;113.53;21000
1053;21;9;2009;109.15;0
1054;18;9;2009;109.15;6200
1055;17;9;2009;110.24;29700
1056;16;9;2009;108.85;5200
1057;15;9;2009;111.38;13700
1058;14;9;2009;114.47;31400
1059;11;9;2009;112.56;65900
1060;10;9;2009;108.97;121500
1061;9;9;2009;106.88;98200
1062;8;9;2009;99.41;10200
1063;7;9;2009;102.94;9000
1064;4;9;2009;104.74;32900
1065;3;9;2009;103.35;28900
1066;2;9;2009;102.97;16300
1067;1;9;2009;102;43800
1068;31;8;2009;98.35;17800
1069;28;8;2009;99.41;13700
1070;27;8;2009;102.62;47600
1071;26;8;2009;100.59;77800
1072;25;8;2009;99.03;35300
1073;24;8;2009;98.65;156200
1074;21;8;2009;98.26;174900
1075;20;8;2009;84.91;24100
1076;19;8;2009;88.79;24800
1077;18;8;2009;93.12;17000
1078;17;8;2009;92.97;58700
1079;14;8;2009;96.26;83400
1080;13;8;2009;92.76;78800
1081;12;8;2009;93.06;79000
1082;11;8;2009;86.74;10800
1083;10;8;2009;82.74;6900
1084;7;8;2009;84.62;5600
1085;6;8;2009;85.29;32900
1086;5;8;2009;87.56;31600
1087;4;8;2009;81.85;6200
1088;3;8;2009;87.35;26100
1089;31;7;2009;82.94;15400
1090;30;7;2009;87.09;53300
1091;29;7;2009;80.88;21400
1092;28;7;2009;77.21;1300
1093;27;7;2009;78.88;23100
1094;24;7;2009;76.35;9600
1095;23;7;2009;73.56;2000
1096;22;7;2009;73.12;9100
1097;21;7;2009;72.85;2800
1098;20;7;2009;73.59;3900
1099;17;7;2009;74.97;5100
1100;16;7;2009;73.59;3500
1101;15;7;2009;75.21;16600
1102;14;7;2009;73.53;8300
1103;13;7;2009;68.24;9500
1104;10;7;2009;72.94;8300
1105;9;7;2009;73.53;23100
1106;8;7;2009;73.53;24800
1107;7;7;2009;74.24;19700
1108;6;7;2009;70.56;4700
1109;3;7;2009;74.06;6900
1110;2;7;2009;74.47;13200
1111;1;7;2009;77.06;13000
1112;30;6;2009;76.03;7900
1113;29;6;2009;78.82;12400
1114;26;6;2009;80.94;25800
1115;25;6;2009;80.68;27700
1116;24;6;2009;84.32;32100
1117;23;6;2009;87.94;29900
1118;22;6;2009;86.82;44200
1119;19;6;2009;83.71;22200
1120;18;6;2009;83.5;18300
1121;17;6;2009;85.24;127100
1122;16;6;2009;81.68;10800
1123;15;6;2009;80.59;21000
1124;12;6;2009;81.65;25600
1125;11;6;2009;75.88;9300
1126;10;6;2009;77.68;7600
1127;9;6;2009;81.76;14100
1128;8;6;2009;76.62;12200
1129;5;6;2009;85.44;48200
1130;4;6;2009;83.09;15900
1131;3;6;2009;81.59;29400
1132;2;6;2009;79.29;17500
1133;1;6;2009;77.35;19200
1134;29;5;2009;73.82;12600
1135;28;5;2009;72;10600
1136;27;5;2009;74.21;10200
1137;26;5;2009;75.59;29100
1138;25;5;2009;76.79;14800
1139;22;5;2009;76.47;18100
1140;21;5;2009;79.71;70600
1141;20;5;2009;75.79;37000
1142;19;5;2009;72.59;38100
1143;18;5;2009;70.82;0
1144;15;5;2009;70.82;60800
1145;14;5;2009;67.94;17300
1146;13;5;2009;67.18;30200
1147;12;5;2009;69.68;88000
1148;11;5;2009;69.09;32800
1149;8;5;2009;71.47;107200
1150;7;5;2009;63.82;24900
1151;6;5;2009;61.76;31200
1152;5;5;2009;65.18;62400
1153;4;5;2009;59.74;30800
1154;1;5;2009;57.97;0
1155;30;4;2009;57.97;0
1156;29;4;2009;57.97;24300
1157;28;4;2009;53;6800
1158;27;4;2009;56.18;17500
1159;24;4;2009;55.29;11100
1160;23;4;2009;54.71;15200
1161;22;4;2009;51.18;14200
1162;21;4;2009;52.65;300
1163;20;4;2009;51.76;1500
1164;17;4;2009;52.35;4000
1165;16;4;2009;50;7600
1166;15;4;2009;54.06;7800
1167;14;4;2009;54.71;0
1168;13;4;2009;54.71;20500
1169;10;4;2009;55.12;0
1170;9;4;2009;55.12;30200
1171;8;4;2009;51.41;21500
1172;7;4;2009;48.24;0
1173;6;4;2009;48.24;4200
1174;3;4;2009;46.47;0
1175;2;4;2009;46.47;2100
1176;1;4;2009;47.44;17700
1177;31;3;2009;46.79;25300
1178;30;3;2009;42.18;0
1179;27;3;2009;42.18;500
1180;26;3;2009;41.65;1000
1181;25;3;2009;43.41;1300
1182;24;3;2009;43.32;2400
1183;23;3;2009;44.38;5200
1184;20;3;2009;42.94;4700
1185;19;3;2009;40.44;800
1186;18;3;2009;40.44;800
1187;17;3;2009;40.88;1000
1188;16;3;2009;40.53;800
1189;13;3;2009;40.88;2700
1190;12;3;2009;38.82;200
1191;11;3;2009;41.09;0
1192;10;3;2009;41.09;0
1193;9;3;2009;41.09;500
1194;6;3;2009;40.32;4000
1195;5;3;2009;41.41;700
1196;4;3;2009;42.12;400
1197;3;3;2009;40.41;2100
1198;2;3;2009;40.88;2200
1199;27;2;2009;43.79;3800
1200;26;2;2009;41.74;1300
1201;25;2;2009;39.41;900
1202;24;2;2009;39.12;1100
1203;23;2;2009;39.41;0
1204;20;2;2009;39.41;5300
1205;19;2;2009;39.68;900
1206;18;2;2009;40.59;1300
1207;17;2;2009;41.35;200
1208;16;2;2009;41.76;700
1209;13;2;2009;42.53;2600
1210;12;2;2009;41.76;2300
1211;11;2;2009;41.76;0
1212;10;2;2009;40.38;200
1213;9;2;2009;41.18;900
1214;6;2;2009;40.85;600
1215;5;2;2009;39.12;1300
1216;4;2;2009;41.74;600
1217;3;2;2009;40.41;600
1218;2;2;2009;41.21;1800
1219;30;1;2009;42.44;3200
1220;29;1;2009;40.29;0
1221;28;1;2009;41.53;0
1222;27;1;2009;41.53;200
1223;26;1;2009;41.09;0
1224;23;1;2009;41.09;200
1225;22;1;2009;39.41;1300
1226;21;1;2009;42.06;1300
1227;20;1;2009;42.35;1200
1228;19;1;2009;43.74;2000
1229;16;1;2009;42.79;6800
1230;15;1;2009;42.06;2000
1231;14;1;2009;42.88;3900
1232;13;1;2009;42.35;6800
1233;12;1;2009;41.76;2700
1234;9;1;2009;41.21;3000
1235;8;1;2009;42.29;0
1236;7;1;2009;42.29;13900
1237;6;1;2009;41.94;4200
1238;5;1;2009;40.29;3200
1239;2;1;2009;38.53;2500
1240;1;1;2009;40.15;1700
1241;31;12;2008;38.24;3200
1242;30;12;2008;37.06;1100
1243;29;12;2008;36.15;1000
1244;26;12;2008;36.44;2500
1245;25;12;2008;36.29;0
1246;24;12;2008;36.29;300
1247;23;12;2008;38.44;400
1248;22;12;2008;36.88;1300
1249;19;12;2008;37.12;2200
1250;18;12;2008;37.94;3300
1251;17;12;2008;38.76;2600
1252;16;12;2008;38.53;2400
1253;15;12;2008;38.41;2600
1254;12;12;2008;37.24;500
1255;11;12;2008;36.18;4300
1256;10;12;2008;36.94;1000
1257;9;12;2008;36.18;0
1258;8;12;2008;36.18;700
1259;5;12;2008;36.12;3200
1260;4;12;2008;35.29;200
1261;3;12;2008;35.65;0
1262;2;12;2008;35.65;1700
1263;1;12;2008;35.82;4000
1264;28;11;2008;35.32;100
1265;27;11;2008;35.59;0
1266;26;11;2008;35.59;2300
1267;25;11;2008;35.71;2600
1268;24;11;2008;35.74;6200
1269;21;11;2008;35.29;1500
1270;20;11;2008;34.85;2200
1271;19;11;2008;35.71;2100
1272;18;11;2008;35.88;2400
1273;17;11;2008;35.29;12400
1274;14;11;2008;35.32;5200
1275;13;11;2008;37.06;0
1276;12;11;2008;37.06;400
1277;11;11;2008;35.88;6700
1278;10;11;2008;36.44;16400
1279;7;11;2008;37.56;1500
1280;6;11;2008;34.41;3200
1281;5;11;2008;35.88;15000
1282;4;11;2008;37.03;500
1283;3;11;2008;35.59;6200
1284;31;10;2008;34.88;4300
1285;30;10;2008;33.24;0
1286;29;10;2008;33.24;800
1287;28;10;2008;32.94;900
1288;27;10;2008;31.71;18000
1289;24;10;2008;33.35;9100
1290;23;10;2008;34.71;9600
1291;22;10;2008;37.65;900
1292;21;10;2008;36.47;900
1293;20;10;2008;37.06;6800
1294;17;10;2008;36.47;20800
1295;16;10;2008;36.35;10300
1296;15;10;2008;37.65;10100
1297;14;10;2008;37.44;8800
1298;13;10;2008;36.15;12000
1299;10;10;2008;35.88;600
1300;9;10;2008;39.29;0
1301;8;10;2008;39.29;3700
1302;7;10;2008;39.38;900
1303;6;10;2008;39.32;300
1304;3;10;2008;41.18;6900
1305;2;10;2008;41.26;0
1306;1;10;2008;41.26;6100
1307;30;9;2008;42.32;900
1308;29;9;2008;42.06;5100
1309;26;9;2008;43.68;4700
1310;25;9;2008;46.15;2900
1311;24;9;2008;45.94;12000
1312;23;9;2008;44.06;9200
1313;22;9;2008;42.94;2000
1314;19;9;2008;42.18;8600
1315;18;9;2008;41.56;6700
1316;17;9;2008;43.59;4600
1317;16;9;2008;43.44;1800
1318;15;9;2008;45.71;1300
1319;12;9;2008;47;400
1320;11;9;2008;46.56;700
1321;10;9;2008;45.88;14600
1322;9;9;2008;46.62;6800
1323;8;9;2008;46.79;5000
1324;5;9;2008;47.06;2600
1325;4;9;2008;47.06;6100
1326;3;9;2008;48.79;0
1327;2;9;2008;48.79;4600
1328;1;9;2008;47.09;7700
1329;29;8;2008;47.06;800
1330;28;8;2008;46.47;1200
1331;27;8;2008;48.21;500
1332;26;8;2008;47.24;200
1333;25;8;2008;49.26;500
1334;22;8;2008;49.68;2000
1335;21;8;2008;48.09;3500
1336;20;8;2008;48.71;8200
1337;19;8;2008;48.18;9300
1338;18;8;2008;48.76;5000
1339;15;8;2008;48.03;0
1340;14;8;2008;48.03;2700
1341;13;8;2008;49.41;2800
1342;12;8;2008;50;3500
1343;11;8;2008;49.79;23800
1344;8;8;2008;50.59;16600
1345;7;8;2008;49.12;11900
1346;6;8;2008;51.32;21700
1347;5;8;2008;51.59;87700
1348;4;8;2008;48.29;24400
1349;1;8;2008;46.56;12700
1350;31;7;2008;45.85;19500
1351;30;7;2008;43.38;6400
1352;29;7;2008;43.38;3500
1353;28;7;2008;44.47;43400
1354;25;7;2008;41.38;3400
1355;24;7;2008;41.65;8600
1356;23;7;2008;39.71;5000
1357;22;7;2008;38.29;2000
1358;21;7;2008;36.35;1600
1359;18;7;2008;37.71;300
1360;17;7;2008;37.09;1100
1361;16;7;2008;37.29;600
1362;15;7;2008;38.79;100
1363;14;7;2008;38.88;1200
1364;11;7;2008;38.53;400
1365;10;7;2008;40;2300
1366;9;7;2008;38.97;2800
1367;8;7;2008;37.65;3300
1368;7;7;2008;38.82;2700
1369;4;7;2008;37.06;1900
1370;3;7;2008;37.06;4600
1371;2;7;2008;38.56;3300
1372;1;7;2008;39.38;2700
1373;30;6;2008;38.82;800
1374;27;6;2008;39.88;300
1375;26;6;2008;40;700
1376;25;6;2008;41.18;4300
1377;24;6;2008;38.21;5600
1378;23;6;2008;39.68;2000
1379;20;6;2008;40.59;3300
1380;19;6;2008;42.35;2200
1381;18;6;2008;43.09;2000
1382;17;6;2008;42.71;800
1383;16;6;2008;43.44;6700
1384;13;6;2008;42.94;6800
1385;12;6;2008;42.44;1300
1386;11;6;2008;41.85;2800
1387;10;6;2008;40.94;4900
1388;9;6;2008;40.97;8700
1389;6;6;2008;42.5;6500
1390;5;6;2008;44.68;1700
1391;4;6;2008;43.97;3900
1392;3;6;2008;47.21;5300
1393;2;6;2008;46.59;16800
1394;30;5;2008;48.24;14600
1395;29;5;2008;47.85;6200
1396;28;5;2008;48.65;9900
1397;27;5;2008;48.82;18200
1398;26;5;2008;48.56;9100
1399;23;5;2008;49.74;16700
1400;22;5;2008;52.24;57500
1401;21;5;2008;54.06;145900
1402;20;5;2008;49.82;5300
1403;19;5;2008;50.32;0
1404;16;5;2008;50.32;52200
1405;15;5;2008;47.18;2200
1406;14;5;2008;48.03;3500
1407;13;5;2008;47.44;3200
1408;12;5;2008;45.88;2100
1409;9;5;2008;46.59;25100
1410;8;5;2008;47.74;3300
1411;7;5;2008;48.68;6700
1412;6;5;2008;48.47;19500
1413;5;5;2008;48.06;6700
1414;2;5;2008;48.24;4400
1415;1;5;2008;48.59;0
1416;30;4;2008;48.59;8800
1417;29;4;2008;47.82;6400
1418;28;4;2008;48.24;10400
1419;25;4;2008;47.94;2400
1420;24;4;2008;48.21;15400
1421;23;4;2008;48.24;61200
1422;22;4;2008;48.71;15700
1423;21;4;2008;45.5;31700
1424;18;4;2008;46.91;0
1425;17;4;2008;46.91;32000
1426;16;4;2008;42.65;18300
1427;15;4;2008;42.41;1500
1428;14;4;2008;43.29;0
1429;11;4;2008;43.29;1500
1430;10;4;2008;43.59;2300
1431;9;4;2008;44.35;34400
1432;8;4;2008;42.85;16500
1433;7;4;2008;40.47;2300
1434;4;4;2008;39.85;18700
1435;3;4;2008;39.47;1700
1436;2;4;2008;39.32;14600
1437;1;4;2008;39.59;300
1438;31;3;2008;37.76;10600
1439;28;3;2008;41.35;3200
1440;27;3;2008;37.65;12800
1441;26;3;2008;37.12;3500
1442;25;3;2008;36.65;51000
1443;24;3;2008;35.12;12900
1444;21;3;2008;37.5;0
1445;20;3;2008;37.5;0
1446;19;3;2008;37.5;10300
1447;18;3;2008;41.18;7100
1448;17;3;2008;41.21;7200
1449;14;3;2008;44.12;37400
1450;13;3;2008;43.44;4600
1451;12;3;2008;42.94;1400
1452;11;3;2008;46.35;3600
1453;10;3;2008;44.12;4900
1454;7;3;2008;42.62;4200
1455;6;3;2008;44.94;0
1456;5;3;2008;44.94;36200
1457;4;3;2008;42.82;900
1458;3;3;2008;45.18;1600
1459;29;2;2008;44.74;7000
1460;28;2;2008;46.24;2000
1461;27;2;2008;46.56;11900
1462;26;2;2008;44.35;10500
1463;25;2;2008;42.21;1900
1464;22;2;2008;44.09;100
1465;21;2;2008;44.09;2400
1466;20;2;2008;44.12;800
1467;19;2;2008;44.12;3900
1468;18;2;2008;45.29;2300
1469;15;2;2008;43.85;4800
1470;14;2;2008;41.76;3600
1471;13;2;2008;40.06;1300
1472;12;2;2008;41.18;3000
1473;11;2;2008;42.71;4500
1474;8;2;2008;42.74;1800
1475;7;2;2008;43.88;5200
1476;6;2;2008;46.26;2300
1477;5;2;2008;47.06;500
1478;4;2;2008;46.44;1200
1479;1;2;2008;44.15;7400
1480;31;1;2008;43.53;2300
1481;30;1;2008;45.29;4900
1482;29;1;2008;45.76;4300
1483;28;1;2008;44.71;1200
1484;25;1;2008;45.29;5800
1485;24;1;2008;44.59;3300
1486;23;1;2008;49.21;5800
1487;22;1;2008;49.26;700
1488;21;1;2008;51.85;2200
1489;18;1;2008;53.88;5700
1490;17;1;2008;55.91;6300
1491;16;1;2008;55.44;5600
1492;15;1;2008;56.09;3600
1493;14;1;2008;57.24;8400
1494;11;1;2008;54.85;3500
1495;10;1;2008;56.41;19700
1496;9;1;2008;58.82;17600
1497;8;1;2008;59.71;24700
1498;7;1;2008;67.03;13700
1499;4;1;2008;66.71;21000
1500;3;1;2008;69.47;90900
1501;2;1;2008;68.32;71300
1502;1;1;2008;67.59;89900
1503;31;12;2007;68.82;41100
1504;28;12;2007;69.06;100600
1505;27;12;2007;63.68;163800
1506;26;12;2007;59.38;152400
1507;25;12;2007;53.03;0
1508;24;12;2007;53.03;13000
1509;21;12;2007;51.71;0
1510;20;12;2007;51.71;3700
1511;19;12;2007;53.62;15300
1512;18;12;2007;52.76;10200
1513;17;12;2007;53.21;126600
1514;14;12;2007;54.62;25600
1515;13;12;2007;53.76;55900
1516;12;12;2007;55.18;65200
1517;11;12;2007;51.65;82600
1518;10;12;2007;50.03;12000
1519;7;12;2007;48.91;22700
1520;6;12;2007;50.41;47600
1521;5;12;2007;47.47;20700
1522;4;12;2007;47.06;13900
1523;3;12;2007;47.06;5700
1524;30;11;2007;45.15;3900
1525;29;11;2007;45.29;2000
1526;28;11;2007;45.91;5100
1527;27;11;2007;47.76;6100
1528;26;11;2007;45.91;6400
1529;23;11;2007;46.47;8500
1530;22;11;2007;44.32;7400
1531;21;11;2007;45.44;7100
1532;20;11;2007;48.41;11300
1533;19;11;2007;50;65400
1534;16;11;2007;50.85;158900
1535;15;11;2007;45.09;12700
1536;14;11;2007;44.12;5600
1537;13;11;2007;44.06;6100
1538;12;11;2007;43.21;3700
1539;9;11;2007;41.76;800
1540;8;11;2007;41.82;2000
1541;7;11;2007;43.09;48900
1542;6;11;2007;43.68;17300
1543;5;11;2007;45.47;37200
1544;2;11;2007;43.53;37500
1545;1;11;2007;41.26;4400
1546;31;10;2007;41.85;47600
1547;30;10;2007;40.59;7600
1548;29;10;2007;40.24;11300
1549;26;10;2007;41.47;7100
1550;25;10;2007;39.97;3700
1551;24;10;2007;40.59;5200
1552;23;10;2007;40.29;2700
1553;22;10;2007;39.82;1500
1554;19;10;2007;40.59;2500
1555;18;10;2007;40.59;4400
1556;17;10;2007;41.18;2000
1557;16;10;2007;41.41;5100
1558;15;10;2007;42.35;25600
1559;12;10;2007;41.79;2300
1560;11;10;2007;42.76;14900
1561;10;10;2007;42.35;36300
1562;9;10;2007;41.53;3000
1563;8;10;2007;41.65;8100
1564;5;10;2007;43;1000
1565;4;10;2007;43.32;4000
1566;3;10;2007;43.76;4000
1567;2;10;2007;44.71;0
1568;1;10;2007;44.71;14400
1569;28;9;2007;43.09;6600
1570;27;9;2007;42.88;9000
1571;26;9;2007;43.53;37500
1572;25;9;2007;44.18;6900
1573;24;9;2007;45.12;13000
1574;21;9;2007;44.21;45700
1575;20;9;2007;43.65;13700
1576;19;9;2007;43.35;18300
1577;18;9;2007;43.47;2000
1578;17;9;2007;42.44;18100
1579;14;9;2007;43.53;8100
1580;13;9;2007;44.12;3400
1581;12;9;2007;44;4700
1582;11;9;2007;43.82;4500
1583;10;9;2007;45.44;7900
1584;7;9;2007;45.29;75800
1585;6;9;2007;43.74;33600
1586;5;9;2007;42.44;17500
1587;4;9;2007;40.65;14100
1588;3;9;2007;41.68;63400
1589;31;8;2007;38.74;16400
1590;30;8;2007;38.74;600
1591;29;8;2007;37.71;600
1592;28;8;2007;37.65;7600
1593;27;8;2007;37.06;500
1594;24;8;2007;36.71;19500
1595;23;8;2007;36.44;5600
1596;22;8;2007;37.85;600
1597;21;8;2007;37.79;7100
1598;20;8;2007;38.32;10300
1599;17;8;2007;37.47;8800
1600;16;8;2007;38.82;5200
1601;15;8;2007;39.94;0
1602;14;8;2007;40.15;9000
1603;13;8;2007;39.94;1500
1604;10;8;2007;39.68;4900
1605;9;8;2007;39.91;6800
1606;8;8;2007;40.65;25800
1607;7;8;2007;40.35;34600
1608;6;8;2007;40;6800
1609;3;8;2007;38.44;2500
1610;2;8;2007;39.85;6800
1611;1;8;2007;39;3400
1612;31;7;2007;40.35;1700
1613;30;7;2007;39.88;7300
1614;27;7;2007;40;5400
1615;26;7;2007;40;3000
1616;25;7;2007;40.03;300
1617;24;7;2007;41.12;1700
1618;23;7;2007;41.5;3900
1619;20;7;2007;41.53;5400
1620;19;7;2007;41.24;6100
1621;18;7;2007;39.94;86700
1622;17;7;2007;42.41;10500
1623;16;7;2007;42.12;13600
1624;13;7;2007;42.41;6100
1625;12;7;2007;43.24;3000
1626;11;7;2007;43.62;4900
1627;10;7;2007;44.82;2700
1628;9;7;2007;45.68;6800
1629;6;7;2007;44.79;35700
1630;5;7;2007;43.06;3700
1631;4;7;2007;44.06;3700
1632;3;7;2007;43.06;1100
1633;2;7;2007;43.97;3700
1634;29;6;2007;44.35;15600
1635;28;6;2007;44.12;13900
1636;27;6;2007;42.56;4200
1637;26;6;2007;43.59;17800
1638;25;6;2007;43.53;5700
1639;22;6;2007;42.18;12200
1640;21;6;2007;41.74;9000
1641;20;6;2007;41.79;2700
1642;19;6;2007;42.29;3700
1643;18;6;2007;41.62;1500
1644;15;6;2007;41.53;1500
1645;14;6;2007;41.53;4200
1646;13;6;2007;41.53;3500
1647;12;6;2007;42.12;5200
1648;11;6;2007;42.06;4500
1649;8;6;2007;42.26;4700
1650;7;6;2007;42.76;600
1651;6;6;2007;43.32;4200
1652;5;6;2007;42.24;13000
1653;4;6;2007;43.65;3400
1654;1;6;2007;43.29;0
1655;31;5;2007;43.29;5600
1656;30;5;2007;43.76;6100
1657;29;5;2007;44.71;18300
1658;28;5;2007;45.26;34300
1659;25;5;2007;43.24;8800
1660;24;5;2007;42.41;3900
1661;23;5;2007;42.62;2200
1662;22;5;2007;43.24;1300
1663;21;5;2007;43.53;1100
1664;18;5;2007;44.5;7900
1665;17;5;2007;44.06;6900
1666;16;5;2007;43.53;1500
1667;15;5;2007;43.71;5100
1668;14;5;2007;44.03;6900
1669;11;5;2007;42.68;3200
1670;10;5;2007;42.88;24300
1671;9;5;2007;42.5;18500
1672;8;5;2007;42.82;8800
1673;7;5;2007;42.5;5400
1674;4;5;2007;42.94;5600
1675;3;5;2007;44.12;4500
1676;2;5;2007;43.74;0
1677;1;5;2007;43.74;0
1678;30;4;2007;43.74;3200
1679;27;4;2007;43.82;2000
1680;26;4;2007;44.71;3900
1681;25;4;2007;46.47;40100
1682;24;4;2007;43.53;1800
1683;23;4;2007;45;2000
1684;20;4;2007;45.44;22100
1685;19;4;2007;44.29;5600
1686;18;4;2007;44.88;20700
1687;17;4;2007;42.15;3200
1688;16;4;2007;42.32;29900
1689;13;4;2007;41.47;4400
1690;12;4;2007;41.41;7400
1691;11;4;2007;42.65;12000
1692;10;4;2007;42.65;9300
1693;9;4;2007;43.79;51000
1694;6;4;2007;40.44;0
1695;5;4;2007;40.44;5100
1696;4;4;2007;39.82;6200
1697;3;4;2007;40.29;4000
1698;2;4;2007;39.18;9600
1699;30;3;2007;41.82;18100
1700;29;3;2007;42.24;16300
1701;28;3;2007;39.29;12900
1702;27;3;2007;40.5;0
1703;26;3;2007;40.5;9500
1704;23;3;2007;42.59;30200
1705;22;3;2007;45.18;20000
1706;21;3;2007;44.09;17000
1707;20;3;2007;47;231700
1708;19;3;2007;45.65;85800
1709;16;3;2007;37.5;15400
1710;15;3;2007;40.5;6400
1711;14;3;2007;37.97;9800
1712;13;3;2007;39.41;2500
1713;12;3;2007;39.41;24600
1714;9;3;2007;38.82;20000
1715;8;3;2007;39.82;2500
1716;7;3;2007;39.76;4900
1717;6;3;2007;37.68;2800
1718;5;3;2007;39.56;8100
1719;2;3;2007;40.59;6800
1720;1;3;2007;42.35;4200
1721;28;2;2007;42.68;5700
1722;27;2;2007;43.06;22200
1723;26;2;2007;41.53;2300
1724;23;2;2007;41.53;3200
1725;22;2;2007;42.97;6200
1726;21;2;2007;44.15;5200
1727;20;2;2007;44.12;7900
1728;19;2;2007;46.97;4200
1729;16;2;2007;46.35;0
1730;15;2;2007;46.35;4200
1731;14;2;2007;43.79;13700
1732;13;2;2007;44.24;18300
1733;12;2;2007;46.44;7600
1734;9;2;2007;48.24;2800
1735;8;2;2007;48.97;4200
1736;7;2;2007;48.59;9600
1737;6;2;2007;48.53;12000
1738;5;2;2007;50;17100
1739;2;2;2007;51.18;19000
1740;1;2;2007;52;7300
1741;31;1;2007;52.21;8500
1742;30;1;2007;53.15;0
1743;29;1;2007;53.15;4700
1744;26;1;2007;54.5;0
1745;25;1;2007;54.5;8600
1746;24;1;2007;54.18;15600
1747;23;1;2007;54.15;17600
1748;22;1;2007;54.03;15400
1749;19;1;2007;54.35;15600
1750;18;1;2007;55.62;22400
1751;17;1;2007;57.71;202100
1752;16;1;2007;55.24;9300
1753;15;1;2007;55.26;12700
1754;12;1;2007;54.65;23100
1755;11;1;2007;53.91;7900
1756;10;1;2007;53.79;25300
1757;9;1;2007;54.06;9600
1758;8;1;2007;54.71;54900
1759;5;1;2007;53.18;10500
1760;4;1;2007;52.24;5400
1761;3;1;2007;53.47;33600
1762;2;1;2007;52.91;13000
1763;1;1;2007;54.76;0
1764;29;12;2006;54.76;85000
1765;28;12;2006;55.85;310400
1766;27;12;2006;50.26;7300
1767;26;12;2006;49.29;6200
1768;25;12;2006;49.62;0
1769;22;12;2006;49.62;15100
1770;21;12;2006;48.06;4900
1771;20;12;2006;47.65;8500
1772;19;12;2006;48.06;6900
1773;18;12;2006;49.18;7600
1774;15;12;2006;49.06;5700
1775;14;12;2006;48.44;4700
1776;13;12;2006;46.35;1700
1777;12;12;2006;45.88;10700
1778;11;12;2006;48.35;10500
1779;8;12;2006;49.76;17300
1780;7;12;2006;50.59;23800
1781;6;12;2006;51.32;16100
1782;5;12;2006;52.65;12200
1783;4;12;2006;52.44;19300
1784;1;12;2006;51.56;11700
1785;30;11;2006;51.47;23600
1786;29;11;2006;52.59;79200
1787;28;11;2006;51;19300
1788;27;11;2006;49.59;16800
1789;24;11;2006;50.35;9000
1790;23;11;2006;51;13600
1791;22;11;2006;51.68;8100
1792;21;11;2006;51.09;7600
1793;20;11;2006;49.59;17500
1794;17;11;2006;49.94;16800
1795;16;11;2006;51.38;13700
1796;15;11;2006;52.21;12500
1797;14;11;2006;52.5;16600
1798;13;11;2006;53.59;7300
1799;10;11;2006;53.41;33100
1800;9;11;2006;55.88;6900
1801;8;11;2006;56.03;32300
1802;7;11;2006;56.26;36700
1803;6;11;2006;58.56;80700
1804;3;11;2006;55.62;35800
1805;2;11;2006;55.56;117100
1806;1;11;2006;53.76;49300
1807;31;10;2006;50.74;3500
1808;30;10;2006;51.35;8600
1809;27;10;2006;51.62;25600
1810;26;10;2006;51.21;14200
1811;25;10;2006;49.82;0
1812;24;10;2006;49.82;0
1813;23;10;2006;49.82;4400
1814;20;10;2006;49.41;15400
1815;19;10;2006;48.47;22100
1816;18;10;2006;50;19000
1817;17;10;2006;49.94;20900
1818;16;10;2006;51.24;13700
1819;13;10;2006;51.5;20900
1820;12;10;2006;53.68;63400
1821;11;10;2006;51.44;93300
1822;10;10;2006;50.62;27000
1823;9;10;2006;50.62;33300
1824;6;10;2006;51.47;15800
1825;5;10;2006;51.56;7800
1826;4;10;2006;50.15;18500
1827;3;10;2006;50.65;9800
1828;2;10;2006;52.38;0
1829;29;9;2006;52.38;19300
1830;28;9;2006;51.24;7100
1831;27;9;2006;50.88;11700
1832;26;9;2006;51.18;10500
1833;25;9;2006;52.32;25100
1834;22;9;2006;51.97;42800
1835;21;9;2006;53.41;27200
1836;20;9;2006;55.29;34600
1837;19;9;2006;56.24;78700
1838;18;9;2006;56.06;36500
1839;15;9;2006;54.41;22900
1840;14;9;2006;54.5;30200
1841;13;9;2006;53.74;23100
1842;12;9;2006;53.38;14400
1843;11;9;2006;54.06;24400
1844;8;9;2006;56.91;50300
1845;7;9;2006;56.44;42300
1846;6;9;2006;57.76;141600
1847;5;9;2006;59.09;127800
1848;4;9;2006;56.59;115600
1849;1;9;2006;56.21;215700
1850;31;8;2006;51.03;70500
1851;30;8;2006;50.65;115600
1852;29;8;2006;49.97;60100
1853;28;8;2006;50.24;221500
1854;25;8;2006;48.65;165000
1855;24;8;2006;46.35;106400
1856;23;8;2006;47.59;11200
1857;22;8;2006;48.85;47400
1858;21;8;2006;49.82;30000
1859;18;8;2006;50.44;79700
1860;17;8;2006;46.29;13000
1861;16;8;2006;47.68;19300
1862;15;8;2006;46.82;0
1863;14;8;2006;46.82;41900
1864;11;8;2006;49.68;289600
1865;10;8;2006;46.15;112500
1866;9;8;2006;42.44;61700
1867;8;8;2006;42.5;39900
1868;7;8;2006;42.94;32400
1869;4;8;2006;43.09;4400
1870;3;8;2006;45.15;29900
1871;2;8;2006;43.76;6200
1872;1;8;2006;41.76;3500
1873;31;7;2006;42.29;2300
1874;28;7;2006;42.62;9100
1875;27;7;2006;41.18;2200
1876;26;7;2006;41.18;2200
1877;25;7;2006;38.88;1700
1878;24;7;2006;37.09;2800
1879;21;7;2006;39.12;2700
1880;20;7;2006;41.53;1700
1881;19;7;2006;40.59;2300
1882;18;7;2006;44.09;100
1883;17;7;2006;42.26;3000
1884;14;7;2006;45.24;600
1885;13;7;2006;45.21;2500
1886;12;7;2006;42.82;1100
1887;11;7;2006;43.03;500
1888;10;7;2006;43.97;1800
1889;7;7;2006;46.03;800
1890;6;7;2006;46.35;2300
1891;5;7;2006;46.91;2800
1892;4;7;2006;45.71;3900
1893;3;7;2006;43.53;10700
1894;30;6;2006;45.26;13400
1895;29;6;2006;44.68;4900
1896;28;6;2006;42.65;1300
1897;27;6;2006;42.88;3700
1898;26;6;2006;45.12;4500
1899;23;6;2006;45.44;5400
1900;22;6;2006;46.47;11700
1901;21;6;2006;45.88;8500
1902;20;6;2006;45.59;3000
1903;19;6;2006;43.59;2800
1904;16;6;2006;40.47;0
1905;15;6;2006;40.47;0
1906;14;6;2006;40.47;3700
1907;13;6;2006;42.29;28200
1908;12;6;2006;44.44;3900
1909;9;6;2006;46.76;8600
1910;8;6;2006;46.76;1000
1911;7;6;2006;49.21;3900
1912;6;6;2006;51.76;5400
1913;5;6;2006;52.65;3500
1914;2;6;2006;54.85;4500
1915;1;6;2006;59.41;4000
1916;31;5;2006;61.12;3700
1917;30;5;2006;62.94;1500
1918;29;5;2006;62.97;7300
1919;26;5;2006;64.12;22700
1920;25;5;2006;61.12;17300
1921;24;5;2006;60;3400
1922;23;5;2006;60.59;3000
1923;22;5;2006;60.06;4000
1924;19;5;2006;63.12;3200
1925;18;5;2006;66.41;5900
1926;17;5;2006;69.41;6900
1927;16;5;2006;68.82;6900
1928;15;5;2006;70.59;13200
1929;12;5;2006;72.18;43000
1930;11;5;2006;70.59;22900
1931;10;5;2006;70.35;30200
1932;9;5;2006;67.03;11000
1933;8;5;2006;63.09;22100
1934;5;5;2006;65.59;3200
1935;4;5;2006;68.68;9500
1936;3;5;2006;68.24;11000
1937;2;5;2006;70.15;27700
1938;28;4;2006;67.65;4700
1939;27;4;2006;67.06;8500
1940;26;4;2006;70;21400
1941;25;4;2006;70.03;12200
1942;24;4;2006;73.24;13900
1943;21;4;2006;73.53;16600
1944;20;4;2006;74.71;14400
1945;19;4;2006;72.97;5100
1946;18;4;2006;75.88;38000
1947;17;4;2006;73.79;23600
1948;14;4;2006;69.56;0
1949;13;4;2006;69.56;8500
1950;12;4;2006;72.94;24300
1951;11;4;2006;74.71;0
1952;10;4;2006;74.71;8500
1953;7;4;2006;74.26;40400
1954;6;4;2006;71.76;0
1955;5;4;2006;71.76;9600
1956;4;4;2006;68.35;7800
1957;3;4;2006;71.18;9000
1958;31;3;2006;72.15;18100
1959;30;3;2006;70.44;10200
1960;29;3;2006;72.62;22100
1961;28;3;2006;68.85;32100
1962;27;3;2006;66.94;14900
1963;24;3;2006;63.24;14100
1964;23;3;2006;65;21200
1965;22;3;2006;63.74;18800
1966;21;3;2006;61.18;24600
1967;20;3;2006;60.35;12400
1968;17;3;2006;62.65;9500
1969;16;3;2006;63.85;9500
1970;15;3;2006;65.35;0
1971;14;3;2006;65.35;23400
1972;13;3;2006;67.82;23400
1973;10;3;2006;64.62;26100
1974;9;3;2006;61.56;17500
1975;8;3;2006;64.79;26800
1976;7;3;2006;68.18;10500
1977;6;3;2006;68.41;19200
1978;3;3;2006;71.76;30700
1979;2;3;2006;73.38;104800
1980;1;3;2006;75.79;46500
1981;28;2;2006;72.21;57900
1982;27;2;2006;68.79;77600
1983;24;2;2006;72.35;28900
1984;23;2;2006;76.15;109400
1985;22;2;2006;80.15;8500
1986;21;2;2006;84.35;63000
1987;20;2;2006;88.76;16800
1988;17;2;2006;93.41;58600
1989;16;2;2006;98.32;1565100
1990;15;2;2006;97.15;1089100
1991;14;2;2006;90.21;1363400
1992;13;2;2006;85.09;1272400
1993;10;2;2006;70.91;483300
1994;9;2;2006;67.5;0
1995;8;2;2006;67.5;610100
1996;7;2;2006;60.32;244900
1997;6;2;2006;57.85;168300
1998;3;2;2006;51.29;16300
1999;2;2;2006;50;9100
2000;1;2;2006;51.76;5400
2001;31;1;2006;50.65;2800
2002;30;1;2006;51.76;3200
2003;27;1;2006;51.82;13200
2004;26;1;2006;50;0
2005;25;1;2006;50;9100
2006;24;1;2006;50.88;3200
2007;23;1;2006;51.88;6900
2008;20;1;2006;51.68;7100
2009;19;1;2006;51.12;12200
2010;18;1;2006;48.15;37700
2011;17;1;2006;52.5;4900
2012;16;1;2006;52.53;7400
2013;13;1;2006;52.35;9800
2014;12;1;2006;51.82;2200
2015;11;1;2006;51.76;0
2016;10;1;2006;51.76;3000
2017;9;1;2006;52.74;5700
2018;6;1;2006;52.35;2700
2019;5;1;2006;52.65;9300
2020;4;1;2006;53.62;8500
2021;3;1;2006;53.53;9300
2022;2;1;2006;52.44;6200
2023;30;12;2005;51.91;3400
2024;29;12;2005;51.82;8600
2025;28;12;2005;49.56;5600
2026;27;12;2005;51.62;10500
2027;26;12;2005;50.44;2300
2028;23;12;2005;51.24;4500
2029;22;12;2005;50.59;21000
2030;21;12;2005;51.59;7900
2031;20;12;2005;51.21;6900
2032;19;12;2005;52.68;6100
2033;16;12;2005;51.62;4900
2034;15;12;2005;53.38;5900
2035;14;12;2005;55.35;31100
2036;13;12;2005;57.47;39900
2037;12;12;2005;52.88;20000
2038;9;12;2005;48.82;9000
2039;8;12;2005;47.97;1700
2040;7;12;2005;48.5;6800
2041;6;12;2005;47.94;5600
2042;5;12;2005;48.06;2700
2043;2;12;2005;48.35;3200
2044;1;12;2005;47.85;3000
2045;30;11;2005;47.85;1300
2046;29;11;2005;47.44;9800
2047;28;11;2005;48.38;8600
2048;25;11;2005;48.24;5900
2049;24;11;2005;46.47;3000
2050;23;11;2005;46.15;3900
2051;22;11;2005;46.18;800
2052;21;11;2005;46.94;8800
2053;18;11;2005;46.59;7300
2054;17;11;2005;47.06;6600
2055;16;11;2005;46.12;14100
2056;14;11;2005;46.47;14200
2057;11;11;2005;48.82;7800
2058;10;11;2005;47.65;1800
2059;9;11;2005;47.79;1800
2060;8;11;2005;49.35;5900
2061;7;11;2005;49.06;3200
2062;4;11;2005;45.65;0
2063;3;11;2005;45.65;0
2064;2;11;2005;46.47;2000
2065;1;11;2005;47.06;600
2066;31;10;2005;45.29;2300
2067;28;10;2005;45.06;3700
2068;27;10;2005;45.88;2800
2069;26;10;2005;47.74;500
2070;25;10;2005;49.41;3500
2071;24;10;2005;46.21;2700
2072;21;10;2005;45.59;2800
2073;20;10;2005;46.47;3200
2074;19;10;2005;47.06;2800
2075;18;10;2005;48.76;2200
2076;17;10;2005;48.53;7800
2077;14;10;2005;50.59;8100
2078;13;10;2005;52.09;2500
2079;12;10;2005;51.94;0
2080;11;10;2005;51.94;6800
2081;10;10;2005;54.32;4200
2082;7;10;2005;54.74;5400
2083;6;10;2005;56.74;17600
2084;5;10;2005;55.71;5700
2085;4;10;2005;55.68;5100
2086;3;10;2005;55;7100
2087;30;9;2005;53;12500
2088;29;9;2005;54.18;8300
2089;28;9;2005;57.26;5600
2090;27;9;2005;55.56;11700
2091;26;9;2005;57.47;9600
2092;23;9;2005;54.71;11200
2093;22;9;2005;54.71;15800
2094;21;9;2005;58;23600
2095;20;9;2005;60.79;26600
2096;19;9;2005;63.38;16300
2097;16;9;2005;63.97;13200
2098;15;9;2005;63.35;13700
2099;14;9;2005;62.32;17500
2100;13;9;2005;65.29;10500
2101;12;9;2005;65.29;15800
2102;9;9;2005;66.94;57800
2103;8;9;2005;67.06;99400
2104;7;9;2005;65.06;0
2105;6;9;2005;65.06;87700
2106;5;9;2005;62.62;93100
2107;2;9;2005;60.97;16100
2108;1;9;2005;60.88;15600
2109;31;8;2005;61.76;14600
2110;30;8;2005;60.38;18700
2111;29;8;2005;61.91;18800
2112;26;8;2005;63.03;29700
2113;25;8;2005;60.21;11000
2114;24;8;2005;58.24;19200
2115;23;8;2005;61.18;35700
2116;22;8;2005;63.97;44000
2117;19;8;2005;63.85;96200
2118;18;8;2005;61.76;90900
2119;17;8;2005;60.09;36800
2120;16;8;2005;59.32;32100
2121;15;8;2005;59.06;0
2122;12;8;2005;59.06;70800
2123;11;8;2005;55.32;27200
2124;10;8;2005;55.21;21500
2125;9;8;2005;53.06;24800
2126;8;8;2005;53.53;11700
2127;5;8;2005;52.94;33300
2128;4;8;2005;54.41;22400
2129;3;8;2005;52.88;15600
2130;2;8;2005;51.35;8600
2131;1;8;2005;52.18;10200
2132;29;7;2005;51.94;7600
2133;28;7;2005;54.41;0
2134;27;7;2005;54.41;6100
2135;26;7;2005;53.35;6200
2136;25;7;2005;54.12;9600
2137;22;7;2005;54.62;12700
2138;21;7;2005;54.71;4700
2139;20;7;2005;55.88;13900
2140;19;7;2005;55.29;17000
2141;18;7;2005;54.41;17500
2142;15;7;2005;53.65;8800
2143;14;7;2005;52.41;16800
2144;13;7;2005;53.32;7600
2145;12;7;2005;54.56;11700
2146;11;7;2005;53.85;11200
2147;8;7;2005;53.53;7800
2148;7;7;2005;52.97;7300
2149;6;7;2005;53.29;11700
2150;5;7;2005;53.03;23100
2151;4;7;2005;54.53;43600
2152;1;7;2005;56.65;16400
2153;30;6;2005;57.97;24800
2154;29;6;2005;58.32;52800
2155;28;6;2005;57.94;170600
2156;27;6;2005;57.65;107900
2157;24;6;2005;53.32;44200
2158;23;6;2005;52.91;12200
2159;22;6;2005;51.88;10300
2160;21;6;2005;51.18;2300
2161;20;6;2005;50.88;4200
2162;17;6;2005;51.47;9600
2163;16;6;2005;52.03;18100
2164;15;6;2005;53.82;14700
2165;14;6;2005;53.06;8800
2166;13;6;2005;54.65;15100
2167;10;6;2005;54.56;17000
2168;9;6;2005;54.12;8600
2169;8;6;2005;53.79;20400
2170;7;6;2005;53.76;18000
2171;6;6;2005;50.91;0
2172;3;6;2005;50.91;0
2173;2;6;2005;50.91;7400
2174;1;6;2005;50.74;14200
2175;31;5;2005;50.97;11000
2176;30;5;2005;51.32;4700
2177;27;5;2005;52.32;14900
2178;26;5;2005;53.09;44500
2179;25;5;2005;54;6100
2180;24;5;2005;54.47;16600
2181;23;5;2005;56.76;27500
2182;20;5;2005;54.18;76600
2183;19;5;2005;50.94;6800
2184;18;5;2005;50.41;4700
2185;17;5;2005;51.18;11500
2186;16;5;2005;51.18;21400
2187;13;5;2005;51.32;12200
2188;12;5;2005;50;9100
2189;11;5;2005;51.18;1500
2190;10;5;2005;50.65;3200
2191;9;5;2005;51;4000
2192;6;5;2005;50.29;1700
2193;5;5;2005;50.29;1300
2194;4;5;2005;49.5;1500
2195;3;5;2005;49.62;1000
2196;2;5;2005;50;4400
2197;29;4;2005;50.85;5600
2198;28;4;2005;51.82;3700
2199;27;4;2005;53.68;6800
2200;26;4;2005;53.53;300
2201;25;4;2005;53.97;5600
2202;22;4;2005;54.44;1800
2203;21;4;2005;54.15;2500
2204;20;4;2005;53.09;6400
2205;19;4;2005;54.12;7800
2206;18;4;2005;53.06;7400
2207;15;4;2005;54.32;23900
2208;14;4;2005;57.94;0
2209;13;4;2005;57.94;31900
2210;12;4;2005;56.53;17300
2211;11;4;2005;57.18;12500
2212;8;4;2005;57.97;17300
2213;7;4;2005;59.18;46500
2214;6;4;2005;55.15;19000
2215;5;4;2005;55.41;23900
2216;4;4;2005;54.21;5100
2217;1;4;2005;53.59;5400
2218;31;3;2005;52.35;2300
2219;30;3;2005;47.76;7900
2220;29;3;2005;47.15;4500
2221;28;3;2005;49.62;5200
2222;25;3;2005;50.12;0
2223;24;3;2005;50.12;6400
2224;23;3;2005;51.79;4400
2225;22;3;2005;51.79;5400
2226;21;3;2005;54.09;9500
2227;18;3;2005;52.85;7800
2228;17;3;2005;52.94;10200
2229;16;3;2005;54.62;82100
2230;15;3;2005;52.62;9100
2231;14;3;2005;52.71;59600
2232;11;3;2005;53.35;8300
2233;10;3;2005;53.53;14100
2234;9;3;2005;51.62;14400
2235;8;3;2005;53.74;17100
2236;7;3;2005;52.24;30900
2237;4;3;2005;53.74;15900
2238;3;3;2005;53.85;11200
2239;2;3;2005;53.32;23400
2240;1;3;2005;53.24;13600
2241;28;2;2005;53.32;35500
2242;25;2;2005;50.47;19200
2243;24;2;2005;52.47;6400
2244;23;2;2005;52.09;7800
2245;22;2;2005;52.53;9500
2246;21;2;2005;54.09;4900
2247;18;2;2005;53.79;8500
2248;17;2;2005;54.65;34500
2249;16;2;2005;52.41;20700
2250;15;2;2005;54.29;13900
2251;14;2;2005;56.56;13000
2252;11;2;2005;57.32;24800
2253;10;2;2005;58.12;17300
2254;9;2;2005;60.18;40600
2255;8;2;2005;58.24;59300
2256;7;2;2005;57.76;19800
2257;4;2;2005;56.24;20200
2258;3;2;2005;57.44;26800
2259;2;2;2005;56.03;5900
2260;1;2;2005;57.06;5600
2261;31;1;2005;56.68;14700
2262;28;1;2005;58.79;6100
2263;27;1;2005;59.44;8600
2264;26;1;2005;59.68;0
2265;25;1;2005;59.68;4900
2266;24;1;2005;56.53;3900
2267;21;1;2005;57.47;0
2268;20;1;2005;57.47;3700
2269;19;1;2005;58.56;14600
2270;18;1;2005;60.15;3400
2271;17;1;2005;58.82;9800
2272;14;1;2005;62.41;3900
2273;13;1;2005;62.21;7400
2274;12;1;2005;60.68;8300
2275;11;1;2005;63.88;12200
2276;10;1;2005;66.56;34500
2277;7;1;2005;66.41;13000
2278;6;1;2005;66.74;23100
2279;5;1;2005;64.94;81700
2280;4;1;2005;68.21;74400
2281;3;1;2005;63.35;17000
2282;31;12;2004;60.21;10700
2283;30;12;2004;59.03;18300
2284;29;12;2004;60.06;12500
2285;28;12;2004;62.85;13400
2286;27;12;2004;64.12;22600
2287;24;12;2004;67.97;90400
2288;23;12;2004;62.91;19800
2289;22;12;2004;61.62;22400
2290;21;12;2004;62.53;18800
2291;20;12;2004;63.26;39200
2292;17;12;2004;62.32;54000
2293;16;12;2004;61.88;104300
2294;15;12;2004;57.85;41800
2295;14;12;2004;59.06;141100
2296;13;12;2004;54.21;42600
2297;10;12;2004;52.38;29900
2298;9;12;2004;50.85;10000
2299;8;12;2004;49.44;12400
2300;7;12;2004;49.12;2800
2301;6;12;2004;49.06;7900
2302;3;12;2004;49.71;4500
2303;2;12;2004;48.82;4900
2304;1;12;2004;49.47;5100
2305;30;11;2004;48.68;8300
2306;29;11;2004;50.65;8800
2307;26;11;2004;51.09;0
2308;25;11;2004;51.09;19700
2309;24;11;2004;53.18;16100
2310;23;11;2004;50.59;24800
2311;22;11;2004;50.47;6900
2312;19;11;2004;52.88;0
2313;18;11;2004;52.88;45700
2314;17;11;2004;52.03;54700
2315;16;11;2004;48.65;9800
2316;15;11;2004;47.88;0
2317;12;11;2004;47.88;5200
2318;11;11;2004;47.21;6100
2319;10;11;2004;46.5;5200
2320;9;11;2004;45.21;4500
2321;8;11;2004;46.56;9500
2322;5;11;2004;46.35;8100
2323;4;11;2004;47.21;16800
2324;3;11;2004;48.29;11500
2325;2;11;2004;48.5;10800
2326;1;11;2004;47.53;11900
2327;29;10;2004;44.88;12700
2328;28;10;2004;48.85;6800
2329;27;10;2004;46.76;10000
2330;26;10;2004;48.21;13600
2331;25;10;2004;48.62;59100
2332;22;10;2004;49.85;0
2333;21;10;2004;49.85;51300
2334;20;10;2004;45.15;27000
2335;19;10;2004;44.15;70200
2336;18;10;2004;39.62;18100
2337;15;10;2004;37.97;2800
2338;14;10;2004;38.82;10500
2339;13;10;2004;38.5;0
2340;12;10;2004;38.5;2200
2341;11;10;2004;38.88;15800
2342;8;10;2004;39.12;8600
2343;7;10;2004;39.47;3700
2344;6;10;2004;39.59;10800
2345;5;10;2004;40.18;23200
2346;4;10;2004;41.18;19000
2347;1;10;2004;43.47;1700
2348;30;9;2004;43.29;8600
2349;29;9;2004;43.56;5100
2350;28;9;2004;43.12;4200
2351;27;9;2004;43.24;2800
2352;24;9;2004;43.62;7100
2353;23;9;2004;43.62;5100
2354;22;9;2004;43.74;14400
2355;21;9;2004;44.21;6100
2356;20;9;2004;44.53;6200
2357;17;9;2004;45;14700
2358;16;9;2004;46.29;33400
2359;15;9;2004;43.71;11200
2360;14;9;2004;43.74;6400
2361;13;9;2004;45.32;19700
2362;10;9;2004;44.41;17300
2363;9;9;2004;44;32900
2364;8;9;2004;45.41;39200
2365;7;9;2004;44.41;30900
2366;6;9;2004;44.53;93300
2367;3;9;2004;41.85;6400
2368;2;9;2004;41.85;46200
2369;1;9;2004;41.94;18300
2370;31;8;2004;41.76;30200
2371;30;8;2004;43.29;135600
2372;27;8;2004;38.47;45500
2373;26;8;2004;34.91;18100
2374;25;8;2004;33.68;4500
2375;24;8;2004;33.47;8800
2376;23;8;2004;32.12;5400
2377;20;8;2004;32.94;5200
2378;19;8;2004;33.41;9600
2379;18;8;2004;33.24;13900
2380;17;8;2004;33.35;10700
2381;16;8;2004;32.03;4400
2382;13;8;2004;32.21;3900
2383;12;8;2004;31.56;7100
2384;11;8;2004;32.88;13400
2385;10;8;2004;33.85;38200
2386;9;8;2004;31.35;4000
2387;6;8;2004;30.53;10800
2388;5;8;2004;31.41;18300
2389;4;8;2004;30.29;16800
2390;3;8;2004;29.41;3000
2391;2;8;2004;29.41;5700
2392;30;7;2004;29.41;2500
2393;29;7;2004;29;1800
2394;28;7;2004;28.71;2300
2395;27;7;2004;28.94;1300
2396;26;7;2004;29.71;2800
2397;23;7;2004;29.41;3700
2398;22;7;2004;29.44;4200
2399;21;7;2004;29.94;1700
2400;20;7;2004;30.15;1500
2401;19;7;2004;30.29;11000
2402;16;7;2004;29.41;2000
2403;15;7;2004;28.71;1100
2404;14;7;2004;28.03;2000
2405;13;7;2004;28.24;11900
2406;12;7;2004;29.82;800
2407;9;7;2004;27.88;14400
2408;8;7;2004;26.94;30700
2409;7;7;2004;30.24;93600
2410;6;7;2004;32.12;8600
2411;5;7;2004;33.06;31600
2412;2;7;2004;31.71;7900
2413;1;7;2004;30.03;1300
2414;30;6;2004;29.56;6200
2415;29;6;2004;30.82;9100
2416;28;6;2004;30.59;500
2417;25;6;2004;29.82;1800
2418;24;6;2004;28.76;1100
2419;23;6;2004;29;0
2420;22;6;2004;29;300
2421;21;6;2004;29.97;0
2422;18;6;2004;29.18;1800
2423;17;6;2004;29.41;2500
2424;16;6;2004;29.41;104700
2425;15;6;2004;29.56;1100
2426;14;6;2004;28.88;800
2427;11;6;2004;29.44;100
2428;10;6;2004;29.56;3400
2429;9;6;2004;29.47;1000
2430;8;6;2004;29.41;300
2431;7;6;2004;30.12;300
2432;4;6;2004;28.74;800
2433;3;6;2004;29.03;300
2434;2;6;2004;29.21;1100
2435;1;6;2004;28.68;5100
2436;31;5;2004;29.88;1000
2437;28;5;2004;29.41;3200
2438;27;5;2004;31.35;100
2439;26;5;2004;30.91;19500
2440;25;5;2004;34.26;1800
2441;24;5;2004;34.09;7900
2442;21;5;2004;34.62;8100
2443;20;5;2004;34.18;6800
2444;19;5;2004;31.91;8300
2445;18;5;2004;29.15;2000
2446;17;5;2004;26.56;800
2447;14;5;2004;28.35;2700
2448;13;5;2004;31.21;4500
2449;12;5;2004;31.76;1300
2450;11;5;2004;32.35;1300
2451;10;5;2004;33.97;1800
2452;7;5;2004;33.82;2200
2453;6;5;2004;35.21;3000
2454;5;5;2004;36.15;6900
2455;4;5;2004;36.74;11300
2456;3;5;2004;33.5;8500
2457;30;4;2004;31.53;3900
2458;29;4;2004;28.68;500
2459;28;4;2004;28.62;3500
2460;27;4;2004;28.26;3200
2461;26;4;2004;29.74;0
2462;23;4;2004;29.74;2700
2463;22;4;2004;29.79;500
2464;21;4;2004;28.91;4200
2465;20;4;2004;30.06;100
2466;19;4;2004;30.68;4200
2467;16;4;2004;33.59;1700
2468;15;4;2004;33.68;7900
2469;14;4;2004;32.03;0
2470;13;4;2004;32.03;8100
2471;12;4;2004;29.53;3900
2472;9;4;2004;28.26;0
2473;8;4;2004;28.26;3000
2474;7;4;2004;25.71;1300
2475;6;4;2004;26.09;100
2476;5;4;2004;27.62;3200
2477;2;4;2004;27.94;3000
2478;1;4;2004;25.91;3000
2479;31;3;2004;24.71;2500
2480;30;3;2004;24.09;2200
2481;29;3;2004;23.24;2200
2482;26;3;2004;22.94;2000
2483;25;3;2004;23.21;3700
2484;24;3;2004;23.53;42600
2485;23;3;2004;23.47;12700
2486;22;3;2004;22.35;6800
2487;19;3;2004;23.76;2800
2488;18;3;2004;24.15;4900
2489;17;3;2004;24.91;800
2490;16;3;2004;25.29;1300
2491;15;3;2004;25.56;800
2492;12;3;2004;26.47;2300
2493;11;3;2004;25.88;2700
2494;10;3;2004;26.41;3900
2495;9;3;2004;27.24;600
2496;8;3;2004;27.76;3500
2497;5;3;2004;28.53;2500
2498;4;3;2004;29.24;3400
2499;3;3;2004;29.21;800
2500;2;3;2004;29.35;0
2501;1;3;2004;29.35;300
2502;27;2;2004;30.35;500
2503;26;2;2004;29.59;1300
2504;25;2;2004;30;1300
2505;24;2;2004;30.59;1100
2506;23;2;2004;31;11500
2507;20;2;2004;31.21;3000
2508;19;2;2004;31.18;3400
2509;18;2;2004;31.85;3900
2510;17;2;2004;31.21;2800
2511;16;2;2004;30.62;300
2512;13;2;2004;30.94;1500
2513;12;2;2004;30.88;600
2514;11;2;2004;31.18;2000
2515;10;2;2004;30.29;3400
2516;9;2;2004;30.82;1800
2517;6;2;2004;32.76;7600
2518;5;2;2004;33.65;5600
2519;4;2;2004;30.59;4000
2520;3;2;2004;31.59;5100
2521;2;2;2004;32.71;0
2522;30;1;2004;32.71;800
2523;29;1;2004;31.79;1000
2524;28;1;2004;32.35;2700
2525;27;1;2004;32.56;8100
2526;26;1;2004;32.65;0
2527;23;1;2004;32.65;11300
2528;22;1;2004;31.76;3200
2529;21;1;2004;31.29;10200
2530;20;1;2004;33.88;6600
2531;19;1;2004;37.09;4400
2532;16;1;2004;38.18;6400
2533;15;1;2004;40;3700
2534;14;1;2004;40.82;2800
2535;13;1;2004;40.29;6900
2536;12;1;2004;41.88;6100
2537;9;1;2004;43.12;3500
2538;8;1;2004;44.29;6100
2539;7;1;2004;42.21;3200
2540;6;1;2004;44.21;12400
2541;5;1;2004;44.29;14700
2542;2;1;2004;46.65;15800
2543;1;1;2004;45.18;40800
2544;31;12;2003;42.94;6200
2545;30;12;2003;44.12;17100
2546;29;12;2003;46.18;12200
2547;26;12;2003;45.47;3500
2548;25;12;2003;44.85;0
2549;24;12;2003;44.85;8100
2550;23;12;2003;45.65;6900
2551;22;12;2003;47.47;6600
2552;19;12;2003;47.74;18700
2553;18;12;2003;48.47;21000
2554;17;12;2003;46.41;36000
2555;16;12;2003;48.29;23900
2556;15;12;2003;47.15;20200
2557;12;12;2003;46.03;48100
2558;11;12;2003;44.15;10800
2559;10;12;2003;45.53;45200
2560;9;12;2003;48.76;48100
2561;8;12;2003;44.97;78500
2562;5;12;2003;44.56;43000
2563;4;12;2003;39.71;18300
2564;3;12;2003;36.44;19300
2565;2;12;2003;32.53;10800
2566;1;12;2003;30.71;12500
2567;28;11;2003;31.18;5700
2568;27;11;2003;30.59;15900
2569;26;11;2003;32.32;0
2570;25;11;2003;32.32;8300
2571;24;11;2003;31.76;11900
2572;21;11;2003;31.53;10800
2573;20;11;2003;29.29;7100
2574;19;11;2003;28.65;2500
2575;18;11;2003;30;3400
2576;17;11;2003;29.76;3200
2577;14;11;2003;29.53;4700
2578;13;11;2003;29.41;6600
2579;12;11;2003;27.65;3900
2580;11;11;2003;27.18;8300
2581;10;11;2003;25.88;4700
2582;7;11;2003;24.71;2500
2583;6;11;2003;23.94;800
2584;5;11;2003;24.15;4700
2585;4;11;2003;24.68;1100
2586;3;11;2003;24.68;2000
2587;31;10;2003;24.94;800
2588;30;10;2003;24.74;300
2589;29;10;2003;25.06;500
2590;28;10;2003;24.94;500
2591;27;10;2003;25.79;500
2592;24;10;2003;25.82;1000
2593;23;10;2003;25.47;3700
2594;22;10;2003;25.59;2200
2595;21;10;2003;26.21;2200
2596;20;10;2003;26.24;1500
2597;17;10;2003;26.76;600
2598;16;10;2003;27.21;600
2599;15;10;2003;27.65;2800
2600;14;10;2003;26.79;1000
2601;13;10;2003;27.94;4400
2602;10;10;2003;27.44;3200
2603;9;10;2003;27.91;5100
2604;8;10;2003;25.91;4400
2605;7;10;2003;25.88;1100
2606;6;10;2003;25.79;2200
2607;3;10;2003;25.91;1700
2608;2;10;2003;25.5;0
2609;1;10;2003;25.5;600
2610;30;9;2003;25.91;600
2611;29;9;2003;26.59;500
2612;26;9;2003;25.94;1100
2613;25;9;2003;26.03;100
2614;24;9;2003;25.94;500
2615;23;9;2003;26.18;100
2616;22;9;2003;26.21;100
2617;19;9;2003;27.35;2800
2618;18;9;2003;27.06;3000
2619;17;9;2003;27.12;3200
2620;16;9;2003;27.56;3200
2621;15;9;2003;28.38;4700
2622;12;9;2003;28.68;4000
2623;11;9;2003;28.53;6800
2624;10;9;2003;29.03;2000
2625;9;9;2003;28.82;2700
2626;8;9;2003;29;2300
2627;5;9;2003;28.97;5900
2628;4;9;2003;28.82;4400
2629;3;9;2003;29.12;2700
2630;2;9;2003;29.12;6400
2631;1;9;2003;29.12;2700
2632;29;8;2003;29.15;4500
2633;28;8;2003;28.82;3700
2634;27;8;2003;29.56;1700
2635;26;8;2003;29.12;5900
2636;25;8;2003;28.82;4400
2637;22;8;2003;28.85;9500
2638;21;8;2003;29.12;3500
2639;20;8;2003;28.56;16600
2640;19;8;2003;29.09;10000
2641;18;8;2003;28.24;3700
2642;15;8;2003;27.74;0
2643;14;8;2003;27.74;6600
2644;13;8;2003;28.06;2800
2645;12;8;2003;27.97;11700
2646;11;8;2003;29.76;17100
2647;8;8;2003;26.74;4500
2648;7;8;2003;26.06;1500
2649;6;8;2003;25.41;2800
2650;5;8;2003;26.62;4900
2651;4;8;2003;26.53;4000
2652;1;8;2003;24.74;1500
2653;31;7;2003;24.47;1000
2654;30;7;2003;24.5;1700
2655;29;7;2003;25.26;2000
2656;28;7;2003;24.56;1700
2657;25;7;2003;25.26;3200
2658;24;7;2003;24.41;600
2659;23;7;2003;25.03;2200
2660;22;7;2003;24.12;100
2661;21;7;2003;24.38;800
2662;18;7;2003;24.09;1100
2663;17;7;2003;25.09;1300
2664;16;7;2003;25.35;1300
2665;15;7;2003;25.06;800
2666;14;7;2003;26;1100
2667;11;7;2003;26.5;5200
2668;10;7;2003;26.47;1800
2669;9;7;2003;27.62;1000
2670;8;7;2003;27.85;4500
2671;7;7;2003;26.91;1000
2672;4;7;2003;26.47;4700
2673;3;7;2003;26.76;6100
2674;2;7;2003;25.88;7800
2675;1;7;2003;25.59;7900
2676;30;6;2003;25.29;8600
2677;27;6;2003;23.06;2300
2678;26;6;2003;23.65;7600
2679;25;6;2003;23.85;7600
2680;24;6;2003;23.32;1800
2681;23;6;2003;23.06;1000
2682;20;6;2003;23.12;1800
2683;19;6;2003;23.29;1700
2684;18;6;2003;23.18;1100
2685;17;6;2003;23.06;100
2686;16;6;2003;22.35;300
2687;13;6;2003;22.56;1000
2688;12;6;2003;23.03;3200
2689;11;6;2003;22.76;1700
2690;10;6;2003;23.32;3400
2691;9;6;2003;23.18;8100
2692;6;6;2003;24.18;1800
2693;5;6;2003;23.59;1000
2694;4;6;2003;23.88;1300
2695;3;6;2003;23.59;1000
2696;2;6;2003;24.18;500
2697;30;5;2003;24.88;3000
2698;29;5;2003;25.26;1100
2699;28;5;2003;25.79;800
2700;27;5;2003;25.59;6100
2701;26;5;2003;25.29;1500
2702;23;5;2003;24.26;1700
2703;22;5;2003;23.68;3000
2704;21;5;2003;23.32;100
2705;20;5;2003;23.65;800
2706;19;5;2003;23.53;800
2707;16;5;2003;23.24;800
2708;15;5;2003;23.68;5400
2709;14;5;2003;21.5;5700
2710;13;5;2003;20.5;2800
2711;12;5;2003;20.47;5100
2712;9;5;2003;20.88;100
2713;8;5;2003;20.88;800
2714;7;5;2003;20.76;1800
2715;6;5;2003;20.91;1100
2716;5;5;2003;21.21;500
2717;2;5;2003;21.47;600
2718;1;5;2003;20.32;0
2719;30;4;2003;20.32;600
2720;29;4;2003;20.29;2800
2721;28;4;2003;20.41;3200
2722;25;4;2003;20.59;2500
2723;24;4;2003;21.26;3000
2724;23;4;2003;20.91;4500
2725;22;4;2003;21.76;1700
2726;21;4;2003;21.94;1100
2727;18;4;2003;22.65;0
2728;17;4;2003;22.65;0
2729;16;4;2003;22.65;500
2730;15;4;2003;22.35;100
2731;14;4;2003;22.06;0
2732;11;4;2003;22.06;0
2733;10;4;2003;21.76;300
2734;9;4;2003;22.91;1700
2735;8;4;2003;22.74;2300
2736;7;4;2003;23.12;7800
2737;4;4;2003;23.97;300
2738;3;4;2003;23.59;0
2739;2;4;2003;23.59;100
2740;1;4;2003;22.71;100
2741;31;3;2003;22.53;0
2742;28;3;2003;22.53;300
2743;27;3;2003;23;100
2744;26;3;2003;23.88;500
2745;25;3;2003;24.41;1100
2746;24;3;2003;23.38;500
2747;21;3;2003;22.09;1100
2748;20;3;2003;22.88;1100
2749;19;3;2003;23.03;2300
2750;18;3;2003;23.24;0
2751;17;3;2003;23.24;0
2752;14;3;2003;23.09;0
2753;13;3;2003;23.09;100
2754;12;3;2003;22.71;800
2755;11;3;2003;23.5;1000
2756;10;3;2003;23.09;500
2757;7;3;2003;24.85;300
2758;6;3;2003;23.79;100
2759;5;3;2003;23.94;1000
2760;4;3;2003;24.24;600
2761;3;3;2003;23.97;600
2762;28;2;2003;24.15;1300
2763;27;2;2003;24.76;600
2764;26;2;2003;24.59;800
2765;25;2;2003;24.41;1000
2766;24;2;2003;24.21;600
2767;21;2;2003;24.24;1800
2768;20;2;2003;24.88;7300
2769;19;2;2003;23.82;4500
2770;18;2;2003;23.76;4700
2771;17;2;2003;24.65;100
2772;14;2;2003;23.74;1100
2773;13;2;2003;24.18;0
2774;12;2;2003;24.18;1000
2775;11;2;2003;24.91;600
2776;10;2;2003;24.79;2000
2777;7;2;2003;25.29;500
2778;6;2;2003;25.29;100
2779;5;2;2003;24.82;800
2780;4;2;2003;26.41;500
2781;3;2;2003;25.91;800
2782;31;1;2003;24.88;1700
2783;30;1;2003;25.41;300
2784;29;1;2003;25.44;100
2785;28;1;2003;24.85;1100
2786;27;1;2003;25.12;500
2787;24;1;2003;25.88;1100
2788;23;1;2003;26.09;2000
2789;22;1;2003;25.59;300
2790;21;1;2003;25.85;500
2791;20;1;2003;25.41;800
2792;17;1;2003;26;1700
2793;16;1;2003;25.76;1800
2794;15;1;2003;25.65;1800
2795;14;1;2003;24.79;0
2796;13;1;2003;24.88;2700
2797;10;1;2003;25.65;500
2798;9;1;2003;24.76;1100
2799;8;1;2003;25.15;600
2800;7;1;2003;24.41;500
2801;6;1;2003;24.71;100
2802;3;1;2003;24.71;1100
2803;2;1;2003;24.53;7400
2804;1;1;2003;25.06;300
2805;31;12;2002;24.82;2800
2806;30;12;2002;24.68;500
2807;27;12;2002;25.29;1800
2808;26;12;2002;25.15;2200
2809;25;12;2002;25.03;0
2810;24;12;2002;25.03;1100
2811;23;12;2002;24.88;6800
2812;20;12;2002;25.59;300
2813;19;12;2002;25.71;500
2814;18;12;2002;25.88;600
2815;17;12;2002;25.88;300
2816;16;12;2002;25.88;4900
2817;13;12;2002;25.97;1500
2818;12;12;2002;25.79;1000
2819;11;12;2002;25.59;1100
2820;10;12;2002;26.03;1300
2821;9;12;2002;25.88;4000
2822;6;12;2002;25.88;100
2823;5;12;2002;25.59;1100
2824;4;12;2002;25.88;500
2825;3;12;2002;26.06;800
2826;2;12;2002;26.26;5700
2827;29;11;2002;46.53;0
2828;28;11;2002;25.71;800
2829;27;11;2002;25.38;2500
2830;26;11;2002;25.68;2000
2831;25;11;2002;25.29;2200
2832;22;11;2002;24.91;2700
2833;21;11;2002;25.85;1800
2834;20;11;2002;25.24;2300
2835;19;11;2002;46.53;0
2836;18;11;2002;26.12;1700
2837;15;11;2002;25.06;600
2838;14;11;2002;25.29;1000
2839;13;11;2002;24.59;600
2840;12;11;2002;24.71;1000
2841;11;11;2002;25.44;100
2842;8;11;2002;25.59;500
2843;7;11;2002;26.74;300
2844;6;11;2002;46.53;0
2845;5;11;2002;28.21;1300
2846;4;11;2002;27.65;100
2847;1;11;2002;24.71;1100
2848;31;10;2002;25.88;1800
2849;30;10;2002;27.09;1000
2850;29;10;2002;28;100
2851;28;10;2002;27.06;0
2852;25;10;2002;27.94;100
2853;24;10;2002;29.41;100
2854;23;10;2002;29.53;100
2855;22;10;2002;31.18;800
2856;21;10;2002;31.47;100
2857;18;10;2002;30.35;300
2858;17;10;2002;29.71;300
2859;16;10;2002;31.47;0
2860;15;10;2002;46.53;0
2861;14;10;2002;31.76;500
2862;11;10;2002;46.53;0
2863;10;10;2002;30.59;300
2864;9;10;2002;31.47;100
2865;8;10;2002;31.03;300
2866;7;10;2002;31.18;100
2867;4;10;2002;31.47;100
2868;3;10;2002;31.26;0
2869;2;10;2002;46.53;0
2870;1;10;2002;32.24;300
2871;30;9;2002;32.18;100
2872;27;9;2002;32.24;0
2873;26;9;2002;31.47;0
2874;25;9;2002;31.18;300
2875;24;9;2002;31.18;500
2876;23;9;2002;31.18;1800
2877;20;9;2002;32.65;600
2878;19;9;2002;32.06;100
2879;18;9;2002;32.38;600
2880;17;9;2002;32.94;1100
2881;16;9;2002;46.53;0
2882;13;9;2002;32.94;3400
2883;12;9;2002;34.71;500
2884;11;9;2002;32.41;100
2885;10;9;2002;46.53;0
2886;9;9;2002;32.35;1700
2887;6;9;2002;33.5;800
2888;5;9;2002;33.53;300
2889;4;9;2002;32.94;1000
2890;3;9;2002;34.71;600
2891;2;9;2002;34.71;500
2892;30;8;2002;33.53;1800
2893;29;8;2002;32.38;300
2894;28;8;2002;35.24;0
2895;27;8;2002;34.18;5600
2896;26;8;2002;36.35;800
2897;23;8;2002;36.82;500
2898;22;8;2002;36.12;3900
2899;21;8;2002;35.91;3900
2900;20;8;2002;36.32;4000
2901;19;8;2002;34.71;600
2902;16;8;2002;33.53;500
2903;15;8;2002;46.53;0
2904;14;8;2002;35.29;100
2905;13;8;2002;36.47;100
2906;12;8;2002;34.91;300
2907;9;8;2002;46.53;0
2908;8;8;2002;46.53;0
2909;7;8;2002;46.53;0
2910;6;8;2002;46.53;0
2911;5;8;2002;46.53;0
2912;2;8;2002;46.53;0
2913;1;8;2002;46.53;0
2914;31;7;2002;46.53;0
2915;30;7;2002;46.53;0
2916;29;7;2002;46.53;0
2917;26;7;2002;46.53;0
2918;25;7;2002;46.53;0
2919;24;7;2002;46.53;0
2920;23;7;2002;46.53;0
2921;22;7;2002;46.53;0
2922;19;7;2002;46.53;0
2923;18;7;2002;46.53;0
2924;17;7;2002;46.53;0
2925;16;7;2002;46.53;0
2926;15;7;2002;46.53;0
2927;12;7;2002;46.53;0
2928;11;7;2002;46.53;0
2929;10;7;2002;46.53;0
2930;9;7;2002;46.53;0
2931;8;7;2002;46.53;0
2932;5;7;2002;46.53;0
2933;4;7;2002;46.53;0
2934;3;7;2002;46.53;0
2935;2;7;2002;46.53;0
2936;1;7;2002;46.53;0
2937;28;6;2002;46.53;0
2938;27;6;2002;46.53;0
2939;26;6;2002;46.53;13400
2940;25;6;2002;45.79;3700
2941;24;6;2002;43.62;500
2942;21;6;2002;44.47;800
2943;20;6;2002;42.35;800
2944;19;6;2002;40.74;0
2945;18;6;2002;41.85;1000
2946;17;6;2002;40.35;1300
2947;14;6;2002;38.18;500
2948;13;6;2002;36.62;100
2949;12;6;2002;36.47;100
2950;11;6;2002;36.47;0
2951;10;6;2002;36.47;0
2952;7;6;2002;36.47;0
2953;6;6;2002;36.47;100
2954;5;6;2002;36.47;500
2955;4;6;2002;34.53;0
2956;3;6;2002;34.53;100
2957;31;5;2002;35.29;100
2958;30;5;2002;35.29;0
2959;29;5;2002;35.29;0
2960;28;5;2002;35.29;0
2961;27;5;2002;35.29;0
2962;24;5;2002;36.47;0
2963;23;5;2002;34.41;500
2964;22;5;2002;35.88;0
2965;21;5;2002;33.56;0
2966;20;5;2002;35.88;0
2967;17;5;2002;35.88;0
2968;16;5;2002;35.88;100
2969;15;5;2002;35.88;100
2970;14;5;2002;36.47;0
2971;13;5;2002;36.47;100
2972;10;5;2002;38.76;0
2973;9;5;2002;38.76;0
2974;8;5;2002;38.65;100
2975;7;5;2002;38.21;800
2976;6;5;2002;38.24;0
2977;3;5;2002;38.24;0
2978;2;5;2002;38.24;100
2979;1;5;2002;36.53;0
2980;30;4;2002;36.53;100
2981;29;4;2002;35.76;0
2982;26;4;2002;35.76;100
2983;25;4;2002;38.24;300
2984;24;4;2002;38.18;300
2985;23;4;2002;35.76;0
2986;22;4;2002;37.59;100
2987;19;4;2002;37.21;100
2988;18;4;2002;36.59;0
2989;17;4;2002;36.59;0
2990;16;4;2002;36.59;100
2991;15;4;2002;38.24;1000
2992;12;4;2002;38.24;500
2993;11;4;2002;37.82;1700
2994;10;4;2002;40;100
2995;9;4;2002;37.68;0
2996;8;4;2002;37.68;100
2997;5;4;2002;40.44;100
2998;4;4;2002;38.85;0
2999;3;4;2002;38.85;500
3000;2;4;2002;38.82;0
3001;1;4;2002;38.82;300
3002;29;3;2002;41.18;0
3003;28;3;2002;41.18;0
3004;27;3;2002;41.18;800
3005;26;3;2002;39.41;100
3006;25;3;2002;41.18;0
3007;22;3;2002;41.18;0
3008;21;3;2002;41.18;0
3009;20;3;2002;41.18;100
3010;19;3;2002;40.29;500
3011;18;3;2002;40.59;0
3012;15;3;2002;38.65;300
3013;14;3;2002;39.71;300
3014;12;3;2002;39.56;0
3015;11;3;2002;40.59;0
3016;8;3;2002;41.47;0
3017;7;3;2002;41.18;100
3018;6;3;2002;40.88;100
3019;5;3;2002;41.18;500
3020;4;3;2002;42.79;1000
3021;28;2;2002;40.53;100
3022;27;2;2002;38.24;300
3023;26;2;2002;37.35;600
3024;25;2;2002;36.47;100
3025;21;2;2002;37.65;100
3026;20;2;2002;36.24;100
3027;19;2;2002;36.21;6800
3028;18;2;2002;38.29;100
3029;15;2;2002;37.65;300
3030;14;2;2002;37.06;100
3031;13;2;2002;35.88;100
3032;12;2;2002;36.03;0
3033;11;2;2002;38.09;300
3034;8;2;2002;36.03;100
3035;7;2;2002;37.59;100
3036;6;2;2002;35.88;300
3037;5;2;2002;36.47;800
3038;4;2;2002;35.38;100
3039;1;2;2002;35.29;500
3040;31;1;2002;35.29;0
3041;30;1;2002;35.29;100
3042;29;1;2002;35.29;100
3043;25;1;2002;35.29;300
3044;24;1;2002;35.29;100
3045;23;1;2002;34.79;100
3046;22;1;2002;35;100
3047;18;1;2002;35.41;100
3048;17;1;2002;34.24;0
3049;11;1;2002;36.18;0
3050;10;1;2002;38.59;0
3051;9;1;2002;35.76;0
3052;8;1;2002;37.65;100
3053;7;1;2002;38.24;0
3054;4;1;2002;35.29;100
3055;31;12;2001;37.91;0
3056;15;11;2001;44.12;100
3057;12;10;2001;37.26;0
3058;21;9;2001;36.71;0
3059;31;8;2001;43.18;0
3060;8;12;2000;82.12;1100
3061;7;12;2000;76.53;3700
3062;6;12;2000;74.06;1500
3063;5;12;2000;76.5;100
3064;4;12;2000;76.35;1100
3065;1;12;2000;74.06;2000
3066;30;11;2000;69.03;300
3067;29;11;2000;68.59;600
3068;28;11;2000;67.06;500
3069;27;11;2000;67.65;0
3070;23;11;2000;68.24;100
3071;22;11;2000;66.68;0
3072;21;11;2000;61.76;0
3073;20;11;2000;61.76;100
3074;17;11;2000;64.18;100
3075;16;11;2000;67.65;300
3076;15;11;2000;69.35;300
3077;14;11;2000;64.26;300
3078;13;11;2000;59.53;100
3079;10;11;2000;64.59;600
3080;9;11;2000;59.82;0
3081;8;11;2000;58.82;0
3082;7;11;2000;59.94;0
3083;6;11;2000;55.88;0
3084;3;11;2000;55.88;0
3085;2;11;2000;55.88;0
3086;1;11;2000;55.88;100
3087;31;10;2000;56.59;0
3088;30;10;2000;56.59;0
3089;27;10;2000;56.59;0
3090;26;10;2000;56.59;0
3091;25;10;2000;56.59;0
3092;24;10;2000;56.59;0
3093;23;10;2000;59.94;0
3094;20;10;2000;59.94;0
3095;19;10;2000;59.94;300
3096;18;10;2000;55.53;0
3097;17;10;2000;55.53;0
3098;16;10;2000;55.53;0
3099;13;10;2000;55.53;0
3100;12;10;2000;51.44;0
3101;11;10;2000;55.88;0
3102;10;10;2000;55.88;100
3103;9;10;2000;54.71;0
3104;6;10;2000;59.12;0
3105;5;10;2000;59.12;0
3106;4;10;2000;59.12;0
3107;3;10;2000;62.35;0
3108;2;10;2000;62.35;0
3109;29;9;2000;62.35;0
3110;28;9;2000;62.35;100
3111;27;9;2000;61.82;0
3112;26;9;2000;61.82;0
3113;25;9;2000;61.82;0
3114;22;9;2000;61.82;100
3115;21;9;2000;60.32;0
3116;20;9;2000;60.24;0
3117;19;9;2000;60.24;0
3118;18;9;2000;60.24;0
3119;15;9;2000;60.24;0
3120;14;9;2000;60.24;100
3121;13;9;2000;64.79;0
3122;12;9;2000;60;100
3123;11;9;2000;60;0
3124;8;9;2000;64.24;0
3125;7;9;2000;64.24;0
3126;6;9;2000;64.24;0
3127;5;9;2000;64.24;0
3128;4;9;2000;64.24;0
3129;1;9;2000;64.24;0
3130;31;8;2000;64.24;100
3131;30;8;2000;61.18;0
3132;29;8;2000;61.18;100
3133;28;8;2000;61.18;0
3134;25;8;2000;61.18;0
3135;24;8;2000;61.24;0
3136;23;8;2000;61.24;0
3137;22;8;2000;61.24;0
3138;21;8;2000;61.24;100
3139;18;8;2000;61.97;300
3140;17;8;2000;67.26;0
3141;16;8;2000;67.26;0
3142;15;8;2000;67.26;0
3143;14;8;2000;67.26;500
3144;11;8;2000;62.29;600
3145;10;8;2000;61.68;100
3146;9;8;2000;57.12;100
3147;8;8;2000;61.76;0
3148;7;8;2000;61.18;0
3149;4;8;2000;61.18;0
3150;3;8;2000;61.18;0
3151;2;8;2000;56.85;0
3152;1;8;2000;56.85;100
3153;31;7;2000;61.76;0
3154;28;7;2000;61.76;0
3155;27;7;2000;61.76;0
3156;26;7;2000;61.76;500
3157;25;7;2000;61.91;0
3158;24;7;2000;61.91;0
3159;21;7;2000;61.91;0
3160;20;7;2000;61.91;0
3161;19;7;2000;61.91;100
3162;18;7;2000;57.65;300
3163;17;7;2000;61.76;0
3164;14;7;2000;62.35;0
3165;13;7;2000;62.35;100
3166;12;7;2000;60.65;0
3167;11;7;2000;60.65;100
3168;10;7;2000;64.68;0
3169;7;7;2000;64.68;0
3170;6;7;2000;64.68;100
3171;5;7;2000;60.06;100
3172;4;7;2000;62.35;100
3173;3;7;2000;64.71;0
3174;30;6;2000;64.71;0
3175;29;6;2000;65.32;300
3176;28;6;2000;64.76;300
3177;27;6;2000;62.94;300
3178;26;6;2000;62.38;0
3179;23;6;2000;62.38;1000
