1;24;10;2013;8.65;8.82;8.85;8.65;8.82;1300
2;23;10;2013;8.75;8.82;9;8.72;8.82;6200
3;22;10;2013;8.98;8.73;9;8.73;8.73;1300
4;21;10;2013;8.8;8.97;8.97;8.6;8.97;7800
5;18;10;2013;8.85;8.55;8.9;8.55;8.55;6700
6;17;10;2013;9;8.61;9;8.61;8.61;5300
7;16;10;2013;8.58;8.58;8.58;8.58;8.58;0
8;15;10;2013;8.55;8.58;8.58;8.55;8.58;2000
9;14;10;2013;8.9;8.9;8.9;8.9;8.9;100
10;11;10;2013;9.25;8.51;9.25;8.51;8.51;0
11;10;10;2013;8.66;8.81;8.81;8.66;8.81;300
12;9;10;2013;8.9;8.85;8.9;8.8;8.85;2600
13;8;10;2013;9.1;9.1;9.1;8.5;9.1;6700
14;7;10;2013;8.65;8.67;8.67;8.65;8.67;200
15;4;10;2013;8.5;9.02;9.18;8.5;9.02;1900
16;3;10;2013;8.1;8.76;8.76;8;8.76;300
17;2;10;2013;8.35;8.35;8.35;8.35;8.35;0
18;1;10;2013;9.2;8.35;9.2;8.35;8.35;600
19;30;9;2013;8.78;8.78;8.78;8.78;8.78;0
20;27;9;2013;9.14;8.78;9.14;8.78;8.78;0
21;26;9;2013;8.9;8.73;9.27;8.73;8.73;2200
22;25;9;2013;8.94;8.95;8.95;8.94;8.95;0
23;24;9;2013;8.5;8.53;8.53;8.5;8.53;500
24;23;9;2013;8.3;8.13;8.35;8.13;8.13;100
25;20;9;2013;8.7;8.5;8.7;8.5;8.5;3900
26;19;9;2013;8.6;8.92;8.92;8.5;8.92;400
27;18;9;2013;8.75;8.5;8.75;8.5;8.5;400
28;17;9;2013;9.09;8.65;9.09;8.65;8.65;600
29;16;9;2013;8.72;8.72;8.72;8.72;8.72;0
30;13;9;2013;8.75;8.72;8.75;8.72;8.72;0
31;12;9;2013;9.17;9.17;9.17;9.17;9.17;0
32;11;9;2013;9.17;9.17;9.17;9.17;9.17;1100
33;10;9;2013;8.75;8.75;8.75;8.75;8.75;500
34;9;9;2013;8.5;8.5;8.5;8.5;8.5;0
35;6;9;2013;8.7;8.5;8.7;8.5;8.5;300
36;5;9;2013;8.85;8.88;8.93;8.85;8.88;600
37;4;9;2013;8.6;8.51;8.6;8.51;8.51;2200
38;3;9;2013;9.39;8.6;9.39;8.6;8.6;4000
39;2;9;2013;9.42;9.4;10.4;9.37;9.4;600
40;30;8;2013;10.4;10.4;10.4;10.4;10.4;0
41;29;8;2013;9.75;9.75;9.75;9.75;9.75;300
42;28;8;2013;10.83;10.83;10.83;10.83;10.83;0
43;27;8;2013;9.5;9.85;9.85;9.5;9.85;0
44;26;8;2013;9.01;9.01;9.01;9.01;9.01;400
45;23;8;2013;9.01;9.25;9.89;9.01;9.25;2100
46;22;8;2013;9.91;9.91;9.91;9.91;9.91;0
47;21;8;2013;8.9;9.91;9.91;8.9;9.91;1500
48;20;8;2013;9.01;9.02;9.2;9.01;9.02;700
49;19;8;2013;9;10;10;8.92;10;1600
50;16;8;2013;10.9;9.9;10.9;9.9;9.9;0
51;15;8;2013;10.1;10.1;10.1;10.1;10.1;0
52;14;8;2013;9.25;10.1;10.1;9.01;10.1;1600
53;13;8;2013;8.56;10;10;8.56;10;300
54;12;8;2013;9.6;9.5;9.6;9.5;9.5;0
55;9;8;2013;9.68;9.68;9.68;9.68;9.68;0
56;8;8;2013;9.68;9.68;9.68;9.68;9.68;0
57;7;8;2013;9.54;9.1;9.54;9;9.1;1000
58;6;8;2013;8.9;8.71;9.6;8.3;8.71;400
59;5;8;2013;9.4;8.9;9.69;8.9;8.9;0
60;2;8;2013;9;8.9;9.25;8.9;8.9;0
61;1;8;2013;9.49;9;9.49;9;9;900
62;31;7;2013;9.5;9.55;9.55;9;9.55;200
63;30;7;2013;8.9;9;9;8.6;9;1700
64;29;7;2013;9;8.8;9;8.8;8.8;3400
65;26;7;2013;9.15;9;9.15;8.95;9;1100
66;25;7;2013;9.35;9.3;9.4;9.3;9.3;1900
67;24;7;2013;9.5;9.39;9.5;9.39;9.39;1900
68;23;7;2013;9.5;9.4;9.5;9.4;9.4;1700
69;22;7;2013;9.5;9.4;9.58;9.4;9.4;7100
70;19;7;2013;9.9;9.9;9.9;9.9;9.9;0
71;18;7;2013;9.6;9.51;9.6;9.51;9.51;100
72;17;7;2013;10.25;9.99;10.25;9.99;9.99;500
73;16;7;2013;9.65;9.65;9.65;9.65;9.65;0
74;15;7;2013;9.8;9.65;9.8;9.5;9.65;900
75;12;7;2013;10.4;10.2;10.4;10.2;10.2;200
76;11;7;2013;10.25;10.25;10.25;10.25;10.25;0
77;10;7;2013;10.01;10.25;10.25;10.01;10.25;5100
78;9;7;2013;10.25;10.25;10.25;10.25;10.25;0
79;8;7;2013;10.15;10;10.15;10;10;1200
80;5;7;2013;10.76;10.76;10.76;10.76;10.76;1000
81;4;7;2013;11.95;11.95;11.95;11.95;11.95;0
82;3;7;2013;11.95;11.95;11.95;11.95;11.95;0
83;2;7;2013;9.91;10;10.68;9.91;10;900
84;1;7;2013;9.99;10;10;9.99;10;400
85;28;6;2013;10.17;10;10.17;10;10;400
86;27;6;2013;10.2;10.2;10.2;10.19;10.2;500
87;26;6;2013;9.9;9.9;9.9;9.9;9.9;0
88;25;6;2013;10.01;9.9;10.05;9.9;9.9;400
89;24;6;2013;10.4;10.39;10.4;10.39;10.39;1200
90;21;6;2013;10.6;10.17;10.6;10.17;10.17;4900
91;20;6;2013;10.69;10.5;10.69;10.5;10.5;100
92;19;6;2013;10.8;10.6;10.8;10.6;10.6;800
93;18;6;2013;10.31;10.31;10.31;10.31;10.31;0
94;17;6;2013;10.31;10.31;10.31;10.31;10.31;0
95;14;6;2013;10.6;10.31;11;10.1;10.31;2700
96;13;6;2013;10.95;11;11;10.95;11;400
97;12;6;2013;12;11.2;12;11.1;10.95;1700
98;11;6;2013;13;12;13;10.99;11.73;0
99;10;6;2013;10.99;12.45;12.45;10.99;12.17;0
100;7;6;2013;11.2;10.95;11.2;10.95;10.71;1000
101;6;6;2013;10.51;11.1;11.1;10.51;10.85;1800
102;5;6;2013;11.49;10.51;11.49;10.51;10.28;800
103;4;6;2013;11.25;11.3;11.3;11.05;11.05;1300
104;3;6;2013;11;11.2;11.2;10.95;10.95;400
105;31;5;2013;11.85;11.8;11.85;11.75;11.54;0
106;30;5;2013;13.8;11.1;13.8;11.1;10.85;200
107;29;5;2013;11.5;12;12;11.5;11.73;1500
108;28;5;2013;13.95;12.45;13.95;12;12.17;0
109;27;5;2013;10.7;11.95;11.95;10.7;11.68;400
110;24;5;2013;10.72;10.72;10.72;10.72;10.48;0
111;23;5;2013;11.06;11.06;11.06;11.06;10.81;0
112;22;5;2013;11.06;11.06;11.06;11.06;10.81;100
113;21;5;2013;11.28;11.28;11.28;11.28;11.03;0
114;20;5;2013;11.16;12;12;11.16;11.73;600
115;17;5;2013;12.8;12;12.8;11.8;11.73;800
116;16;5;2013;12.3;12.3;12.5;11.05;12.03;700
117;15;5;2013;12.9;12.34;12.9;12.1;12.06;700
118;14;5;2013;11.5;12.5;12.5;11.5;12.22;100
119;13;5;2013;12.8;12.8;12.8;12.8;12.51;600
120;10;5;2013;12;11.65;13;11.65;11.39;1800
121;9;5;2013;12.75;11.53;12.75;11.51;11.27;500
122;8;5;2013;11.9;11.3;11.9;11.3;11.05;2100
123;7;5;2013;11.99;11.4;11.99;11.4;11.15;200
124;6;5;2013;12.8;12.95;12.95;11.51;12.66;0
125;3;5;2013;11.75;12.84;12.84;11.65;12.55;300
126;2;5;2013;11.52;11.5;11.9;11.5;11.24;2900
127;1;5;2013;11.41;11.41;11.41;11.41;11.16;0
128;30;4;2013;11.89;11.41;11.89;11.32;11.16;800
129;29;4;2013;11.75;11.65;11.98;11.65;11.39;400
130;26;4;2013;11.51;11.69;11.69;11.51;11.43;1000
131;25;4;2013;12;11.56;12.05;11.56;11.3;2100
132;24;4;2013;12.48;12.48;12.48;12.48;12.2;0
133;23;4;2013;12.48;12.48;12.48;12.48;12.2;0
134;22;4;2013;12.6;12.48;12.6;11.9;12.2;1100
135;19;4;2013;12.05;12.05;12.05;12.05;11.78;0
136;18;4;2013;12.9;12.05;12.9;12.05;11.78;1000
137;17;4;2013;12.35;12.01;12.35;12.01;11.74;400
138;16;4;2013;12.05;11.9;12.2;11.8;11.63;3400
139;15;4;2013;12.5;12;12.5;11.75;11.73;3000
140;12;4;2013;12.3;12.05;12.5;12;11.78;2700
141;11;4;2013;12.3;12.3;12.3;12.25;12.03;1200
142;10;4;2013;12.84;12.45;12.84;12.45;12.17;800
143;9;4;2013;12.65;12.5;12.65;12.5;12.22;2700
144;8;4;2013;13.19;12.5;13.19;12.5;12.22;2100
145;5;4;2013;13.85;12.87;13.85;12.38;12.58;17600
146;4;4;2013;13.5;12.5;13.5;12.49;12.22;22200
147;3;4;2013;12.9;13.36;13.65;12.9;13.06;3000
148;2;4;2013;13.75;13.22;13.75;13.2;12.92;2000
149;1;4;2013;12.81;13.5;13.64;12.81;13.2;900
150;29;3;2013;12.98;12.98;12.98;12.98;12.69;0
151;28;3;2013;12.6;12.98;13;12.6;12.69;4400
152;27;3;2013;13.1;13.1;13.1;13.1;12.81;0
153;26;3;2013;12.85;13.1;13.39;12.81;12.81;1200
154;25;3;2013;13;12.79;13;12.79;12.5;6200
155;22;3;2013;12.71;13.25;13.25;12.71;12.95;2500
156;21;3;2013;12.96;13.12;13.68;12.96;12.83;7200
157;20;3;2013;13.75;13.48;14.3;13;13.18;13600
158;19;3;2013;14.9;13.65;14.9;13.5;13.35;8200
159;18;3;2013;13.3;13.49;14;13;13.19;12200
160;15;3;2013;13.7;13.69;13.95;13.65;13.38;11000
161;14;3;2013;14.4;14;14.4;13.97;13.69;3300
162;13;3;2013;13.5;13.79;13.89;13.5;13.48;2300
163;12;3;2013;13.6;13.7;13.95;13.32;13.39;11800
164;11;3;2013;13.5;13.62;13.99;13.5;13.32;2500
165;8;3;2013;13.21;13.51;13.65;13.21;13.21;4000
166;7;3;2013;13.21;13.27;13.27;13.21;12.97;400
167;6;3;2013;13.84;13.7;13.84;13.1;13.39;1300
168;5;3;2013;13.15;13.13;13.7;12.9;12.84;6500
169;4;3;2013;13.35;13.1;13.35;13.06;12.81;8300
170;1;3;2013;13.6;13.78;13.78;13.2;13.47;5800
171;28;2;2013;14.5;13.6;14.5;12.5;13.3;1900
172;27;2;2013;13.45;13.65;13.75;13.45;13.35;9900
173;26;2;2013;14.75;13.65;14.75;13.6;13.35;5800
174;25;2;2013;14.3;14.05;14.45;14.05;13.74;5900
175;22;2;2013;14;13.7;14;13.55;13.39;10500
176;21;2;2013;13.35;13.9;14.35;13.35;13.59;7100
177;20;2;2013;14;14.3;14.45;14;13.98;900
178;19;2;2013;13;14.3;14.5;13;13.98;900
179;18;2;2013;13.3;14.1;14.55;13.3;13.79;1900
180;15;2;2013;13.8;14.25;14.25;13.8;13.93;800
181;14;2;2013;14.8;13.6;14.8;13.5;13.3;15700
182;13;2;2013;14.7;14.6;14.8;14.6;14.27;7600
183;12;2;2013;14.8;14.85;15.1;14.75;14.52;800
184;11;2;2013;15;14.8;15.05;14.5;14.47;1800
185;8;2;2013;15.05;14.8;15.7;14.6;14.47;6400
186;7;2;2013;15.65;15.65;15.65;15.65;15.3;0
187;6;2;2013;16.9;15.65;16.9;15.2;15.3;2100
188;5;2;2013;15.25;15.2;15.7;15.1;14.86;2300
189;4;2;2013;15.2;15.85;15.9;15.2;15.5;500
190;1;2;2013;15.6;15.7;15.75;15.5;15.35;4400
191;31;1;2013;15.8;15.6;15.85;15.6;15.25;800
192;30;1;2013;15.4;15.75;15.8;15.3;15.4;500
193;29;1;2013;15.85;15.65;15.85;15.35;15.3;4500
194;28;1;2013;16.45;16;16.45;15.95;15.64;400
195;25;1;2013;16.9;16.05;16.9;15.75;15.69;1000
196;24;1;2013;16;16;16.2;15.75;15.64;5500
197;23;1;2013;16.25;15.9;16.25;15.85;15.55;8900
198;22;1;2013;17.55;16.5;17.55;16.4;16.13;3800
199;21;1;2013;16.3;16.55;16.7;16.15;16.18;2600
200;18;1;2013;16.7;16.55;16.9;16.5;16.18;13900
201;17;1;2013;16.5;16.5;17;16.5;16.13;4700
202;16;1;2013;16.8;16.45;16.8;16.35;16.08;3000
203;15;1;2013;17.2;17;17.3;16.6;16.62;4600
204;14;1;2013;16.25;17.25;17.25;16.25;16.86;5100
205;11;1;2013;17.15;16.7;17.5;16.6;16.33;14000
206;10;1;2013;17.5;17.5;17.9;17.3;17.11;11600
207;9;1;2013;18.05;17.5;18.25;17.45;17.11;5000
208;8;1;2013;17.85;18.3;19;17.85;17.89;41300
209;7;1;2013;18.5;18.05;18.75;17.8;17.65;11200
210;4;1;2013;18;18.3;19.7;17.85;17.89;43500
211;3;1;2013;17;18.3;18.35;17;17.89;88800
212;2;1;2013;16.35;17;17.5;16.1;16.62;111500
213;1;1;2013;16;16.1;16.25;15.95;15.74;22000
214;31;12;2012;15.4;15.75;16;15.4;15.4;27400
215;28;12;2012;15.84;15.36;15.84;15.36;15.02;6000
216;27;12;2012;15.55;15.66;16.23;15.55;15.31;16500
217;26;12;2012;15.4;15.6;15.8;15.4;15.25;48800
218;25;12;2012;15.4;15.4;15.4;15.4;15.06;0
219;24;12;2012;15;15.4;15.8;14.9;15.06;46500
220;21;12;2012;17.25;15.06;17.25;15;14.72;26200
221;20;12;2012;15.11;15.06;15.29;15;14.72;4100
222;19;12;2012;15.06;15.07;15.35;15.05;14.73;6400
223;18;12;2012;15;15.39;15.39;15;15.05;2900
224;17;12;2012;15.57;15.12;15.57;14.9;14.78;1800
225;14;12;2012;15.29;15.2;15.29;14.95;14.86;5200
226;13;12;2012;14.55;14.95;15.05;14.55;14.62;15000
227;12;12;2012;15;15.12;15.29;14.9;14.78;8900
228;11;12;2012;15.2;15.34;15.8;15.07;15;8900
229;10;12;2012;15;15;15.19;15;14.67;3000
230;7;12;2012;15;15.04;15.45;15;14.7;6300
231;6;12;2012;15.4;15.28;15.4;14.95;14.94;6600
232;5;12;2012;15.4;15.24;15.4;14.81;14.9;7500
233;4;12;2012;15.3;15;15.3;14.93;14.67;3700
234;3;12;2012;15.45;15.15;15.45;14.86;14.81;4400
235;30;11;2012;15.7;14.84;15.7;14.75;14.51;7400
236;29;11;2012;14.99;15.01;15.13;14.74;14.67;12300
237;28;11;2012;14.84;14.84;14.84;14.84;14.51;0
238;27;11;2012;15;14.84;15;14.6;14.51;16100
239;26;11;2012;15.15;14.85;15.15;14.6;14.52;14700
240;23;11;2012;14.8;14.51;14.8;14.15;14.19;15600
241;22;11;2012;15.24;14.1;15.24;14.06;13.79;7700
242;21;11;2012;14.11;14.24;14.5;14.11;13.92;9200
243;20;11;2012;14.9;14.11;14.9;14.05;13.8;11000
244;19;11;2012;15.39;14.33;15.39;14.01;14.01;12100
245;16;11;2012;15.45;14.95;15.82;14.1;14.62;52800
246;15;11;2012;13.9;15.12;15.5;13.6;14.78;85900
247;14;11;2012;13.95;13.95;13.95;13.95;13.64;0
248;13;11;2012;13.95;13.95;13.95;13.95;13.64;0
249;12;11;2012;13.6;13.95;14;13.55;13.64;4400
250;9;11;2012;13.6;13.63;13.69;13.45;13.33;3700
251;8;11;2012;13.5;13.7;13.76;13.45;13.39;1100
252;7;11;2012;13.56;13.5;13.62;13.4;13.2;30000
253;6;11;2012;14;13.66;14.05;13.65;13.36;3500
254;5;11;2012;13.85;13.74;13.85;13.55;13.43;4500
255;2;11;2012;13.75;13.74;14.2;13.5;13.43;4200
256;1;11;2012;14.4;13.76;14.4;13.72;13.45;2800
257;31;10;2012;13.99;13.78;13.99;13.42;13.47;500
258;30;10;2012;13.35;13.48;13.98;13.35;13.18;4400
259;29;10;2012;13.55;13.5;13.75;13.47;13.2;4800
260;26;10;2012;13.44;13.46;13.47;13.44;13.16;600
261;25;10;2012;13.49;13.6;13.88;13.49;13.3;3400
262;24;10;2012;13.78;13.78;13.78;13.78;13.47;0
263;23;10;2012;13.73;13.78;14.15;13.57;13.47;3700
264;22;10;2012;14.45;13.74;14.45;13.51;13.43;12600
265;19;10;2012;13.75;13.54;13.75;13.5;13.24;6500
266;18;10;2012;13.5;13.65;13.88;13.5;13.35;3800
267;17;10;2012;13.5;13.5;13.75;13.38;13.2;19300
268;16;10;2012;13.66;13.5;14.19;13.42;13.2;25000
269;15;10;2012;13.64;13.7;13.85;13.64;13.39;10200
270;12;10;2012;14.15;13.97;14.15;13.9;13.66;700
271;11;10;2012;13.89;13.8;14.35;13.8;13.49;2600
272;10;10;2012;13.78;13.82;14.25;13.78;13.51;6400
273;9;10;2012;13.25;14;14.29;13.25;13.69;1400
274;8;10;2012;13.9;13.84;14.03;13.8;13.53;6800
275;5;10;2012;14.55;13.8;14.55;13.8;13.49;6900
276;4;10;2012;13.81;14.33;14.5;13.8;14.01;5200
277;3;10;2012;13.9;14.05;14.3;13.9;13.74;2900
278;2;10;2012;14.11;14.11;14.11;14.11;13.8;0
279;1;10;2012;13.7;14.11;14.4;13.7;13.8;1400
280;28;9;2012;13.85;13.75;14.2;13.7;13.44;1700
281;27;9;2012;14.49;13.89;14.49;13.72;13.58;5900
282;26;9;2012;13.16;13.85;13.85;13.16;13.54;2100
283;25;9;2012;14.5;13.64;14.5;13.52;13.34;10800
284;24;9;2012;14.7;14.08;14.7;13.7;13.77;5800
285;21;9;2012;14;14;14;13.55;13.69;1600
286;20;9;2012;13.61;13.92;13.92;13.61;13.61;300
287;19;9;2012;13.99;13.99;13.99;13.99;13.68;0
288;18;9;2012;14;13.99;14;13.41;13.68;2100
289;17;9;2012;13.56;13.82;14.03;13.56;13.51;2600
290;14;9;2012;13.6;13.76;13.98;13.6;13.45;4000
291;13;9;2012;14;13.61;14;13.61;13.31;2500
292;12;9;2012;13.5;13.7;13.89;13.42;13.39;5000
293;11;9;2012;13.71;13.62;13.89;13.56;13.32;11900
294;10;9;2012;14.09;13.89;14.1;13.76;13.58;4100
295;7;9;2012;13.77;14.08;14.2;13.77;13.77;4300
296;6;9;2012;14.05;14.2;14.55;14.05;13.88;2200
297;5;9;2012;14;14.22;14.72;14;13.9;1800
298;4;9;2012;14;13.85;14.05;13.8;13.54;3000
299;3;9;2012;14.5;13.85;14.5;13.85;13.54;4000
300;31;8;2012;14.05;14.05;14.25;14;13.74;4800
301;30;8;2012;14.9;14.25;14.9;14.25;13.93;800
302;29;8;2012;14.7;14.65;14.85;14.55;14.32;12500
303;28;8;2012;14.6;14.6;14.75;14.6;14.27;3400
304;27;8;2012;14.75;14.6;14.95;14.5;14.27;11000
305;24;8;2012;14.5;14.7;14.8;14.5;14.37;4100
306;23;8;2012;14.75;14.4;14.8;14.25;14.08;7500
307;22;8;2012;15;14.9;15;14.7;14.57;900
308;21;8;2012;15.1;14.95;15.1;14.75;14.62;1200
309;20;8;2012;14.8;14.8;14.8;14.8;14.47;0
310;17;8;2012;15.05;14.8;15.05;14.75;14.47;4800
311;16;8;2012;14.8;15.05;15.2;14.8;14.71;3800
312;15;8;2012;14.8;14.8;14.8;14.8;14.47;0
313;14;8;2012;14.8;14.8;15;14.7;14.47;7900
314;13;8;2012;14.8;14.9;15.1;14.8;14.57;8000
315;10;8;2012;14.9;14.8;14.95;14.75;14.47;3900
316;9;8;2012;14.75;14.85;15.1;14.75;14.52;7600
317;8;8;2012;15.65;14.85;15.65;14.8;14.52;5900
318;7;8;2012;15;14.95;15;14.95;14.62;3900
319;6;8;2012;14.85;15;15.1;14.75;14.67;2000
320;3;8;2012;14.7;14.8;15.1;14.7;14.47;3100
321;2;8;2012;15;14.85;15;14.8;14.52;1500
322;1;8;2012;15;14.9;15.05;14.8;14.57;12100
323;31;7;2012;15.05;15.1;15.5;15.05;14.76;800
324;30;7;2012;15.4;15.05;15.4;15;14.71;4400
325;27;7;2012;15.45;15.1;15.45;15.05;14.76;5200
326;26;7;2012;15.1;14.95;15.3;14.75;14.62;8100
327;25;7;2012;15.95;15.15;15.95;15.1;14.81;2400
328;24;7;2012;15.95;15.5;15.95;15.1;15.15;8500
329;23;7;2012;15.1;15.4;15.5;15;15.06;4400
330;20;7;2012;15.5;15.05;15.5;15;14.71;3300
331;19;7;2012;15.15;15.55;15.9;15;15.2;14100
332;18;7;2012;15;15.15;15.35;15;14.81;2200
333;17;7;2012;15.05;14.9;15.3;14.9;14.57;2600
334;16;7;2012;14.9;14.95;15.45;14.9;14.62;6800
335;13;7;2012;15.6;15.3;15.85;15.05;14.96;6900
336;12;7;2012;15.1;15.1;15.45;14.75;14.76;8900
337;11;7;2012;15.3;15.2;15.75;15.2;14.86;11600
338;10;7;2012;15.1;15.35;15.8;15;15.01;3900
339;9;7;2012;16.05;15.6;16.1;14.85;15.25;33100
340;6;7;2012;15.8;15.6;16.15;15.55;15.25;9400
341;5;7;2012;16.25;15.9;16.45;15.85;15.55;18200
342;4;7;2012;15.4;16;16.25;15.4;15.64;23400
343;3;7;2012;15.25;15.3;15.45;15.25;14.96;4100
344;2;7;2012;15.1;15.4;15.7;15;15.06;4100
345;29;6;2012;15.25;15.15;15.8;15;14.81;5800
346;28;6;2012;15.65;15.3;15.65;15.15;14.96;2600
347;27;6;2012;15.25;15.3;15.4;15.15;14.96;5100
348;26;6;2012;15.15;15.2;15.4;15.15;14.86;6500
349;25;6;2012;15.05;15.5;15.7;15.05;15.15;6700
350;22;6;2012;15.05;15.05;15.25;15;14.71;8200
351;21;6;2012;14.85;15.1;15.45;14.85;14.76;2900
352;20;6;2012;15;15.25;15.4;15;14.91;6000
353;19;6;2012;15.3;15;15.3;14.65;14.67;23100
354;18;6;2012;15.35;15.25;15.4;15.25;14.91;3100
355;15;6;2012;15.4;15.35;15.6;15.25;15.01;7600
356;14;6;2012;15.7;15.6;15.8;15.4;14.76;3300
357;13;6;2012;15.55;15.65;15.9;15.5;14.81;900
358;12;6;2012;15.3;15.75;15.95;15.3;14.9;5700
359;11;6;2012;15.5;15.5;15.8;15.5;14.67;6700
360;8;6;2012;15.5;15.5;15.5;15.5;14.67;600
361;7;6;2012;15.55;15.3;15.7;15.2;14.48;12400
362;6;6;2012;15.45;15.65;16;15.3;14.81;3600
363;5;6;2012;15.3;15.3;15.7;15.25;14.48;2000
364;4;6;2012;15.3;15.25;15.7;15.1;14.43;2000
365;1;6;2012;15.5;15.35;15.9;15.25;14.53;2300
366;31;5;2012;15.35;15.55;15.9;15.3;14.72;2100
367;30;5;2012;15.35;15.95;16.1;15.3;15.09;21500
368;29;5;2012;16;15.7;16.15;15.5;14.86;19900
369;28;5;2012;16.85;16.25;16.85;15.5;15.38;18900
370;25;5;2012;15.8;15.65;16.4;15.4;14.81;12200
371;24;5;2012;15.25;15.9;16.85;15.25;15.05;8200
372;23;5;2012;15.85;15.3;15.85;15.25;14.48;6200
373;22;5;2012;19.45;15.8;19.45;15.75;14.95;1800
374;21;5;2012;15.5;16.25;16.35;15.5;15.38;13100
375;18;5;2012;15.25;16;16.45;15.25;15.14;22300
376;17;5;2012;14.2;15.4;15.75;14.2;14.57;4600
377;16;5;2012;15.3;15.45;15.95;15.25;14.62;6800
378;15;5;2012;15.9;15.45;16.8;15.35;14.62;26800
379;14;5;2012;16;15.65;16;15.2;14.81;6700
380;11;5;2012;15.8;15.8;15.9;15.75;14.95;4400
381;10;5;2012;15.85;15.75;15.95;15.75;14.9;2400
382;9;5;2012;16.1;16;16.2;15.75;15.14;2800
383;8;5;2012;15.8;16.2;16.5;15.75;15.33;8300
384;7;5;2012;15.25;15.6;16.1;15.25;14.76;5300
385;4;5;2012;15.75;16;16;15.75;15.14;800
386;3;5;2012;15.85;15.85;15.85;15.85;15;100
387;2;5;2012;15.5;15.8;16.15;15.5;14.95;4600
388;1;5;2012;15.75;15.75;15.75;15.75;14.9;0
389;30;4;2012;16.65;15.75;16.65;15.75;14.9;3000
390;27;4;2012;16.1;15.8;16.15;15.7;14.95;10800
391;26;4;2012;16;16.2;16.2;16;15.33;1100
392;25;4;2012;16.65;16;16.65;15.75;15.14;4400
393;24;4;2012;16.05;16.15;16.5;16.05;15.28;2100
394;23;4;2012;17.2;16.05;17.2;16;15.19;7000
395;20;4;2012;16.6;15.95;17.3;15.85;15.09;13900
396;19;4;2012;16.25;16.7;17.25;16;15.8;34000
397;18;4;2012;16.45;16.05;16.45;15.9;15.19;24100
398;17;4;2012;15.5;16.05;16.2;15.5;15.19;4700
399;16;4;2012;15.5;15.55;15.8;15.5;14.72;9400
400;13;4;2012;15.4;15.55;16.3;15.4;14.72;22800
401;12;4;2012;15.15;15.55;15.7;15.15;14.72;2100
402;11;4;2012;15.4;15.4;16;15.15;14.57;15600
403;10;4;2012;14.8;15.15;15.15;14.8;14.34;1200
404;9;4;2012;15.15;15.15;15.25;14.7;14.34;28300
405;6;4;2012;15.05;15.05;15.05;15.05;14.24;0
406;5;4;2012;15.05;15.05;15.05;15.05;14.24;0
407;4;4;2012;15;15.05;15.4;14.9;14.24;5100
408;3;4;2012;15.15;15.15;15.7;15.15;14.34;4400
409;2;4;2012;14.8;14.95;15.6;14.8;14.15;300
410;30;3;2012;14.65;15.15;15.3;14.3;14.34;9400
411;29;3;2012;13.9;14.65;15.5;13.85;13.86;34500
412;28;3;2012;14.3;13.8;14.35;13.7;13.06;17000
413;27;3;2012;14.35;14.25;14.5;14.1;13.49;8400
414;26;3;2012;14.65;14.5;15;14.25;13.72;8300
415;23;3;2012;14.85;14.65;16;14.6;13.86;4000
416;22;3;2012;16.75;14.85;16.75;14.85;14.05;5300
417;21;3;2012;15.3;15.15;15.5;15;14.34;6300
418;20;3;2012;14.7;15.3;15.4;14.7;14.48;1000
419;19;3;2012;15.05;14.85;15.05;14.75;14.05;3700
420;16;3;2012;15.05;14.9;15.25;14.75;14.1;2400
421;15;3;2012;15.5;15.05;15.6;15;14.24;10000
422;14;3;2012;15.45;15.35;15.75;15.15;14.53;3600
423;13;3;2012;15.4;15.3;15.8;15.25;14.48;6000
424;12;3;2012;15.6;15.35;15.6;15.3;14.53;3700
425;9;3;2012;16.05;15.3;16.05;15.3;14.48;7900
426;8;3;2012;15.85;15.85;15.85;15.85;15;0
427;7;3;2012;15.55;15.5;15.65;15.2;14.67;3700
428;6;3;2012;15.8;15.8;15.8;15.8;14.95;1000
429;5;3;2012;15.85;15.8;16.35;15.6;14.95;6900
430;2;3;2012;15.75;15.9;16.3;15.75;15.05;2500
431;1;3;2012;16.15;15.85;16.15;15.7;15;5400
432;29;2;2012;16.75;16.05;16.8;16;15.19;8800
433;28;2;2012;15.7;15.85;16.45;15.7;15;10500
434;27;2;2012;15.9;15.75;16.1;15.75;14.9;3900
435;24;2;2012;16.15;15.85;16.15;15.8;15;4500
436;23;2;2012;17.4;16.15;17.4;15.9;15.28;15300
437;22;2;2012;16.9;16.25;16.9;16.1;15.38;8000
438;21;2;2012;17;16.85;17.6;16.7;15.95;27700
439;20;2;2012;16.7;16.7;16.7;16.7;15.8;0
440;17;2;2012;17.5;16.7;17.5;16.6;15.8;12300
441;16;2;2012;16.7;16.8;17.45;16.7;15.9;37000
442;15;2;2012;18.6;16.8;18.6;16.7;15.9;24200
443;14;2;2012;17.25;17.5;18.25;17.25;16.56;14100
444;13;2;2012;18.65;17.75;18.65;17.2;16.8;21000
445;10;2;2012;16.95;16.9;17.1;16.65;15.99;12800
446;9;2;2012;16.6;16.65;17.35;16.5;15.76;42200
447;8;2;2012;16.65;16.5;16.8;16.5;15.61;5700
448;7;2;2012;17;16.6;17;16.5;15.71;9700
449;6;2;2012;16.5;16.55;16.8;16.3;15.66;15900
450;3;2;2012;16.15;16.3;16.75;16.15;15.43;10000
451;2;2;2012;16.15;16.15;16.25;16;15.28;10000
452;1;2;2012;16.05;16.1;16.2;16;15.24;6800
453;31;1;2012;16.01;16.34;16.58;15.87;15.46;17900
454;30;1;2012;16.49;16.06;16.5;15.8;15.2;5000
455;27;1;2012;15.95;15.99;16.18;15.72;15.13;17100
456;26;1;2012;15.96;15.96;15.96;15.96;15.1;0
457;25;1;2012;16.05;15.96;16.05;15.95;15.1;3800
458;24;1;2012;16.4;16.07;16.4;16;15.21;6500
459;23;1;2012;15.9;16.12;16.17;15.9;15.26;2200
460;20;1;2012;16.4;16.14;16.4;16;15.27;10700
461;19;1;2012;16;15.97;16.3;15.89;15.11;6600
462;18;1;2012;16.3;15.98;16.37;15.82;15.12;7000
463;17;1;2012;16.3;16.44;16.87;16.3;15.56;23100
464;16;1;2012;16.21;16.12;16.7;16.11;15.26;3500
465;13;1;2012;16.1;16.46;17.1;16.1;15.58;31800
466;12;1;2012;15.82;16.02;16.65;15.8;15.16;15200
467;11;1;2012;15.65;15.92;16.4;15.65;15.07;13800
468;10;1;2012;16.1;15.97;16.1;15.26;15.11;37000
469;9;1;2012;15.65;15.72;15.89;15.24;14.88;25900
470;6;1;2012;15.27;15.46;15.68;15;14.63;25900
471;5;1;2012;15.15;15.27;15.6;15.05;14.45;10800
472;4;1;2012;15.3;15.57;15.65;15.1;14.73;38400
473;3;1;2012;15.1;15.3;15.49;15;14.48;20900
474;2;1;2012;14.85;14.99;15.39;14.85;14.19;10400
475;30;12;2011;14.9;14.9;15.4;14.85;14.1;27000
476;29;12;2011;15.2;14.95;15.3;14.7;14.15;44500
477;28;12;2011;15.15;15.45;15.65;14.7;14.62;8000
478;27;12;2011;15;15.6;15.95;14.75;14.76;36300
479;26;12;2011;14.6;14.7;15.55;14.6;13.91;2900
480;23;12;2011;14.55;15.25;15.75;14.55;14.43;26100
481;22;12;2011;15.75;14.7;15.75;14.35;13.91;13400
482;21;12;2011;15.1;15.2;15.3;14.65;14.38;38400
483;20;12;2011;15.95;14.65;15.95;14.55;13.86;600
484;19;12;2011;14.65;14.9;15.75;14.35;14.1;15000
485;16;12;2011;15.9;15.05;15.9;15;14.24;4100
486;15;12;2011;15.15;15.3;15.95;14.7;14.48;11900
487;14;12;2011;16;15.65;16.65;15.55;14.81;39100
488;13;12;2011;15.75;16.05;16.35;15.3;15.19;18700
489;12;12;2011;16;15.75;16;15.6;14.9;3600
490;9;12;2011;18.8;16.25;19.4;16.1;15.38;5400
491;8;12;2011;16.9;16.35;16.9;15.85;15.47;19300
492;7;12;2011;16.3;16.65;16.7;15.85;15.76;17700
493;6;12;2011;16.05;16.05;16.05;16.05;15.19;0
494;5;12;2011;16;16.05;16.25;15.9;15.19;1400
495;2;12;2011;15.75;16.25;17.2;15.75;15.38;28900
496;1;12;2011;16.35;15.85;16.35;15.8;15;1500
497;30;11;2011;13.1;16.2;16.6;13.1;15.33;15900
498;29;11;2011;14.8;15.75;16.2;14.8;14.9;6700
499;28;11;2011;15.5;15.7;16;15.25;14.86;9400
500;25;11;2011;15.85;15.2;16.2;15.2;14.38;2500
501;24;11;2011;14.8;15.4;15.75;14.8;14.57;10100
502;23;11;2011;16.55;14.8;16.55;14.6;14.01;12500
503;22;11;2011;16.55;16.2;16.55;15.85;15.33;2800
504;21;11;2011;16.4;16.05;16.8;15.8;15.19;7900
505;18;11;2011;16.5;16.5;16.75;16.25;15.61;8100
506;17;11;2011;17.5;17.15;17.5;16.25;16.23;16000
507;16;11;2011;16.8;16.4;17.2;16.3;15.52;7400
508;15;11;2011;17.2;16.65;17.2;16.5;15.76;12900
509;14;11;2011;18;17.05;19.3;17;16.14;14800
510;11;11;2011;19.5;17.75;19.5;17.4;16.8;3700
511;9;11;2011;17.7;17.7;18.25;17.65;16.75;3900
512;8;11;2011;18.15;17.85;18.7;17.8;16.89;12800
513;4;11;2011;17.75;17.8;18.2;17.55;16.84;5000
514;3;11;2011;17.75;18;18.5;17.4;17.03;33600
515;2;11;2011;18;18;18.25;17.5;17.03;15100
516;1;11;2011;17.75;17.95;18.4;17.75;16.99;22000
517;31;10;2011;17.05;18.15;18.75;17.05;17.18;29800
518;28;10;2011;17.5;17.35;17.75;17;16.42;18900
519;26;10;2011;17.55;17.55;17.55;17.45;16.61;1600
520;25;10;2011;17;16.8;17.25;16.7;15.9;1500
521;24;10;2011;17.1;17;17.75;17;16.09;3100
522;21;10;2011;17.5;17;17.6;17;16.09;4800
523;20;10;2011;17.5;17.05;17.75;17;16.14;11600
524;19;10;2011;17.65;17.8;17.85;17.6;16.84;4600
525;18;10;2011;17.6;17.65;17.8;17.5;16.7;2000
526;17;10;2011;18.45;17.7;18.45;17.65;16.75;4800
527;14;10;2011;19.25;18.1;19.45;18;17.13;28500
528;13;10;2011;19.85;19.65;20.3;18.7;18.6;36400
529;12;10;2011;18.85;19.45;19.85;18.65;18.41;51800
530;11;10;2011;18.55;18.4;18.55;18.15;17.41;11100
531;10;10;2011;17.7;18.15;18.35;17.7;17.18;13900
532;7;10;2011;17.7;17.95;18.35;17.7;16.99;7000
533;5;10;2011;18.25;17.5;18.3;17.5;16.56;2700
534;4;10;2011;18.6;18.1;18.85;17.6;17.13;14700
535;3;10;2011;17.5;18.8;19.1;16.6;17.79;49300
536;30;9;2011;18;17.85;18.2;17.55;16.89;32600
537;29;9;2011;16.95;17.2;18.5;16.45;16.28;90100
538;28;9;2011;16.2;16.1;16.2;16;15.24;5400
539;27;9;2011;16.2;16.25;16.5;15.8;15.38;33300
540;26;9;2011;16.3;16.2;16.75;16;15.33;11900
541;23;9;2011;16.55;16.6;16.65;16.2;15.71;13800
542;22;9;2011;16.75;16.5;17.2;16.45;15.61;4800
543;21;9;2011;16.3;16.8;17.25;16.3;15.9;20400
544;20;9;2011;16.3;16.35;16.7;16.25;15.47;5400
545;19;9;2011;16.2;16.5;16.75;16.15;15.61;3400
546;16;9;2011;16.35;16.85;17;16.35;15.95;17900
547;15;9;2011;16.35;16.45;16.55;16.35;15.57;1300
548;14;9;2011;16.65;16.55;16.9;16.25;15.66;11100
549;13;9;2011;16.35;16.6;16.65;16.35;15.71;1000
550;12;9;2011;16.75;16.5;16.75;16.35;15.61;1800
551;9;9;2011;16.75;16.65;16.8;16.5;15.76;1300
552;8;9;2011;16.65;16.6;16.8;16.55;15.71;6500
553;7;9;2011;16.75;16.5;17;16.25;15.61;15900
554;6;9;2011;16.55;16.5;16.75;16.1;15.61;23300
555;5;9;2011;16.55;16.7;16.8;16.4;15.8;13000
556;2;9;2011;16.1;16.9;17;16.1;15.99;9700
557;30;8;2011;16.75;16.5;16.8;16.15;15.61;5500
558;29;8;2011;16.75;16.6;16.75;15.95;15.71;21000
559;26;8;2011;16;15.9;16.7;15.75;15.05;9200
560;25;8;2011;16.4;16.3;16.4;16;15.43;14300
561;24;8;2011;16.9;16.35;16.9;16.05;15.47;27000
562;23;8;2011;16.15;16.25;16.6;16.05;15.38;10600
563;22;8;2011;15.85;16.15;16.5;15.5;15.28;8600
564;19;8;2011;15.85;16.05;16.45;15.85;15.19;9800
565;18;8;2011;16.5;16.4;17.4;16.2;15.52;7900
566;17;8;2011;16.6;16.7;17.5;16.6;15.8;13900
567;16;8;2011;16.85;16.55;17.65;16.5;15.66;4900
568;12;8;2011;17.8;16.95;18;16.8;16.04;25200
569;11;8;2011;17.2;17.3;17.6;17;16.37;15700
570;10;8;2011;17.9;17.6;18.75;17.6;16.66;10800
571;9;8;2011;16.65;17.2;17.55;16.65;16.28;13600
572;8;8;2011;17.1;17.05;18.5;16.6;16.14;40100
573;5;8;2011;17.1;17.95;18;16.35;16.99;40700
574;4;8;2011;18.45;17.95;18.6;17.9;16.99;11900
575;3;8;2011;18.3;17.55;18.3;17.35;16.61;22200
576;2;8;2011;18.5;18.1;18.8;18;17.13;35700
577;1;8;2011;18.9;18.7;18.95;18.55;17.7;11400
578;29;7;2011;18.65;18.55;18.75;18.3;17.55;11900
579;28;7;2011;18.2;19.1;19.45;18.2;18.08;17000
580;27;7;2011;18.4;18.7;18.8;18.4;17.7;5700
581;26;7;2011;18.6;18.55;19.1;18.5;17.55;3000
582;25;7;2011;18.75;19;19.5;18.6;17.98;10800
583;22;7;2011;18.65;19.1;19.2;18.6;18.08;10500
584;21;7;2011;18.3;19.1;19.15;18.3;18.08;42600
585;20;7;2011;18.6;18.75;18.85;18.5;17.74;6600
586;19;7;2011;18.9;18.65;18.9;18.3;17.65;7000
587;18;7;2011;18.55;18.5;18.9;18.45;16.8;7400
588;15;7;2011;18.15;18.9;19.85;18.15;17.16;12900
589;14;7;2011;18.7;19.05;19.2;18.25;17.3;40900
590;13;7;2011;18.7;18.5;19.05;18.1;16.8;6700
591;12;7;2011;18.5;18.4;18.65;18.25;16.71;10400
592;11;7;2011;19.7;18.9;19.7;18.5;17.16;16400
593;8;7;2011;19.65;18.75;19.65;18.5;17.02;14000
594;7;7;2011;19.3;19.3;19.5;19;17.52;16300
595;6;7;2011;19.95;19.5;20.2;19.4;17.71;47500
596;5;7;2011;18.55;19.25;20.2;18.4;17.48;60700
597;4;7;2011;18.3;18.4;18.8;17.9;16.71;26000
598;1;7;2011;17.95;17.95;18;17.75;16.3;4800
599;30;6;2011;17.7;17.95;18.15;17.55;16.3;9900
600;29;6;2011;18.4;17.8;18.4;17.65;16.16;6700
601;28;6;2011;17.75;17.8;18.1;17.75;16.16;7000
602;27;6;2011;18.25;17.85;18.25;17.6;16.21;4800
603;24;6;2011;18.2;17.85;18.2;17.6;16.21;3900
604;23;6;2011;17.8;17.6;17.95;17.5;15.98;8000
605;22;6;2011;18.5;17.85;18.5;17.5;16.21;9600
606;21;6;2011;18;17.8;18;17.3;16.16;7600
607;20;6;2011;18.5;18.05;18.5;16.9;16.39;22600
608;17;6;2011;19.35;18.45;19.35;18.2;16.75;17800
609;16;6;2011;19.65;18.95;19.8;18.8;16.53;25600
610;15;6;2011;19.8;19.6;20.4;19.35;17.09;101800
611;14;6;2011;19.5;19.6;20;18.85;17.09;41800
612;13;6;2011;19;19.3;19.4;18.8;16.83;12600
613;10;6;2011;19.6;18.95;19.6;18.9;16.53;13200
614;9;6;2011;18.85;19.25;19.5;18.6;16.79;16900
615;8;6;2011;19;18.95;19.4;18.8;16.53;15100
616;7;6;2011;19.5;19.25;19.5;18.65;16.79;44300
617;6;6;2011;21.8;19.35;21.9;19.1;16.87;158200
618;3;6;2011;16.5;20.3;20.3;16.5;17.7;217500
619;2;6;2011;16.25;16.95;16.95;16.25;14.78;1900
620;1;6;2011;16.8;16.65;17;16.35;14.52;6700
621;31;5;2011;16.15;16.65;16.7;16.1;14.52;8700
622;30;5;2011;16.7;16.35;16.7;16.2;14.26;10700
623;27;5;2011;16.8;16.6;16.9;16.55;14.48;9300
624;26;5;2011;16.85;16.6;16.95;16.3;14.48;6600
625;25;5;2011;16.9;16.55;17;16.35;14.43;19900
626;24;5;2011;16.55;16.55;16.95;16.5;14.43;4600
627;23;5;2011;16.15;16.5;17.1;16.15;14.39;13400
628;20;5;2011;16.1;16.35;16.65;16.1;14.26;3700
629;19;5;2011;16.6;16.25;17.35;16.25;14.17;6000
630;18;5;2011;17.25;16.75;17.25;16.6;14.61;2800
631;17;5;2011;17.15;17.3;17.5;17.15;15.09;1800
632;16;5;2011;17.1;17.35;17.8;17.1;15.13;2200
633;13;5;2011;17.5;17.6;18;17.5;15.35;11600
634;12;5;2011;17.2;17.55;17.75;17.2;15.3;10300
635;11;5;2011;16.9;17.4;17.55;16.9;15.17;2800
636;10;5;2011;17;17.3;17.5;16.9;15.09;10500
637;9;5;2011;16.9;17;17.15;16.8;14.82;5900
638;6;5;2011;17.9;16.55;17.9;16.3;14.43;5600
639;5;5;2011;16.8;16.5;16.85;16.4;14.39;13900
640;4;5;2011;16.5;16.6;16.8;16.1;14.48;7200
641;3;5;2011;17.1;16.55;17.4;16.25;14.43;14800
642;2;5;2011;17.4;17.15;17.85;17.1;14.96;3600
643;29;4;2011;17.5;17.3;17.75;17.25;15.09;10100
644;28;4;2011;17.3;17.8;18.2;17.3;15.52;2700
645;27;4;2011;18;18.05;18.3;17.9;15.74;17600
646;26;4;2011;17.55;17.8;17.95;17.5;15.52;3100
647;25;4;2011;17.85;17.7;17.85;17.55;15.44;800
648;21;4;2011;17.7;17.65;17.85;17.5;15.39;12900
649;20;4;2011;17.75;17.5;18.15;17.4;15.26;25800
650;19;4;2011;17.6;17.75;17.95;17.15;15.48;3500
651;18;4;2011;18.25;17.65;18.45;17.6;15.39;11000
652;15;4;2011;18.8;17.95;18.8;17.8;15.65;20700
653;13;4;2011;18.5;18.6;18.85;18.1;16.22;5700
654;11;4;2011;18.9;18.8;19.1;18.5;16.39;4000
655;8;4;2011;19.2;18.95;20.2;18.85;16.53;17000
656;7;4;2011;19.25;19.1;19.3;18.6;16.66;19900
657;6;4;2011;17.9;18.9;19.05;17.75;16.48;60600
658;5;4;2011;17.8;17.7;18;17.55;15.44;22500
659;4;4;2011;17.65;17.7;17.75;17.05;15.44;18200
660;1;4;2011;16.5;17;17.3;16.5;14.82;14600
661;31;3;2011;16.9;16.5;16.9;16.45;14.39;10200
662;30;3;2011;16.95;16.6;17;16.5;14.48;14000
663;29;3;2011;16.85;16.3;16.9;16.25;14.21;59300
664;28;3;2011;17.2;16.9;17.65;16.85;14.74;49500
665;25;3;2011;17.1;16.95;17.1;16.65;14.78;32100
666;24;3;2011;17.65;17;17.65;16.95;14.82;15200
667;23;3;2011;17.9;17.5;18;17.5;15.26;4900
668;22;3;2011;17.65;17.5;17.8;17.4;15.26;6200
669;21;3;2011;17.85;17.45;18.5;17.25;15.22;4000
670;18;3;2011;18.05;17.9;18.5;17.55;15.61;24600
671;17;3;2011;18.5;17.95;18.5;17.7;15.65;79100
672;16;3;2011;18.7;18.25;19.2;18.1;15.91;102000
673;15;3;2011;18.75;18.15;18.75;18.05;15.83;7600
674;14;3;2011;18.55;18.85;19.4;18.5;16.44;5400
675;11;3;2011;19.1;18.8;19.75;18.6;16.39;30100
676;10;3;2011;18.2;18.75;19.8;18.2;16.35;43100
677;9;3;2011;17.5;18.55;19.2;17.5;16.18;65800
678;8;3;2011;17.5;17.15;17.5;17.05;14.96;4100
679;7;3;2011;17;16.85;17;16.8;14.69;1700
680;4;3;2011;17.35;17.2;17.4;17.15;15;4600
681;3;3;2011;17.05;17.4;17.7;17.05;15.17;9600
682;1;3;2011;17.6;17.3;17.6;16.85;15.09;2400
683;28;2;2011;16.65;17.2;17.5;16.65;15;4800
684;25;2;2011;16.65;16.75;17.1;16.6;14.61;2800
685;24;2;2011;17.15;16.95;17.3;16.8;14.78;3500
686;23;2;2011;17.25;17.25;17.4;17.15;15.04;6300
687;22;2;2011;17.5;17.4;17.75;17.15;15.17;2900
688;21;2;2011;18.05;17.45;18.05;17.2;15.22;15100
689;18;2;2011;18.75;18.05;18.75;18;15.74;13700
690;17;2;2011;18.85;18.3;18.85;18;15.96;43600
691;16;2;2011;18.75;18.4;18.95;18.25;16.05;20800
692;15;2;2011;18.4;18.35;18.9;18.05;16;18800
693;14;2;2011;18;18.2;18.8;17.8;15.87;33200
694;11;2;2011;15.65;17.75;17.95;15.65;15.48;29300
695;10;2;2011;16.05;16.3;16.75;15.75;14.21;108100
696;9;2;2011;18.8;15.95;18.8;15.75;13.91;115100
697;8;2;2011;19.5;19.15;19.95;19;16.7;7400
698;7;2;2011;20.75;19.35;20.8;19.3;16.87;263700
699;4;2;2011;21;20.8;21.6;20.6;18.14;33500
700;3;2;2011;20.65;20.65;21.45;20.35;18.01;107100
701;2;2;2011;21;20.8;21.75;20.5;18.14;85900
702;1;2;2011;20.55;20.95;21.95;20.55;18.27;33100
703;31;1;2011;20.5;21.1;21.4;20.05;18.4;50100
704;28;1;2011;22.05;20.7;22.2;20.5;18.05;28500
705;27;1;2011;21.75;22.35;23.45;21.55;19.49;45700
706;25;1;2011;21.95;21.75;22.05;21.5;18.97;6400
707;24;1;2011;22;22.2;22.95;21.85;19.36;27400
708;21;1;2011;22.4;22.2;22.95;21.9;19.36;26900
709;20;1;2011;21.9;22.3;22.95;21.75;19.45;54900
710;19;1;2011;22;21.9;22.75;21.7;19.1;33400
711;18;1;2011;22.85;22.05;22.85;21.5;19.23;25400
712;17;1;2011;22.8;22.4;23.4;21.75;19.53;44000
713;14;1;2011;21.35;22.4;24.2;20.85;19.53;127600
714;13;1;2011;21.75;21.35;21.75;20.8;18.62;25700
715;12;1;2011;21.55;21;21.55;20.6;18.31;31000
716;11;1;2011;21;20.95;21.5;20.3;18.27;20400
717;10;1;2011;22.9;20.6;24.75;20.5;17.96;36400
718;7;1;2011;22.6;21.45;22.7;21.25;18.71;13400
719;6;1;2011;21.85;22.5;23.45;21.75;19.62;29800
720;5;1;2011;22.8;21.95;22.8;21.85;19.14;17700
721;4;1;2011;23;22.3;23;22.05;19.45;18500
722;3;1;2011;21.8;22.7;23.85;21.8;19.8;240000
723;31;12;2010;21.8;21.1;21.85;20.8;18.4;4600
724;30;12;2010;21.4;21.1;21.4;20.9;18.4;6800
725;29;12;2010;20.7;20.75;21.05;20.65;18.09;9400
726;28;12;2010;20.85;20.75;21.3;20.55;18.09;13100
727;27;12;2010;20.55;21.05;21.55;20.55;18.36;17600
728;24;12;2010;20.65;20.7;21.25;20.6;18.05;20500
729;23;12;2010;21.15;21.05;21.15;20.75;18.36;18200
730;22;12;2010;21.3;20.65;21.4;20.5;18.01;23200
731;21;12;2010;20.35;20.5;21.45;20.15;17.88;35600
732;20;12;2010;20.4;20.3;20.8;20.15;17.7;10000
733;16;12;2010;20.1;20.4;21;20;17.79;36600
734;15;12;2010;19.15;19.8;20.5;19;17.27;10000
735;14;12;2010;20.5;19.95;20.55;19.85;17.4;12100
736;13;12;2010;20.45;20.2;20.5;19.9;17.62;20300
737;10;12;2010;19.2;19.85;20.25;19.2;17.31;33100
738;9;12;2010;21;19.05;21;18.85;16.61;39200
739;8;12;2010;21.3;21.15;21.6;21;18.44;21000
740;7;12;2010;22.05;21.55;22.5;21.4;18.79;14900
741;6;12;2010;22.05;22.05;22.6;22;19.23;9600
742;3;12;2010;22.45;22.05;23;21.6;19.23;22900
743;2;12;2010;22.55;22.55;22.95;22.2;19.66;12900
744;1;12;2010;22.35;22.25;22.45;21.8;19.4;13000
745;30;11;2010;21.4;21.75;22;21.4;18.97;10900
746;29;11;2010;21.6;21.6;22.5;20.8;18.84;72600
747;26;11;2010;22.6;21.6;22.95;21;18.84;308400
748;25;11;2010;22.9;22.55;23.5;22.2;19.66;21400
749;24;11;2010;22.55;22.3;23.1;22.1;19.45;12600
750;23;11;2010;22.65;22.85;23.05;22.5;19.93;22800
751;22;11;2010;24;23.4;24;22.6;20.41;15800
752;19;11;2010;23.1;22.6;23.6;22.5;19.71;22600
753;18;11;2010;23.65;22.8;24;22.6;19.88;21800
754;16;11;2010;24.55;23.9;25.25;23.75;20.84;34800
755;15;11;2010;25.55;24.95;25.95;24.6;21.76;29500
756;12;11;2010;27.25;25.6;27.3;25.5;22.32;95000
757;11;11;2010;28;26.35;28.2;26.1;22.98;360100
758;10;11;2010;24.85;25.65;25.9;24.5;22.37;103400
759;9;11;2010;23.5;24.7;24.8;23.3;21.54;144200
760;8;11;2010;23.9;23.15;23.9;23.1;20.19;14800
761;5;11;2010;23.85;23.9;24;22.8;20.84;19000
762;4;11;2010;22.35;23.1;24;22.35;20.14;63700
763;3;11;2010;22.5;22.35;22.55;21.95;19.49;16100
764;2;11;2010;22.35;21.95;22.35;21.75;19.14;8800
765;1;11;2010;22.25;21.85;22.35;21.75;19.05;5600
766;29;10;2010;22.05;21.9;22.55;21.8;19.1;20700
767;28;10;2010;22.15;22.05;22.55;22;19.23;8100
768;27;10;2010;22.2;22.15;22.4;22;19.32;16800
769;26;10;2010;22.35;22.15;23;22.05;19.32;38000
770;25;10;2010;22.65;22.25;22.7;22.15;19.4;20900
771;22;10;2010;22.55;22.45;22.9;22.45;19.58;15300
772;21;10;2010;22.9;22.45;22.9;22.4;19.58;12400
773;20;10;2010;22.5;22.5;22.95;22.3;19.62;21800
774;19;10;2010;23;22.5;23;22.25;19.62;8400
775;18;10;2010;22.25;22.7;22.8;22.15;19.8;10500
776;15;10;2010;23;22.4;23.45;22;19.53;38600
777;14;10;2010;23.45;23.25;23.9;23;20.27;11500
778;13;10;2010;23.4;23.55;23.9;23.25;20.54;25300
779;12;10;2010;22.95;23.05;23.2;22.7;20.1;57900
780;11;10;2010;21.55;22.8;23;21.55;19.88;34000
781;8;10;2010;22.65;22.45;23;22.35;19.58;15500
782;7;10;2010;22.6;22.65;23.4;22.5;19.75;53200
783;6;10;2010;22.9;22.65;23;22.45;19.75;13800
784;5;10;2010;22.1;22.35;22.75;22.1;19.49;11100
785;4;10;2010;22.7;22.5;22.95;22.4;19.62;10000
786;1;10;2010;22.65;22.55;22.95;22.45;19.66;26700
787;30;9;2010;22.2;22.55;23.2;22.2;19.66;36300
788;29;9;2010;22.55;22.35;22.95;22.2;19.49;15700
789;28;9;2010;22.4;22.55;22.95;22.4;19.66;13700
790;27;9;2010;23;22.25;23.25;22;19.4;35400
791;24;9;2010;22.5;22.75;23;22.45;19.84;27300
792;23;9;2010;22.95;22.65;23.25;22.35;19.75;34900
793;22;9;2010;22.9;22.4;22.95;22.2;19.53;28000
794;21;9;2010;23.75;22.7;23.75;22.7;19.8;15400
795;20;9;2010;23;23.5;23.65;23;20.49;50300
796;17;9;2010;22.95;23.15;23.45;22.7;20.19;59000
797;16;9;2010;23.1;22.7;23.1;22.55;19.8;11800
798;15;9;2010;22.7;23.1;23.45;22.5;20.14;47200
799;14;9;2010;22.85;22.75;23.5;22.5;19.84;34900
800;13;9;2010;24.7;23.25;24.7;23.05;20.27;28500
801;9;9;2010;24.25;23.6;24.75;23.4;20.58;93800
802;8;9;2010;22.5;23.5;24.5;22.25;20.49;269900
803;7;9;2010;24;22.15;24;21.55;19.32;52000
804;6;9;2010;21.9;21.85;21.95;21.1;19.05;114100
805;3;9;2010;22;21.6;22.5;21.25;18.84;12500
806;2;9;2010;21.3;21.25;21.75;21.1;18.53;17000
807;1;9;2010;21.4;21.25;21.6;21.1;18.53;14800
808;31;8;2010;21.1;21.1;21.45;21;18.4;20100
809;30;8;2010;21.45;21.5;22.15;21.3;18.75;29200
810;27;8;2010;22;21.95;22.6;21.6;19.14;67600
811;26;8;2010;21.55;21.95;22.25;21.4;19.14;50700
812;25;8;2010;21.7;21.55;21.95;21.5;18.79;19900
813;24;8;2010;22.1;21.65;22.25;21.5;18.88;38700
814;23;8;2010;22.3;21.75;22.3;21.7;18.97;15600
815;20;8;2010;21.8;21.6;22.3;21.6;18.84;16100
816;19;8;2010;22;21.8;22.15;21.55;19.01;12800
817;18;8;2010;22.15;21.95;22.35;21.65;19.14;22700
818;17;8;2010;22.2;21.85;22.45;21.65;19.05;21200
819;16;8;2010;22.1;22.35;22.85;21.5;19.49;68800
820;13;8;2010;21.95;21.55;21.95;21.1;18.79;36100
821;12;8;2010;21.65;21.8;21.95;21.65;19.01;19900
822;11;8;2010;22.05;21.75;22.05;21.6;18.97;14200
823;10;8;2010;22.25;22.05;22.45;22;19.23;20500
824;9;8;2010;22.35;22.15;22.5;22.05;19.32;82800
825;6;8;2010;22.5;22.1;23.15;22.05;19.27;88900
826;5;8;2010;21.8;21.95;22.4;21.8;19.14;31100
827;4;8;2010;22.3;21.9;22.3;21.8;19.1;43600
828;3;8;2010;22.25;22.15;22.4;22.05;19.32;28000
829;2;8;2010;22.2;22.25;22.85;22.05;19.4;44600
830;30;7;2010;22.5;22.05;22.55;22;19.23;16700
831;29;7;2010;22.1;22.1;23;21.95;19.27;100500
832;28;7;2010;22.35;22.05;22.9;22;19.23;54200
833;27;7;2010;22.35;22.45;23.15;22.3;19.58;46500
834;26;7;2010;22.9;22.4;23;22.35;19.53;7600
835;23;7;2010;23;22.85;23.2;22.8;19.93;43800
836;22;7;2010;22.6;22.7;22.75;22.25;19.8;13300
837;21;7;2010;23;22.65;23.5;22.55;19.75;29200
838;20;7;2010;23.5;23.05;24.35;22.95;20.1;15100
839;19;7;2010;23.2;23.65;24.4;22.75;20.62;78700
840;16;7;2010;22.6;23.05;23.5;22.25;20.1;49000
841;15;7;2010;22.3;22.6;22.75;21.85;19.71;37300
842;14;7;2010;22.35;22;22.8;21.85;19.18;19400
843;13;7;2010;22.2;22.2;22.6;21.95;19.36;15700
844;12;7;2010;22.8;22.35;22.95;22.25;19.49;9700
845;9;7;2010;22.55;22.4;23;22.25;19.53;15800
846;8;7;2010;22.75;22.6;23;22.55;19.71;8900
847;7;7;2010;22.4;22.6;23.35;22.4;19.71;45200
848;6;7;2010;22.75;22.6;22.75;22.4;19.71;9700
849;5;7;2010;22.7;22.65;23.35;22.6;19.75;40600
850;2;7;2010;22.85;22.9;23.9;22.7;19.97;9900
851;1;7;2010;22.7;22.65;23.2;22.6;19.75;21500
852;30;6;2010;23;22.85;23.2;22.8;19.93;11900
853;29;6;2010;23.15;22.95;23.5;22.75;20.01;12700
854;28;6;2010;24.15;23.05;24.15;23;20.1;29200
855;25;6;2010;23.75;23.45;23.95;23.3;20.45;10700
856;24;6;2010;23.1;23.35;24.2;23.1;20.36;30900
857;23;6;2010;23;23.35;23.9;22.75;20.36;104100
858;22;6;2010;22.5;22.8;22.95;21.8;19.88;55800
859;21;6;2010;22.2;22.05;22.5;21.5;19.23;37600
860;18;6;2010;22.5;21.8;22.7;21.75;19.01;11700
861;17;6;2010;22.75;22.4;22.75;22.05;19.53;7000
862;16;6;2010;22.85;22.4;22.9;22.3;19.1;11700
863;15;6;2010;22.75;22.6;22.75;22.05;19.27;8900
864;14;6;2010;22.25;22.3;22.35;22;19.01;13200
865;11;6;2010;22.25;22.2;23.5;21.6;18.93;42300
866;10;6;2010;22.45;21.55;22.45;21.25;18.37;14200
867;9;6;2010;21.3;21.9;22.15;21.3;18.67;12900
868;8;6;2010;21.3;22.05;22.25;21.3;18.8;39300
869;7;6;2010;21;21.2;21.3;20.75;18.07;5600
870;4;6;2010;21.2;21.5;21.75;21.2;18.33;22600
871;3;6;2010;20.8;20.95;21.25;20.65;17.86;5800
872;2;6;2010;21.4;21;21.4;20.7;17.9;13300
873;1;6;2010;20.75;20.9;21.45;20.7;17.82;20500
874;31;5;2010;21.5;20.9;21.5;20.75;17.82;14900
875;28;5;2010;21;21.25;21.85;20.7;18.12;59400
876;27;5;2010;21.2;20.65;21.5;20.45;17.61;24200
877;26;5;2010;21.9;21.1;22.35;20.85;17.99;29800
878;25;5;2010;22;21.4;22.25;21.05;18.25;9700
879;24;5;2010;22.3;22.15;22.9;21.55;18.88;74100
880;21;5;2010;22;21.95;23;21.75;18.71;14300
881;20;5;2010;23;22.65;23.85;22.5;19.31;15000
882;19;5;2010;23.75;23.15;24.1;23;19.74;16600
883;18;5;2010;24.05;24.1;24.95;23.4;20.55;56700
884;17;5;2010;24;24.05;24.45;22.5;20.5;71300
885;14;5;2010;24.5;23.95;26;23.5;20.42;93400
886;13;5;2010;24.3;24.05;24.45;23.9;20.5;28900
887;12;5;2010;23.8;23.85;24.75;23.8;20.33;29200
888;11;5;2010;24.3;24;24.4;23.85;20.46;13800
889;10;5;2010;24;24.3;24.5;23.5;20.72;23700
890;7;5;2010;24;23.55;24;23.1;20.08;14600
891;6;5;2010;24.35;24.1;24.75;24;20.55;42100
892;5;5;2010;25;24.25;25;23.6;20.67;39900
893;4;5;2010;26.8;25.25;26.8;25.1;21.53;25200
894;3;5;2010;26.9;26.05;26.9;26;22.21;13900
895;30;4;2010;26.5;26.45;26.85;26.2;22.55;19400
896;29;4;2010;26.05;26.4;26.85;25.5;22.51;19400
897;28;4;2010;27.1;26.35;27.35;26.05;22.47;44800
898;27;4;2010;28;27.45;28.3;27.35;23.4;26300
899;26;4;2010;28.6;28.05;28.65;28;23.91;43300
900;23;4;2010;28.8;28.15;29;27.8;24;36900
901;22;4;2010;28.4;28.6;29.4;27.15;24.38;80200
902;21;4;2010;28.3;28.3;28.85;28.15;24.13;60500
903;20;4;2010;28.6;28.15;28.85;28;24;46800
904;19;4;2010;27.75;28.3;28.75;27;24.13;144900
905;16;4;2010;27.5;27.05;27.7;26.8;23.06;70600
906;15;4;2010;29.75;28.1;29.75;27.75;23.96;60100
907;13;4;2010;29.5;29.4;30.5;29.15;25.07;143000
908;12;4;2010;31.25;30.2;31.7;29.5;25.75;966500
909;9;4;2010;25.45;29.4;30.05;25;25.07;391800
910;8;4;2010;25.7;25.05;25.8;24.85;21.36;29100
911;7;4;2010;25.6;25.4;26.2;25.25;21.66;42100
912;6;4;2010;25.55;25.5;25.7;25.4;21.74;29700
913;5;4;2010;25.2;25.5;26.8;25.2;21.74;54700
914;1;4;2010;25.65;25.7;26.4;25.5;21.91;20900
915;31;3;2010;25.8;26;26.75;25.7;22.17;60700
916;30;3;2010;25.1;26;26.2;25.1;22.17;68600
917;29;3;2010;26.4;24.6;26.75;24.25;20.97;134300
918;26;3;2010;27.4;26.15;27.4;25.55;22.29;43700
919;25;3;2010;26;26.85;27.25;25.5;22.89;106200
920;23;3;2010;25.5;26.05;26.75;25.5;22.21;49400
921;22;3;2010;26.2;25.1;26.2;24.85;21.4;26400
922;19;3;2010;25.5;25.95;26.2;25.2;22.12;28700
923;18;3;2010;25.5;25.5;25.7;25.2;21.74;4300
924;17;3;2010;25.5;25.55;26;24.85;21.78;14100
925;16;3;2010;24.7;25.15;25.5;24.7;21.44;13000
926;15;3;2010;25.3;24.8;25.55;24.5;21.14;8500
927;12;3;2010;26.2;25.5;26.35;25.25;21.74;17300
928;11;3;2010;26.7;26.35;26.7;26.1;22.47;20100
929;10;3;2010;26.5;26.2;27;26.1;22.34;21500
930;9;3;2010;26.5;26.1;26.5;26.05;22.25;8800
931;8;3;2010;27.8;26.45;29.8;26.3;22.55;33500
932;5;3;2010;26.8;26.55;27.5;26.5;22.64;20800
933;4;3;2010;25.8;26.55;26.75;25.8;22.64;26500
934;3;3;2010;25.4;25.6;26.45;25.4;21.83;91800
935;2;3;2010;23.9;25.1;25.35;23.9;21.4;21400
936;26;2;2010;23.4;23.8;24.5;23.3;20.29;23300
937;25;2;2010;23.75;23.8;24.3;23.6;20.29;17100
938;24;2;2010;24.55;23.7;25.25;23.55;20.21;31000
939;23;2;2010;25.7;24.85;25.7;24.8;21.19;20300
940;22;2;2010;26.55;25.4;26.6;25.25;21.66;12100
941;19;2;2010;26.95;25.25;27;25.05;21.53;40000
942;18;2;2010;27.5;26.75;27.85;26.7;22.81;18400
943;17;2;2010;27.85;27.55;27.9;27.5;23.49;29600
944;16;2;2010;26.9;27.4;27.55;26.75;23.36;14700
945;15;2;2010;27.55;27.25;27.9;27;23.23;13000
946;11;2;2010;26.75;27.35;27.7;26.75;23.32;37800
947;10;2;2010;27.55;26.65;27.55;26.5;22.72;22900
948;9;2;2010;27.3;26.95;27.9;26.7;22.98;13600
949;8;2;2010;27.25;27.15;27.6;26.35;23.15;49000
950;5;2;2010;27.4;26.65;27.85;26;22.72;81000
951;4;2;2010;29;28.4;30;28.1;24.21;41400
952;3;2;2010;30;29.3;30.3;29;24.98;34100
953;2;2;2010;29.55;29.35;30.95;29.15;25.02;66400
954;1;2;2010;28;29.3;29.75;27.7;24.98;65200
955;29;1;2010;28.2;27.4;28.25;26.7;23.36;122700
956;28;1;2010;28.7;28.85;29.75;28.3;24.6;90300
957;27;1;2010;30.15;28.25;31.7;28;24.09;79100
958;26;1;2010;30.85;30.85;30.85;30.85;26.3;0
959;25;1;2010;30;30.85;31.2;29.25;26.3;41400
960;22;1;2010;32;31.35;32.5;28.6;26.73;139600
961;21;1;2010;34.95;32.95;34.95;32.6;28.09;65600
962;20;1;2010;35.5;33.7;35.65;33.25;28.73;111400
963;19;1;2010;36.05;35.2;37.6;34.8;30.01;225200
964;18;1;2010;34.05;36.5;37;34.05;31.12;308600
965;15;1;2010;36;33.9;36;33.2;28.9;74100
966;14;1;2010;36;34.95;36.5;34.35;29.8;155800
967;13;1;2010;33;35.25;35.7;32.15;30.05;306600
968;12;1;2010;35.75;33;35.75;32.5;28.14;120800
969;11;1;2010;36;35.05;36;34.9;29.88;153600
970;8;1;2010;37;35.05;37.1;34.6;29.88;247100
971;7;1;2010;33.85;36.7;38.9;33.65;31.29;1881800
972;6;1;2010;33.5;33.7;34.5;32.05;28.73;397500
973;5;1;2010;32.4;32.65;33.5;31.05;27.84;357400
974;4;1;2010;30.3;31;32.65;29.9;26.43;341100
975;1;1;2010;29.5;29.5;29.5;29.5;25.15;0
976;31;12;2009;29.75;29.5;30.85;29;25.15;159800
977;30;12;2009;26.95;29.25;29.9;26.85;24.94;410900
978;29;12;2009;26.95;26.75;27.1;26.5;22.81;44100
979;28;12;2009;26.6;26.6;26.6;26.6;22.68;0
980;25;12;2009;26.6;26.6;26.6;26.6;22.68;0
981;24;12;2009;27.55;26.6;27.65;26.45;22.68;52300
982;23;12;2009;27;27.1;28.4;26.85;23.1;90100
983;22;12;2009;27.85;27.4;27.85;26.55;23.36;26500
984;21;12;2009;28.1;27.3;28.25;27.05;23.28;40200
985;18;12;2009;28;27.45;28.5;27.15;23.4;104600
986;17;12;2009;28.45;27.85;29;27.4;23.74;260400
987;16;12;2009;27.75;27.3;28;27.15;23.28;40200
988;15;12;2009;28;27.55;29;27.4;23.49;138600
989;14;12;2009;27.25;27.4;28.45;27.15;23.36;62800
990;11;12;2009;28.4;27.85;28.85;27.75;23.74;80500
991;10;12;2009;28.7;28.4;29;28.25;24.21;47800
992;9;12;2009;29.1;28.7;29.2;28.7;24.47;39800
993;8;12;2009;28.3;28.4;28.9;28.2;24.21;27700
994;7;12;2009;28.5;28.45;29.45;28.2;24.26;42200
995;4;12;2009;29.55;28.7;29.7;28.35;24.47;50900
996;3;12;2009;29.5;28.95;30.15;28.9;24.68;63100
997;2;12;2009;31;29.25;31;29;24.94;79300
998;1;12;2009;29.8;30.35;31.25;29.15;25.88;252500
999;30;11;2009;28.8;29.05;29.7;28.5;24.77;135600
1000;27;11;2009;28;27.85;29.2;27;23.74;195300
1001;26;11;2009;28.9;28.35;30;28;24.17;127000
1002;25;11;2009;28.7;28.85;29.15;28.2;24.6;100800
1003;24;11;2009;26.95;27.95;28.1;26.3;23.83;173500
1004;23;11;2009;25.7;26.25;26.5;25.65;22.38;44200
1005;20;11;2009;26.1;25.9;26.7;25.5;22.08;12500
1006;19;11;2009;26.7;26.45;27.9;26.3;22.55;55500
1007;18;11;2009;27.05;26.45;27.35;26.15;22.55;19900
1008;17;11;2009;26.65;27;27;26.45;23.02;35500
1009;16;11;2009;26.2;26.9;27.15;25.85;22.93;39900
1010;13;11;2009;25.8;25.7;26.5;25.6;21.91;25600
1011;12;11;2009;25.95;25.75;26;25.6;21.95;15400
1012;11;11;2009;25.5;25.7;26.2;24.8;21.91;118400
1013;10;11;2009;25.05;25.35;25.6;25;21.61;26400
1014;9;11;2009;25.25;24.8;25.45;24.6;21.14;30100
1015;6;11;2009;24.6;24.5;24.8;24.15;20.89;21300
1016;5;11;2009;24;23.8;24.35;23.5;20.29;29300
1017;4;11;2009;23.5;23.55;24.5;22.6;20.08;65000
1018;3;11;2009;24.6;23.3;25;22.7;19.87;19500
1019;30;10;2009;25.85;24.7;26;24.3;21.06;34900
1020;29;10;2009;25;25;25.5;24.75;21.31;15800
1021;28;10;2009;25.1;25.1;25.8;24.6;21.4;35500
1022;27;10;2009;26.6;25.85;27;25.4;22.04;41200
1023;26;10;2009;27.45;26.85;27.5;26.7;22.89;16000
1024;23;10;2009;28;26.95;28.3;26.65;22.98;38500
1025;22;10;2009;29;28.15;29.5;26.7;24;151900
1026;21;10;2009;29.3;28.45;29.35;28.25;24.26;59400
1027;20;10;2009;28.25;28.75;29.6;28.25;24.51;132900
1028;16;10;2009;27.95;27.95;28.5;27.5;23.83;76500
1029;15;10;2009;26.65;27.4;27.85;26.5;23.36;34600
1030;14;10;2009;27;27.1;27.8;26.7;23.1;35900
1031;12;10;2009;28.5;27;28.5;27;23.02;51600
1032;9;10;2009;27.8;28.2;28.9;27.65;24.04;86900
1033;8;10;2009;27.2;27.75;28.15;26.5;23.66;79600
1034;7;10;2009;27.4;27;27.4;26.4;23.02;36900
1035;6;10;2009;27.6;26.85;27.6;26.6;22.89;46300
1036;5;10;2009;28;27.4;28.45;27.1;23.36;39200
1037;1;10;2009;28.6;27.9;28.75;27.8;23.79;39500
1038;30;9;2009;28.5;28.45;29;28;24.26;34300
1039;29;9;2009;29.4;28.05;29.75;27.8;23.91;75800
1040;25;9;2009;30;29.25;30.45;29.1;24.94;96400
1041;24;9;2009;28.55;29.75;31;28.55;25.36;228200
1042;23;9;2009;28.75;29.3;30.4;28.6;24.98;218500
1043;22;9;2009;28.35;28.7;29.25;27.8;24.47;82300
1044;18;9;2009;28.8;28.2;29.2;28;24.04;53700
1045;17;9;2009;29;28.9;29.6;28;24.64;85300
1046;16;9;2009;29.35;28.8;29.85;28.7;24.55;67400
1047;15;9;2009;30.4;29.65;30.5;29.45;25.28;74700
1048;14;9;2009;30;30.05;30.7;29.4;25.62;85400
1049;11;9;2009;29.75;29.95;30.25;29;25.53;213600
1050;10;9;2009;27.6;29.2;30.55;27.6;24.9;324600
1051;9;9;2009;27.5;29;29.85;27.1;24.72;152300
1052;8;9;2009;28.45;27.8;28.45;27.65;23.7;34100
1053;7;9;2009;28.25;28;28.75;27.8;23.87;31800
1054;4;9;2009;28.95;28.05;28.95;27.1;23.91;78500
1055;3;9;2009;28.4;28.05;29;27.9;23.91;62100
1056;2;9;2009;28.9;28.3;29.45;28;24.13;75800
1057;1;9;2009;30;28.5;31.4;28;24.3;158600
1058;31;8;2009;30.3;29.6;31;29.15;25.24;163600
1059;28;8;2009;31.5;30.4;32;30.05;25.92;143000
1060;27;8;2009;31.55;31.4;32.8;31.1;26.77;258000
1061;26;8;2009;31.65;31.35;32.55;30.4;26.73;469400
1062;25;8;2009;29.15;30.55;31.15;28.9;26.05;217000
1063;24;8;2009;32.5;29.5;32.5;28.65;25.15;437300
1064;21;8;2009;25.5;29.25;29.8;24.6;24.94;541400
1065;20;8;2009;24.5;25;25.5;24.5;21.31;9400
1066;19;8;2009;26.55;24.7;26.9;24.2;21.06;61400
1067;18;8;2009;27.5;26.3;27.5;25.6;22.42;57100
1068;17;8;2009;26.9;26.3;27.7;26.05;22.42;67200
1069;14;8;2009;26.95;27.7;28.1;26.95;23.62;142700
1070;13;8;2009;27.25;27.15;28.5;27;23.15;284400
1071;12;8;2009;24.4;26.6;27.4;24.4;22.68;347400
1072;11;8;2009;24.1;24.9;26.2;24.1;21.23;154700
1073;10;8;2009;24.05;24.35;25.8;24.05;20.76;60600
1074;7;8;2009;23.9;24.05;24.5;23.35;20.5;53900
1075;6;8;2009;24.7;23.9;25.2;23.5;20.38;132000
1076;5;8;2009;22.5;23.9;24.5;21.55;20.38;134500
1077;4;8;2009;22.8;21.7;23;21.7;18.5;56000
1078;3;8;2009;22;22.25;22.45;21.25;18.97;44200
1079;31;7;2009;20.8;21.55;22.6;20.8;18.37;20700
1080;30;7;2009;23.5;21.35;24.7;21.05;18.2;162900
1081;29;7;2009;19.8;23;23.15;19.45;19.61;93000
1082;28;7;2009;19.05;19.6;19.8;19;16.71;15900
1083;27;7;2009;18.05;19.25;19.95;18.05;16.41;43000
1084;24;7;2009;17.55;18.15;18.85;17.55;15.47;40700
1085;23;7;2009;18;17.75;18;17.25;15.13;17800
1086;22;7;2009;17.7;17.45;18.75;17.4;14.88;27500
1087;21;7;2009;18.7;17.9;18.9;17.75;15.26;17700
1088;20;7;2009;18.25;18.4;18.7;18;15.69;31100
1089;17;7;2009;17.5;17.85;18.6;17.25;15.22;47000
1090;16;7;2009;17.5;17.5;18.25;17.15;14.92;34900
1091;15;7;2009;17.8;17.5;17.8;17.2;14.92;37600
1092;14;7;2009;16.95;17;17.15;16.1;14.49;22700
1093;13;7;2009;16.9;16.1;17;15.6;13.73;14700
1094;10;7;2009;17.85;16.5;18.1;15.5;14.07;41400
1095;9;7;2009;17.55;17.45;18.2;17;14.88;38500
1096;8;7;2009;18;17.9;18.15;17.75;15.26;19600
1097;7;7;2009;18.55;18.5;18.55;17.9;15.77;15100
1098;6;7;2009;18.8;18.4;19.3;18.2;15.69;13900
1099;3;7;2009;18.55;18.75;18.8;18;15.99;17500
1100;2;7;2009;19.55;18.3;19.55;17.1;15.6;65300
1101;1;7;2009;19.2;18.9;19.9;18.7;16.11;21800
1102;30;6;2009;20.05;19.3;20.75;19.2;16.45;19500
1103;29;6;2009;21;20.3;21;20.3;17.31;22800
1104;26;6;2009;21.1;20.75;21.1;20.2;17.69;8700
1105;25;6;2009;21.9;20.8;21.9;20.5;17.73;16900
1106;24;6;2009;21.4;20.7;21.7;20.3;17.65;58400
1107;23;6;2009;21.85;20.8;21.85;20;17.73;46000
1108;22;6;2009;22.7;21.6;22.7;21.5;18.42;24300
1109;19;6;2009;22.9;22;23.45;21.5;18.76;79800
1110;18;6;2009;22.95;22.35;23.85;22;19.06;100100
1111;17;6;2009;22.5;22.85;24.45;22.4;19.48;158700
1112;16;6;2009;22.8;22.85;23.35;22.7;19.48;41500
1113;15;6;2009;23.2;23.05;24.45;23;19.65;63500
1114;12;6;2009;23.35;23.65;25;22.2;20.16;258900
1115;11;6;2009;23.35;22.6;23.75;22.6;19.27;11800
1116;10;6;2009;25.3;23.35;25.3;22.75;19.91;45900
1117;9;6;2009;24.5;23.45;24.5;23.25;19.99;23100
1118;8;6;2009;25.8;24.05;25.8;24;20.5;42900
1119;5;6;2009;27.75;25.45;27.8;24.2;21.7;97100
1120;4;6;2009;23.5;25.85;25.85;22.6;22.04;142500
1121;3;6;2009;23.7;23.5;24;23.05;20.04;48600
1122;2;6;2009;24;23;24;22.6;19.61;40400
1123;1;6;2009;22.25;23;23.45;21.75;19.61;53800
1124;29;5;2009;22.1;22.05;22.6;21.5;18.8;40900
1125;28;5;2009;22.25;22.35;23;22.25;19.06;27400
1126;27;5;2009;23.35;22.5;23.6;22.2;19.18;26300
1127;26;5;2009;24.35;22.95;24.35;22.4;19.57;43100
1128;25;5;2009;23.6;23.35;23.6;22.6;19.91;61000
1129;22;5;2009;23.45;22.6;23.5;22;19.27;40300
1130;21;5;2009;23.95;23.1;23.95;22.95;19.69;36200
1131;20;5;2009;22.9;22.5;23.8;22.2;19.18;77600
1132;19;5;2009;23.2;22.8;24.2;22.1;19.44;32400
1133;15;5;2009;22.8;22.05;23.75;21.95;18.8;49800
1134;14;5;2009;23.1;21.5;23.4;21.5;18.33;48100
1135;13;5;2009;21.9;23.2;24.35;21.9;19.78;5400
1136;12;5;2009;23.15;23.8;25;22.7;20.29;32200
1137;11;5;2009;23.15;23.3;23.65;22.25;19.87;30400
1138;8;5;2009;22.25;22.75;23.5;21.95;19.4;43400
1139;7;5;2009;21.3;22.7;22.7;21.3;19.35;38100
1140;6;5;2009;21.8;21.65;23.45;21.65;18.46;39700
1141;5;5;2009;23.2;22.5;24.4;22.5;19.18;28700
1142;4;5;2009;24;24;24;23;20.46;4100
1143;29;4;2009;23.1;23.9;24.3;23;20.38;13200
1144;28;4;2009;24.35;24;24.95;24;20.46;9100
1145;27;4;2009;26.2;25.5;26.3;25;21.74;11000
1146;24;4;2009;26.3;26;27.4;26;22.17;45700
1147;23;4;2009;25.9;26.1;26.1;25.6;22.25;88200
1148;22;4;2009;23.8;24.9;24.9;23.15;21.23;316900
1149;21;4;2009;24;23.75;25;22.8;20.25;45300
1150;20;4;2009;24.9;23.95;24.9;23.2;20.42;79100
1151;17;4;2009;23.75;23.75;23.75;23.75;20.25;14800
1152;16;4;2009;22.65;22.65;22.65;22.65;19.31;11700
1153;15;4;2009;21.6;21.6;21.6;21.6;18.42;1900
1154;13;4;2009;20.55;20.6;20.6;20.55;17.56;2100
1155;9;4;2009;19.35;20;21;19.35;17.05;91100
1156;8;4;2009;20.35;20.35;20.35;20.35;17.35;19100
1157;6;4;2009;21.4;21.4;21.4;21.4;18.25;22500
1158;2;4;2009;22.5;22.5;22.5;22.5;19.18;21400
1159;1;4;2009;23.75;23.65;23.75;23.65;20.16;12600
1160;31;3;2009;24.9;24.85;24.9;24.85;21.19;47400
1161;30;3;2009;27.65;26.15;27.65;26.15;22.29;51000
1162;27;3;2009;32.3;29.05;32.7;29.05;24.77;38900
1163;26;3;2009;33.05;31.5;33.9;30.7;26.86;59700
1164;25;3;2009;34.55;33.7;34.95;33.05;28.73;41200
1165;24;3;2009;36;34.2;36.4;34;29.16;32100
1166;23;3;2009;37.3;35.15;37.3;35.15;29.97;29700
1167;20;3;2009;35.15;35.5;36.75;35.15;30.27;27600
1168;19;3;2009;36;35.5;36.95;35.05;30.27;29800
1169;18;3;2009;37;37;37.75;36.4;31.55;41300
1170;17;3;2009;35.9;37.5;37.7;35.5;31.97;120100
1171;16;3;2009;36.35;35.25;37.25;35.25;30.05;33000
1172;13;3;2009;36.25;36.6;37.2;35.2;31.2;124100
1173;12;3;2009;37.25;36.25;37.75;36.25;30.91;21200
1174;9;3;2009;37;37.25;37.95;35;31.76;72800
1175;6;3;2009;35;35.8;37.45;33.2;30.52;67900
1176;5;3;2009;35.6;34.9;36.35;34.9;29.75;49100
1177;4;3;2009;35.5;36.7;37;34.7;31.29;73100
1178;3;3;2009;37.75;35.7;37.8;35.7;30.44;41400
1179;2;3;2009;35.35;37.95;38.2;35.1;32.36;129100
1180;27;2;2009;38.75;35.85;38.75;35.75;30.56;165400
1181;26;2;2009;37.8;37.6;37.9;35.55;32.06;121900
1182;25;2;2009;38.9;36;38.9;36;30.69;24200
1183;24;2;2009;35.8;37.55;38.4;35;32.01;55300
1184;20;2;2009;36.9;35.8;37;35;30.52;37500
1185;19;2;2009;37;36.8;38.75;36.1;31.37;7400
1186;18;2;2009;36.6;37.05;38.75;36.55;31.59;39800
1187;17;2;2009;40.5;39.15;40.5;37.05;33.38;36800
1188;16;2;2009;40.3;38.75;40.3;38.5;33.04;13900
1189;13;2;2009;39.3;39.5;39.75;38;33.68;58400
1190;12;2;2009;36.75;38.15;38.55;36.75;32.53;115600
1191;11;2;2009;35.85;36.75;36.75;34;31.33;90200
1192;10;2;2009;34.85;35;35;34;29.84;36800
1193;9;2;2009;32.65;33.35;33.35;32;28.43;43600
1194;6;2;2009;29.5;31.8;31.8;29.5;27.11;32500
1195;5;2;2009;28.85;30.3;30.3;27.65;25.83;149800
1196;4;2;2009;29;28.1;29.7;28.1;23.96;62700
1197;3;2;2009;29.5;28.55;30.6;28.55;24.34;62700
1198;2;2;2009;29.8;30.4;31.45;29.5;25.92;42700
1199;30;1;2009;31;31;31.9;29.9;26.43;109100
1200;29;1;2009;30.75;31.1;31.8;30.25;26.52;123800
1201;28;1;2009;32.5;31.95;32.9;31.45;27.24;30300
1202;27;1;2009;34.8;33.1;34.8;31.9;28.22;70300
1203;23;1;2009;31.8;33.55;33.7;31.65;28.6;76100
1204;22;1;2009;34.45;33.3;34.45;31.65;28.39;174700
1205;21;1;2009;34.9;32.35;35.7;32.35;27.58;148700
1206;20;1;2009;32.8;34;34;32.7;28.99;33000
1207;19;1;2009;32.3;32.4;32.4;31.15;27.62;47600
1208;16;1;2009;29.05;31.05;31.05;29.05;26.47;64000
1209;15;1;2009;27.9;29.5;29.75;27.9;25.15;37500
1210;14;1;2009;29.2;29;29.2;27.25;24.72;29700
1211;13;1;2009;28.4;28.25;28.45;27;24.09;37100
1212;12;1;2009;25.8;28.1;28.1;25.75;23.96;60100
1213;9;1;2009;27.1;27.1;29.35;27.1;23.1;27800
1214;7;1;2009;28.7;28.4;28.8;26.1;24.21;71700
1215;6;1;2009;27.4;27.45;27.45;25.3;23.4;19200
1216;5;1;2009;25;26.15;26.15;24.6;22.29;18500
1217;2;1;2009;24.75;24.95;24.95;24.45;21.27;25100
1218;1;1;2009;23.55;23.8;23.8;22.2;20.29;22700
1219;31;12;2008;22.65;22.7;22.7;22.4;19.35;29800
1220;30;12;2008;21.45;21.7;21.7;21.05;18.5;34600
1221;29;12;2008;20.2;20.45;20.85;19.05;17.44;41400
1222;26;12;2008;19;19.95;19.95;19;17.01;77800
1223;24;12;2008;18.2;19;19;18.15;16.2;18200
1224;23;12;2008;17;18.15;18.15;17;15.47;73700
1225;22;12;2008;16.5;17.3;17.3;16.5;14.75;92900
1226;19;12;2008;15.85;16.5;16.65;15.65;14.07;117600
1227;18;12;2008;16.35;16.25;16.4;15.5;13.85;8200
1228;17;12;2008;16.95;15.6;16.95;15.6;13.3;11800
1229;16;12;2008;16.8;16.35;16.9;16.3;13.94;38400
1230;15;12;2008;16.3;16.15;16.9;15.95;13.77;13700
1231;12;12;2008;16.3;16.3;16.5;15.5;13.9;30400
1232;11;12;2008;16.2;16.35;16.8;16.05;13.94;95400
1233;10;12;2008;16.7;15.85;16.85;15.75;13.51;4500
1234;8;12;2008;16.05;16.55;16.75;15.8;14.11;1800
1235;5;12;2008;16.8;16.8;16.8;16.05;14.32;4300
1236;4;12;2008;16.9;16.85;17.65;16.25;14.37;11800
1237;3;12;2008;16.3;17;17.55;16.3;14.49;4800
1238;2;12;2008;16.25;17;17.6;16.25;14.49;17100
1239;1;12;2008;17.5;17.1;17.65;17.1;14.58;7000
1240;28;11;2008;17.05;16.95;18.15;16.75;14.45;2900
1241;26;11;2008;17.3;17.45;17.75;16.4;14.88;15900
1242;25;11;2008;17.2;17.1;17.3;16.25;14.58;21600
1243;24;11;2008;16.25;16.95;17.2;16.2;14.45;3600
1244;21;11;2008;16.3;17.1;17.2;16.25;14.58;22400
1245;20;11;2008;17.2;17.1;17.7;17.1;14.58;35100
1246;19;11;2008;16.75;17.95;18.3;16.65;15.3;144300
1247;18;11;2008;17.55;17.5;17.55;17.5;14.92;12900
1248;17;11;2008;18.05;18;18.85;17.9;15.35;10700
1249;14;11;2008;17.55;18.8;19.1;17.35;16.03;135400
1250;12;11;2008;17.55;18;18.7;17.2;15.35;23800
1251;11;11;2008;19.5;18.5;19.6;18.1;15.77;62200
1252;10;11;2008;19.8;18.5;19.8;18.3;15.77;34900
1253;7;11;2008;19.65;18.9;19.65;18.2;16.11;30800
1254;6;11;2008;18.9;19;19.35;18;16.2;39900
1255;5;11;2008;18.95;18.5;18.95;17.4;15.77;56300
1256;4;11;2008;19;18.05;19.25;17.55;15.39;10100
1257;3;11;2008;18;18.45;18.5;16.85;15.73;21700
1258;31;10;2008;16.2;17.65;17.9;16.2;15.05;281100
1259;29;10;2008;15.55;17.05;17.15;15.55;14.54;101000
1260;28;10;2008;17.2;16.35;17.2;16.35;13.94;11000
1261;27;10;2008;17.2;17.2;17.2;17.2;14.66;1000
1262;24;10;2008;18.1;18.1;18.1;18.1;15.43;300
1263;23;10;2008;19.05;19.05;19.05;19.05;16.24;500
1264;22;10;2008;20.05;20.05;20.05;20.05;17.09;4600
1265;21;10;2008;21.1;21.1;22;21.1;17.99;92000
1266;20;10;2008;22.2;22.2;22.2;22.2;18.93;200
1267;17;10;2008;23.35;23.35;23.35;23.35;19.91;1400
1268;16;10;2008;24.55;24.55;24.55;24.55;20.93;2100
1269;15;10;2008;25.8;25.8;25.8;25.8;22;10100
1270;14;10;2008;27.15;27.15;29;27.15;23.15;24300
1271;13;10;2008;30.7;28.55;31.55;28.55;24.34;42900
1272;10;10;2008;30.05;30.05;30.05;30.05;25.62;1000
1273;8;10;2008;31.4;31.4;32.95;31.4;26.77;29300
1274;7;10;2008;30.75;32.6;33.6;30.75;27.79;36500
1275;6;10;2008;33.8;32.35;33.8;32.35;27.58;33400
1276;3;10;2008;34.8;34;35;32.45;28.99;89300
1277;1;10;2008;33.5;34.15;37;33.5;29.12;358400
1278;30;9;2008;35.25;35.25;35.25;35.25;30.05;133000
1279;29;9;2008;37.1;37.1;37.1;37.1;31.63;400
1280;26;9;2008;39;39;39;39;33.25;6000
1281;25;9;2008;41;41;41;41;34.96;3500
1282;24;9;2008;43.15;43.15;43.15;43.15;36.79;3500
1283;23;9;2008;45.4;45.4;45.4;45.4;38.71;500
1284;22;9;2008;47.75;47.75;47.75;47.75;40.71;600
1285;19;9;2008;50.25;50.25;52.5;50.25;42.84;240100
1286;18;9;2008;52.85;52.85;52.85;52.85;45.06;700
1287;17;9;2008;59;55.6;59;55.6;47.4;53500
1288;16;9;2008;58.5;58.5;59.8;58.5;49.88;178900
1289;15;9;2008;62;61.55;64;61.55;52.48;27300
1290;12;9;2008;65;64.75;66.3;63;55.2;133100
1291;11;9;2008;66;65.45;66.95;64.1;55.8;267700
1292;10;9;2008;66;66.7;69.3;63.8;56.87;398100
1293;9;9;2008;70.15;67.15;70.15;66;57.25;747800
1294;8;9;2008;66.85;66.85;66.85;66.85;56.99;75200
1295;5;9;2008;63.7;63.7;63.7;63.7;54.31;161800
1296;28;7;2008;22.15;23.15;23.25;21.6;19.74;513800
1297;25;7;2008;22.5;22.15;23;20.95;18.88;293300
1298;24;7;2008;20.8;22.2;22.2;20.4;18.93;553300
1299;23;7;2008;19.05;20.2;20.2;19;17.22;371900
1300;22;7;2008;17.5;18.4;18.7;17.25;15.69;403100
1301;21;7;2008;16.8;17.2;17.45;16.3;14.66;91700
1302;18;7;2008;17.45;16.6;17.45;16.35;14.15;154500
1303;17;7;2008;17.05;16.8;17.5;16.25;14.32;27700
1304;16;7;2008;17;17;17.9;15.95;14.49;210200
1305;15;7;2008;16.55;17;18.45;16.55;14.49;322000
1306;14;7;2008;16;17.05;17.25;15.8;14.54;117600
1307;11;7;2008;16.5;16.5;16.8;16;14.07;159800
1308;10;7;2008;15.2;16.1;16.7;14.6;13.73;98200
1309;9;7;2008;15.2;16;17;15.2;13.64;45300
1310;8;7;2008;14.6;15.75;16.2;13.65;13.43;73200
1311;7;7;2008;14.65;14.95;15.4;14.4;12.75;27700
1312;4;7;2008;14.1;14.1;14.1;14.1;12.02;8800
1313;3;7;2008;14.9;14.8;15;14.8;12.62;13900
1314;2;7;2008;16;15.85;16.15;15.55;13.51;56800
1315;1;7;2008;17.4;16.35;17.4;16.35;13.94;23800
1316;30;6;2008;16.95;17.2;17.5;16.75;14.66;49500
1317;27;6;2008;16;16.5;16.95;15.65;14.07;136600
1318;26;6;2008;16.1;16.15;16.15;15.3;13.77;44700
1319;25;6;2008;14;15.4;15.4;14;13.13;95300
1320;24;6;2008;14.35;14.7;14.7;13.35;12.53;119800
1321;23;6;2008;14.15;14;14.5;14;11.94;29100
1322;20;6;2008;14.65;14.75;15.25;14.35;12.58;28600
1323;19;6;2008;15.25;14.6;15.25;14.25;12.45;51800
1324;18;6;2008;15;14.55;15.3;14.5;12.4;29900
1325;17;6;2008;15.3;14.6;15.7;14.6;12.45;33400
1326;16;6;2008;14.65;15.25;15.35;14.65;13;21200
1327;13;6;2008;14.8;14.65;15.2;14.65;12.49;5300
1328;12;6;2008;15.2;15.2;15.35;14.95;12.96;44500
1329;11;6;2008;15.5;15.2;15.9;14.5;12.96;88600
1330;10;6;2008;16;15.25;16;15.25;13;19000
1331;9;6;2008;14.65;16;16.1;14.6;13.64;73100
1332;6;6;2008;15.75;15.25;16.2;15.15;13;20500
1333;5;6;2008;15.05;15.9;16.1;15;13.56;86000
1334;4;6;2008;17.2;15.75;17.2;15.75;13.43;11000
1335;3;6;2008;15.8;16.95;16.95;15.35;14.45;44700
1336;2;6;2008;16.45;16.15;16.95;16.15;13.77;47300
1337;30;5;2008;16.65;16.65;17.2;16.25;14.2;87000
1338;29;5;2008;16.8;17;17;16.55;14.49;38800
1339;28;5;2008;17;16.8;17.1;16.7;14.32;30100
1340;27;5;2008;16.7;17.35;17.5;16.25;14.79;164200
1341;26;5;2008;15.7;16.6;17.05;15.45;14.15;128000
1342;23;5;2008;16.35;16.2;17.85;16.2;13.81;23900
1343;22;5;2008;17.7;17;17.7;17;14.49;21600
1344;21;5;2008;17.25;17.25;17.8;16.75;14.71;126400
1345;20;5;2008;17;17;17.8;17;14.49;20200
1346;16;5;2008;17.3;17.8;17.85;17;15.18;72300
1347;15;5;2008;16.95;17;17.1;16.4;14.49;12800
1348;14;5;2008;17.75;16.2;17.75;16.2;13.81;24200
1349;13;5;2008;18;16.8;18;16.8;14.32;75000
1350;12;5;2008;18;17.5;18;17.5;14.92;37700
1351;9;5;2008;19.1;18.15;19.7;18.15;15.47;111200
1352;8;5;2008;18;19.2;19.25;17.6;16.37;228800
1353;7;5;2008;19;18.45;19.05;18.45;15.73;40900
1354;6;5;2008;20;19.1;20;19;16.28;106900
1355;5;5;2008;19.7;20.15;20.4;18.55;17.18;104700
1356;2;5;2008;20.1;19.1;20.85;19.1;16.28;76300
1357;30;4;2008;19;20.06;20.1;18.65;17.1;340700
1358;29;4;2008;19;19.15;19.53;18.65;16.33;614900
1359;28;4;2008;18.4;18.61;18.61;17.35;15.87;271200
1360;25;4;2008;17.45;17.86;17.86;17.11;15.23;87900
1361;24;4;2008;16.97;17.09;17.09;16.11;14.57;170200
1362;23;4;2008;16.54;16.28;16.67;16;13.88;124900
1363;22;4;2008;15.8;16.54;16.54;15.05;14.1;929500
1364;21;4;2008;14.75;15.79;15.95;14.75;13.46;110400
1365;17;4;2008;14.1;15.2;15.33;14.1;12.96;197900
1366;16;4;2008;13.5;14.6;14.6;13.5;12.45;49300
1367;15;4;2008;14.8;13.91;14.8;13.7;11.86;45200
1368;11;4;2008;15.5;14.32;15.5;14.26;12.21;42900
1369;10;4;2008;15.5;15;15.5;14.8;12.79;24400
1370;9;4;2008;15.7;15.38;15.7;15.02;13.11;51200
1371;8;4;2008;15.3;15.25;15.65;14.27;13;175600
1372;7;4;2008;14.79;14.95;14.96;13.55;12.75;133800
1373;4;4;2008;15.15;14.25;15.15;14.11;12.15;23100
1374;3;4;2008;13.8;14.8;15.17;13.73;12.62;145500
1375;2;4;2008;15.92;14.45;15.92;14.42;12.32;312000
1376;1;4;2008;15.17;15.17;15.17;15.17;12.93;50300
1377;31;3;2008;14.45;14.45;14.45;14.45;12.32;91200
1378;28;3;2008;13.8;13.8;13.8;13.8;11.77;38400
1379;27;3;2008;12.3;12.55;12.55;11.95;10.7;90600
1380;26;3;2008;10.45;11.45;11.45;10;9.76;85100
1381;25;3;2008;8.85;10.45;10.5;8.8;8.91;135700
1382;24;3;2008;9.6;9.5;10;9.05;8.1;152600
1383;19;3;2008;10.5;10;11;10;8.53;56700
1384;18;3;2008;10.45;10.6;11.45;10.1;9.04;50400
1385;17;3;2008;10.1;10.9;11.5;9.5;9.29;230300
1386;14;3;2008;10.6;11.25;11.6;10.5;9.59;81000
1387;13;3;2008;12.5;11.65;12.5;11.65;9.93;42100
1388;12;3;2008;12.5;12.85;13.35;12.5;10.96;29400
1389;11;3;2008;13.85;12.55;13.85;11.9;10.7;63500
1390;10;3;2008;11.55;12.95;14;11.55;11.04;43600
1391;7;3;2008;12.8;12.8;12.8;12.8;10.91;5200
1392;5;3;2008;13.45;13.45;13.85;13.45;11.47;10800
1393;4;3;2008;15;14.15;15;14.15;12.06;17400
1394;3;3;2008;14.85;14.85;15.3;14.85;12.66;27200
1395;29;2;2008;15.05;15.6;16;14.75;13.3;31700
1396;28;2;2008;15.7;15.5;16.1;15.15;13.21;41200
1397;27;2;2008;15.7;15.6;15.75;15.4;13.3;52000
1398;26;2;2008;14.95;15;15;14;12.79;71200
1399;25;2;2008;15;14.3;15.2;14.3;12.19;18500
1400;22;2;2008;15.25;14.9;15.4;14.9;12.7;24000
1401;21;2;2008;15.5;15.25;15.8;15.2;13;38800
1402;20;2;2008;15.35;15.75;16.25;14.95;13.43;60800
1403;19;2;2008;16;15.7;16;14.9;13.39;24900
1404;18;2;2008;15.3;15.3;15.3;14.1;13.04;42200
1405;15;2;2008;14.6;14.6;14.6;13.75;12.45;39700
1406;14;2;2008;14.85;13.95;14.9;13.6;11.89;65400
1407;13;2;2008;14.25;14.25;15.45;14.25;12.15;30200
1408;12;2;2008;16;14.95;16;14.95;12.75;11300
1409;11;2;2008;16.95;15.7;16.95;15.7;13.39;27200
1410;8;2;2008;17.9;16.5;18.1;16.4;14.07;91900
1411;7;2;2008;18.1;16.95;18.55;16.85;14.45;167500
1412;6;2;2008;17.45;17.7;17.7;16.1;15.09;255700
1413;5;2;2008;16.45;16.9;16.9;16.45;14.41;347400
1414;4;2;2008;16.35;15.95;16.6;15.6;13.6;146300
1415;1;2;2008;16.15;15.85;16.15;14.75;13.51;184900
1416;31;1;2008;14.35;15.5;15.85;14.35;13.21;326800
1417;30;1;2008;15.15;15.1;15.15;15.1;12.87;8000
1418;29;1;2008;15.85;15.85;16.95;15.85;13.51;109000
1419;28;1;2008;16.65;16.65;16.65;16.65;14.2;15000
1420;25;1;2008;17.5;17.5;17.5;17.5;14.92;15400
1421;24;1;2008;18.4;18.4;18.4;18.4;15.69;9700
1422;23;1;2008;19.35;19.35;19.35;19.35;16.5;9700
1423;22;1;2008;20.35;20.35;20.35;20.35;17.35;3400
1424;21;1;2008;22.95;21.4;22.95;21.4;18.25;42600
1425;18;1;2008;24.45;22.5;24.45;22.45;19.18;157300
1426;17;1;2008;24.9;23.55;25;22.9;20.08;399000
1427;16;1;2008;23.3;24.1;24.5;22.4;20.55;442600
1428;15;1;2008;24.95;23.35;25.1;23.35;19.91;182600
1429;14;1;2008;25.45;24.55;26.4;24.2;20.93;279700
1430;11;1;2008;27.35;25.45;27.35;25.45;21.7;89600
1431;10;1;2008;26.25;26.75;28.6;26.1;22.81;593300
1432;9;1;2008;28;27.1;28;26.4;23.1;329300
1433;8;1;2008;29.45;27.75;30.05;27.3;23.66;1483200
1434;7;1;2008;29.85;28.7;30.7;28;24.47;745300
1435;4;1;2008;30.5;29.25;30.5;28.6;24.94;1072800
1436;3;1;2008;31;29.95;31;29.2;25.53;2029200
1437;2;1;2008;31.5;30.25;31.5;29;25.79;1250100
1438;1;1;2008;30.2;30;30.2;28.3;25.58;1348500
