1;2013;10;24;48;0
2;24;10;2013;48;0
3;23;10;2013;48;0
4;22;10;2013;48;0
5;21;10;2013;48;0
6;18;10;2013;48;0
7;17;10;2013;48;0
8;16;10;2013;48;0
9;15;10;2013;48;0
10;14;10;2013;48;0
11;11;10;2013;48;0
12;10;10;2013;48;0
13;9;10;2013;48;0
14;8;10;2013;51;0
15;7;10;2013;49;0
16;4;10;2013;49;0
17;3;10;2013;49;0
18;2;10;2013;49;0
19;1;10;2013;49;0
20;30;9;2013;51;0
21;27;9;2013;51;0
22;26;9;2013;51;0
23;25;9;2013;51;0
24;24;9;2013;51;0
25;23;9;2013;51;0
26;20;9;2013;51;0
27;19;9;2013;51;0
28;18;9;2013;52;0
29;17;9;2013;50;0
30;16;9;2013;50;0
31;13;9;2013;50;0
32;12;9;2013;50;100
33;11;9;2013;53;0
34;10;9;2013;55;0
35;9;9;2013;53;0
36;6;9;2013;53;0
37;5;9;2013;53;0
38;4;9;2013;55;0
39;3;9;2013;53;0
40;2;9;2013;51;0
41;30;8;2013;53;0
42;29;8;2013;53;0
43;28;8;2013;53;0
44;27;8;2013;53;0
45;26;8;2013;53;0
46;23;8;2013;50;0
47;22;8;2013;50;0
48;21;8;2013;50;0
49;20;8;2013;50;0
50;19;8;2013;48;0
51;16;8;2013;48;0
52;15;8;2013;50;0
53;14;8;2013;50;0
54;13;8;2013;50;0
55;12;8;2013;50;0
56;9;8;2013;50;0
57;8;8;2013;50;0
58;7;8;2013;50;0
59;6;8;2013;50;0
60;5;8;2013;50;0
61;2;8;2013;50;0
62;1;8;2013;50;0
63;31;7;2013;50;0
64;30;7;2013;50;0
65;29;7;2013;50;0
66;26;7;2013;50;0
67;25;7;2013;49;3000
68;24;7;2013;50;1500
69;23;7;2013;48;0
70;22;7;2013;48;2200
71;19;7;2013;50;400
72;18;7;2013;50;2000
73;17;7;2013;51;1400
74;16;7;2013;51;0
75;15;7;2013;51;0
76;12;7;2013;51;0
77;11;7;2013;53;0
78;10;7;2013;53;0
79;9;7;2013;55;0
80;8;7;2013;58;0
81;5;7;2013;58;0
82;4;7;2013;56;0
83;3;7;2013;56;0
84;2;7;2013;59;0
85;1;7;2013;59;0
86;28;6;2013;59;0
87;27;6;2013;59;0
88;26;6;2013;56;0
89;25;6;2013;59;0
90;24;6;2013;59;0
91;21;6;2013;54;0
92;20;6;2013;54;0
93;19;6;2013;54;0
94;18;6;2013;54;0
95;17;6;2013;54;0
96;14;6;2013;54;0
97;13;6;2013;54;0
98;12;6;2013;54;0
99;11;6;2013;51;0
100;10;6;2013;51;0
101;7;6;2013;54;0
102;6;6;2013;54;0
103;5;6;2013;54;0
104;4;6;2013;54;0
105;3;6;2013;54;0
106;31;5;2013;54;0
107;30;5;2013;54;0
108;29;5;2013;54;0
109;28;5;2013;51;0
110;27;5;2013;51;0
111;24;5;2013;51;0
112;23;5;2013;51;0
113;22;5;2013;51;0
114;21;5;2013;51;0
115;20;5;2013;51;0
116;17;5;2013;52;0
117;16;5;2013;52;0
118;15;5;2013;52;0
119;14;5;2013;52;0
120;13;5;2013;55;0
121;10;5;2013;55;0
122;9;5;2013;55;0
123;8;5;2013;55;0
124;7;5;2013;55;0
125;6;5;2013;55;0
126;3;5;2013;55;0
127;2;5;2013;58;0
128;1;5;2013;61;0
129;30;4;2013;61;200
130;29;4;2013;64;0
131;26;4;2013;64;100
132;25;4;2013;61;0
133;24;4;2013;61;0
134;23;4;2013;61;0
135;22;4;2013;61;0
136;19;4;2013;61;0
137;18;4;2013;61;0
138;17;4;2013;61;0
139;16;4;2013;61;0
140;15;4;2013;61;0
141;12;4;2013;61;0
142;11;4;2013;58;0
143;10;4;2013;55;0
144;9;4;2013;53;0
145;8;4;2013;53;0
146;5;4;2013;53;0
147;4;4;2013;56;100
148;3;4;2013;56;400
149;2;4;2013;56;300
150;1;4;2013;55;200
151;29;3;2013;53;0
152;28;3;2013;53;1700
153;27;3;2013;55;0
154;26;3;2013;55;200
155;25;3;2013;55;800
156;22;3;2013;54;3000
157;21;3;2013;51;0
158;20;3;2013;51;1200
159;19;3;2013;52;1000
160;18;3;2013;53;1600
161;15;3;2013;52;100
162;14;3;2013;54;30500
163;13;3;2013;51;1200
164;12;3;2013;52;1200
165;11;3;2013;52;1900
166;8;3;2013;54;400
167;7;3;2013;55;0
168;6;3;2013;53;900
169;5;3;2013;51;800
170;4;3;2013;53;100
171;1;3;2013;55;18600
172;28;2;2013;54;500
173;27;2;2013;54;300
174;26;2;2013;55;2600
175;25;2;2013;55;800
176;22;2;2013;56;1900
177;21;2;2013;55;1700
178;20;2;2013;52;400
179;19;2;2013;50;600
180;18;2;2013;48;700
181;15;2;2013;45;300
182;14;2;2013;43;600
183;13;2;2013;45;200
184;12;2;2013;43;900
185;11;2;2013;43;200
186;8;2;2013;44;43700
187;7;2;2013;43;600
188;6;2;2013;44;400
189;5;2;2013;45;600
190;4;2;2013;44;800
191;1;2;2013;43;1000
192;31;1;2013;43;0
193;30;1;2013;43;0
194;29;1;2013;44;0
195;28;1;2013;44;0
196;25;1;2013;45;200
197;24;1;2013;43;600
198;23;1;2013;43;3000
199;22;1;2013;43;300
200;21;1;2013;44;1200
201;18;1;2013;44;600
202;17;1;2013;45;200
203;16;1;2013;45;600
204;15;1;2013;47;0
205;14;1;2013;49;200
206;11;1;2013;47;900
207;10;1;2013;49;1100
208;9;1;2013;52;11200
209;8;1;2013;49;1000
210;7;1;2013;52;700
211;4;1;2013;55;1600
212;3;1;2013;57;21100
213;2;1;2013;58;11500
214;1;1;2013;56;11400
215;31;12;2012;53;11300
216;28;12;2012;50;13200
217;27;12;2012;48;17000
218;26;12;2012;47;0
219;25;12;2012;47;0
220;24;12;2012;47;11100
221;21;12;2012;46;500
222;20;12;2012;47;200
223;19;12;2012;48;12400
224;18;12;2012;45;500
225;17;12;2012;43;1700
226;14;12;2012;41;900
227;13;12;2012;42;800
228;12;12;2012;44;300
229;11;12;2012;44;0
230;10;12;2012;44;1200
231;7;12;2012;42;200
232;6;12;2012;41;0
233;5;12;2012;41;0
234;4;12;2012;41;600
235;3;12;2012;40;600
236;30;11;2012;41;200
237;29;11;2012;41;1100
238;28;11;2012;39;0
239;27;11;2012;39;600
240;26;11;2012;38;1000
241;23;11;2012;39;800
242;22;11;2012;40;1600
243;21;11;2012;42;17200
244;20;11;2012;41;1200
245;19;11;2012;39;1300
246;16;11;2012;38;2200
247;15;11;2012;37;400
248;14;11;2012;35;0
249;13;11;2012;35;0
250;12;11;2012;35;200
251;9;11;2012;36;1200
252;8;11;2012;36;200
253;7;11;2012;36;400
254;6;11;2012;36;2400
255;5;11;2012;34;1200
256;2;11;2012;33;0
257;1;11;2012;33;600
258;31;10;2012;33;1600
259;30;10;2012;31;800
260;29;10;2012;30;400
261;26;10;2012;30;0
262;25;10;2012;30;200
263;24;10;2012;31;0
264;23;10;2012;31;1000
265;22;10;2012;31;800
266;19;10;2012;33;800
267;18;10;2012;33;4700
268;17;10;2012;31;0
269;16;10;2012;31;200
270;15;10;2012;31;0
271;12;10;2012;30;0
272;11;10;2012;30;1000
273;10;10;2012;31;300
274;9;10;2012;29;2000
275;8;10;2012;28;1800
276;5;10;2012;27;300
277;4;10;2012;27;400
278;3;10;2012;29;0
279;2;10;2012;29;0
280;1;10;2012;29;100
281;28;9;2012;29;200
282;27;9;2012;28;0
283;26;9;2012;29;1300
284;25;9;2012;28;800
285;24;9;2012;29;300
286;21;9;2012;28;800
287;20;9;2012;30;0
288;19;9;2012;30;0
289;18;9;2012;30;400
290;17;9;2012;30;100
291;14;9;2012;31;200
292;13;9;2012;30;0
293;12;9;2012;28;200
294;11;9;2012;30;100
295;10;9;2012;29;200
296;7;9;2012;30;0
297;6;9;2012;30;100
298;5;9;2012;29;300
299;4;9;2012;29;200
300;3;9;2012;29;0
301;31;8;2012;28;400
302;30;8;2012;29;0
303;29;8;2012;27;100
304;28;8;2012;28;0
305;27;8;2012;27;0
306;24;8;2012;27;0
307;23;8;2012;27;100
308;22;8;2012;27;300
309;21;8;2012;28;100
310;20;8;2012;30;0
311;17;8;2012;30;100
312;16;8;2012;28;0
313;15;8;2012;28;0
314;14;8;2012;28;100
315;13;8;2012;30;0
316;10;8;2012;30;200
317;9;8;2012;29;400
318;8;8;2012;29;4300
319;7;8;2012;29;300
320;6;8;2012;30;0
321;3;8;2012;29;0
322;2;8;2012;30;0
323;1;8;2012;29;0
324;31;7;2012;30;0
325;30;7;2012;30;0
326;27;7;2012;31;0
327;26;7;2012;31;0
328;25;7;2012;29;500
329;24;7;2012;29;0
330;23;7;2012;29;0
331;20;7;2012;29;600
332;19;7;2012;29;800
333;18;7;2012;28;1400
334;17;7;2012;26;0
335;16;7;2012;28;200
336;13;7;2012;26;300
337;12;7;2012;27;0
338;11;7;2012;27;100
339;10;7;2012;28;200
340;9;7;2012;27;0
341;6;7;2012;28;900
342;5;7;2012;28;900
343;4;7;2012;27;1400
344;3;7;2012;26;0
345;2;7;2012;27;200
346;29;6;2012;28;0
347;28;6;2012;28;0
348;27;6;2012;26;0
349;26;6;2012;26;200
350;25;6;2012;28;1000
351;22;6;2012;26;200
352;21;6;2012;26;200
353;20;6;2012;27;800
354;19;6;2012;27;0
355;18;6;2012;27;0
356;15;6;2012;27;0
357;14;6;2012;26;0
358;13;6;2012;26;0
359;12;6;2012;26;0
360;11;6;2012;26;0
361;8;6;2012;26;0
362;7;6;2012;27;0
363;6;6;2012;27;0
364;5;6;2012;27;300
365;4;6;2012;26;1000
366;1;6;2012;26;500
367;31;5;2012;25;200
368;30;5;2012;25;0
369;29;5;2012;25;0
370;28;5;2012;25;0
371;25;5;2012;24;100
372;24;5;2012;25;200
373;23;5;2012;26;200
374;22;5;2012;26;0
375;21;5;2012;26;600
376;18;5;2012;27;0
377;17;5;2012;25;0
378;16;5;2012;25;0
379;15;5;2012;24;400
380;14;5;2012;24;2500
381;11;5;2012;24;300
382;10;5;2012;25;400
383;9;5;2012;26;0
384;8;5;2012;26;800
385;7;5;2012;26;400
386;4;5;2012;27;400
387;3;5;2012;28;300
388;2;5;2012;29;800
389;1;5;2012;29;0
390;30;4;2012;29;300
391;27;4;2012;30;100
392;26;4;2012;29;1600
393;25;4;2012;30;500
394;24;4;2012;29;0
395;23;4;2012;29;0
396;20;4;2012;29;6300
397;19;4;2012;29;1000
398;18;4;2012;28;1100
399;17;4;2012;27;100
400;16;4;2012;27;0
401;13;4;2012;27;1500
402;12;4;2012;28;1000
403;11;4;2012;27;0
404;10;4;2012;27;200
405;9;4;2012;28;0
406;6;4;2012;28;0
407;5;4;2012;28;0
408;4;4;2012;28;0
409;3;4;2012;28;0
410;2;4;2012;28;2900
411;30;3;2012;27;0
412;29;3;2012;27;0
413;28;3;2012;26;900
414;27;3;2012;27;0
415;26;3;2012;28;3700
416;23;3;2012;28;0
417;22;3;2012;27;700
418;21;3;2012;28;10200
419;20;3;2012;27;600
420;19;3;2012;27;0
421;16;3;2012;27;0
422;15;3;2012;28;500
423;14;3;2012;28;300
424;13;3;2012;28;200
425;12;3;2012;29;0
426;9;3;2012;29;0
427;8;3;2012;29;0
428;7;3;2012;28;100
429;6;3;2012;27;2600
430;5;3;2012;27;100
431;2;3;2012;28;1800
432;1;3;2012;29;1100
433;29;2;2012;28;0
434;28;2;2012;28;0
435;27;2;2012;27;0
436;24;2;2012;27;0
437;23;2;2012;27;1500
438;22;2;2012;27;900
439;21;2;2012;28;400
440;20;2;2012;28;0
441;17;2;2012;28;0
442;16;2;2012;28;0
443;15;2;2012;28;1300
444;14;2;2012;28;2300
445;13;2;2012;28;2300
446;10;2;2012;27;100
447;9;2;2012;26;1100
448;8;2;2012;26;0
449;7;2;2012;25;2000
450;6;2;2012;27;1200
451;3;2;2012;28;800
452;2;2;2012;29;300
453;1;2;2012;28;1900
454;31;1;2012;29;1000
455;30;1;2012;28;0
456;27;1;2012;28;0
457;26;1;2012;28;0
458;25;1;2012;28;300
459;24;1;2012;27;100
460;23;1;2012;28;100
461;20;1;2012;28;100
462;19;1;2012;29;800
463;18;1;2012;29;0
464;17;1;2012;29;100
465;16;1;2012;30;0
466;13;1;2012;30;0
467;12;1;2012;30;0
468;11;1;2012;30;2100
469;10;1;2012;29;300
470;9;1;2012;28;100
471;6;1;2012;29;0
472;5;1;2012;28;0
473;4;1;2012;27;0
474;3;1;2012;27;0
475;2;1;2012;27;0
476;30;12;2011;27;0
477;29;12;2011;26;100
478;28;12;2011;26;0
479;27;12;2011;26;0
480;26;12;2011;26;0
481;23;12;2011;26;0
482;22;12;2011;26;0
483;21;12;2011;26;0
484;20;12;2011;26;2600
485;19;12;2011;26;0
486;16;12;2011;26;0
487;15;12;2011;26;1600
488;14;12;2011;25;600
489;13;12;2011;25;0
490;12;12;2011;25;200
491;9;12;2011;26;500
492;8;12;2011;25;500
493;7;12;2011;26;0
494;6;12;2011;25;0
495;5;12;2011;25;1500
496;2;12;2011;25;200
497;1;12;2011;25;200
498;30;11;2011;26;200
499;29;11;2011;25;1400
500;28;11;2011;26;100
501;25;11;2011;26;11000
502;24;11;2011;27;100
503;23;11;2011;28;0
504;22;11;2011;28;0
505;21;11;2011;27;0
506;18;11;2011;27;100
507;17;11;2011;27;0
508;16;11;2011;27;0
509;15;11;2011;26;100
510;14;11;2011;27;200
511;11;11;2011;27;400
512;8;11;2011;28;5200
513;4;11;2011;27;1100
514;3;11;2011;27;100
515;28;10;2011;28;0
516;25;10;2011;27;0
517;24;10;2011;28;5800
518;20;10;2011;27;100
519;18;10;2011;28;0
520;13;10;2011;28;800
521;12;10;2011;27;100
522;11;10;2011;27;200
523;5;10;2011;26;0
524;4;10;2011;27;600
525;3;10;2011;26;0
526;28;9;2011;26;0
527;23;9;2011;26;0
528;22;9;2011;26;500
529;19;9;2011;26;200
530;16;9;2011;28;400
531;15;9;2011;27;300
532;14;9;2011;29;700
533;13;9;2011;29;400
534;12;9;2011;29;0
535;9;9;2011;29;0
536;8;9;2011;29;100
537;7;9;2011;29;2300
538;6;9;2011;29;100
539;5;9;2011;28;1200
540;2;9;2011;28;0
541;30;8;2011;28;1200
542;29;8;2011;28;0
543;26;8;2011;26;600
544;25;8;2011;28;0
545;23;8;2011;27;100
546;22;8;2011;27;100
547;19;8;2011;27;500
548;18;8;2011;27;1900
549;10;8;2011;28;0
550;9;8;2011;28;2400
551;8;8;2011;28;4800
552;5;8;2011;27;1000
553;4;8;2011;27;300
554;3;8;2011;28;0
555;2;8;2011;28;8500
556;29;7;2011;28;2900
557;28;7;2011;27;400
558;27;7;2011;27;500
559;26;7;2011;27;7400
560;25;7;2011;27;500
561;21;7;2011;28;700
562;19;7;2011;27;200
563;18;7;2011;29;0
564;15;7;2011;27;100
565;14;7;2011;27;1500
566;13;7;2011;27;1000
567;12;7;2011;27;200
568;11;7;2011;28;0
569;8;7;2011;28;400
570;7;7;2011;29;1200
571;6;7;2011;29;2300
572;5;7;2011;28;700
573;4;7;2011;27;0
574;1;7;2011;28;1100
575;30;6;2011;28;700
576;27;6;2011;27;2600
577;24;6;2011;28;2200
578;23;6;2011;26;2600
579;22;6;2011;27;600
580;21;6;2011;27;1600
581;20;6;2011;29;2000
582;17;6;2011;27;400
583;16;6;2011;27;3300
584;15;6;2011;28;900
585;14;6;2011;29;2300
586;13;6;2011;27;2600
587;10;6;2011;28;900
588;9;6;2011;26;2000
589;8;6;2011;26;3000
590;7;6;2011;26;4500
591;6;6;2011;26;2500
592;3;6;2011;27;1200
593;2;6;2011;28;4100
594;1;6;2011;27;2000
595;27;5;2011;25;600
596;26;5;2011;25;600
597;25;5;2011;25;200
598;23;5;2011;25;0
599;20;5;2011;25;1500
600;19;5;2011;25;1300
601;18;5;2011;25;2300
602;17;5;2011;26;1200
603;16;5;2011;26;100
604;13;5;2011;26;1800
605;12;5;2011;25;1600
606;11;5;2011;26;3800
607;10;5;2011;25;11900
608;9;5;2011;26;20500
609;6;5;2011;28;13400
610;5;5;2011;34;0
611;4;5;2011;32;100
612;3;5;2011;32;6700
613;2;5;2011;31;600
614;29;4;2011;31;1100
615;28;4;2011;32;400
616;27;4;2011;32;3600
617;26;4;2011;33;200
618;25;4;2011;32;800
619;21;4;2011;32;1400
620;20;4;2011;34;700
621;18;4;2011;33;1500
622;15;4;2011;32;500
623;13;4;2011;32;300
624;11;4;2011;33;100
625;8;4;2011;33;500
626;7;4;2011;33;500
627;6;4;2011;32;1000
628;5;4;2011;34;300
629;4;4;2011;33;400
630;1;4;2011;32;200
631;30;3;2011;31;800
632;29;3;2011;31;1500
633;28;3;2011;31;200
634;25;3;2011;32;2500
635;24;3;2011;32;800
636;16;3;2011;32;200
637;15;3;2011;31;0
638;14;3;2011;31;100
639;11;3;2011;32;1700
640;10;3;2011;32;2000
641;9;3;2011;33;7400
642;8;3;2011;32;200
643;7;3;2011;31;500
644;4;3;2011;32;1300
645;3;3;2011;32;200
646;25;2;2011;32;1000
647;24;2;2011;32;1300
648;23;2;2011;33;0
649;22;2;2011;33;200
650;21;2;2011;32;100
651;18;2;2011;32;2100
652;17;2;2011;32;400
653;16;2;2011;32;4300
654;15;2;2011;30;0
655;14;2;2011;32;300
656;10;2;2011;32;2100
657;9;2;2011;32;2100
658;8;2;2011;32;900
659;7;2;2011;32;2300
660;4;2;2011;32;2400
661;3;2;2011;32;2600
662;2;2;2011;31;10800
663;1;2;2011;30;14600
664;31;1;2011;28;500
665;28;1;2011;28;700
666;27;1;2011;28;6000
667;25;1;2011;29;3500
668;21;1;2011;28;1700
669;20;1;2011;29;700
670;19;1;2011;29;1400
671;18;1;2011;28;2000
672;17;1;2011;28;200
673;14;1;2011;28;3700
674;13;1;2011;29;600
675;12;1;2011;28;600
676;11;1;2011;29;700
677;10;1;2011;30;1700
678;7;1;2011;30;3600
679;6;1;2011;30;2800
680;5;1;2011;30;2000
681;4;1;2011;30;5600
682;3;1;2011;30;1800
683;31;12;2010;29;2700
684;29;12;2010;30;600
685;28;12;2010;28;300
686;27;12;2010;30;1500
687;24;12;2010;29;1400
688;23;12;2010;30;1000
689;22;12;2010;29;700
690;21;12;2010;29;4000
691;20;12;2010;29;900
692;16;12;2010;29;3800
693;15;12;2010;30;0
694;14;12;2010;29;1800
695;13;12;2010;28;500
696;10;12;2010;28;2000
697;9;12;2010;27;1600
698;8;12;2010;28;1400
699;7;12;2010;28;2000
700;6;12;2010;29;100
701;3;12;2010;29;4400
702;2;12;2010;31;1100
703;1;12;2010;30;3000
704;30;11;2010;29;200
705;29;11;2010;27;1000
706;26;11;2010;29;1800
707;25;11;2010;29;4400
708;24;11;2010;29;600
709;23;11;2010;29;1300
710;22;11;2010;30;9000
711;19;11;2010;30;3200
712;18;11;2010;31;1800
713;16;11;2010;31;4500
714;15;11;2010;34;12800
715;12;11;2010;36;69300
716;11;11;2010;37;65000
717;10;11;2010;31;11600
718;9;11;2010;26;10400
719;8;11;2010;26;1800
720;4;11;2010;26;2200
721;3;11;2010;26;900
722;2;11;2010;26;600
723;29;10;2010;26;2600
724;28;10;2010;26;1600
725;27;10;2010;25;2500
726;26;10;2010;26;5300
727;25;10;2010;26;100
728;22;10;2010;25;900
729;21;10;2010;25;100
730;20;10;2010;24;400
731;19;10;2010;26;800
732;18;10;2010;25;900
733;15;10;2010;26;0
734;14;10;2010;25;1500
735;13;10;2010;26;700
736;12;10;2010;26;2000
737;8;10;2010;26;1400
738;7;10;2010;26;700
739;6;10;2010;26;1800
740;5;10;2010;26;1000
741;4;10;2010;25;500
742;1;10;2010;25;2200
743;29;9;2010;25;3000
744;28;9;2010;26;500
745;27;9;2010;25;1000
746;24;9;2010;26;1200
747;21;9;2010;26;100
748;20;9;2010;26;1900
749;17;9;2010;26;2600
750;16;9;2010;26;1500
751;15;9;2010;25;3200
752;14;9;2010;26;1100
753;13;9;2010;26;400
754;9;9;2010;26;800
755;8;9;2010;27;1000
756;7;9;2010;26;2900
757;6;9;2010;27;2300
758;3;9;2010;27;400
759;2;9;2010;25;20300
760;1;9;2010;25;20300
761;31;8;2010;26;2400
762;30;8;2010;26;100
763;27;8;2010;27;0
764;26;8;2010;27;1100
765;25;8;2010;26;1400
766;24;8;2010;27;0
767;23;8;2010;27;200
768;20;8;2010;27;3200
769;19;8;2010;26;900
770;18;8;2010;27;1600
771;17;8;2010;27;500
772;16;8;2010;26;1200
773;13;8;2010;26;800
774;12;8;2010;26;1200
775;11;8;2010;26;800
776;10;8;2010;27;200
777;9;8;2010;27;800
778;6;8;2010;26;1000
779;5;8;2010;26;4100
780;4;8;2010;26;12100
781;3;8;2010;26;1500
782;2;8;2010;26;3400
783;30;7;2010;25;5700
784;29;7;2010;26;6100
785;28;7;2010;27;25900
786;27;7;2010;28;2400
787;26;7;2010;28;76600
788;23;7;2010;29;1700
789;22;7;2010;30;4600
790;21;7;2010;30;2500
791;20;7;2010;29;800
792;19;7;2010;29;100
793;16;7;2010;30;3000
794;15;7;2010;29;1700
795;14;7;2010;30;2100
796;13;7;2010;29;600
797;12;7;2010;31;800
798;9;7;2010;30;1500
799;8;7;2010;30;1500
800;7;7;2010;30;3400
801;6;7;2010;31;1100
802;5;7;2010;32;96700
803;2;7;2010;30;54100
804;1;7;2010;28;1500
805;30;6;2010;28;2900
806;29;6;2010;29;1200
807;28;6;2010;29;1000
808;25;6;2010;29;4300
809;24;6;2010;30;59500
810;23;6;2010;28;10100
811;22;6;2010;26;2100
812;21;6;2010;25;3900
813;18;6;2010;26;800
814;17;6;2010;26;3500
815;16;6;2010;26;2600
816;15;6;2010;26;1900
817;14;6;2010;26;1500
818;11;6;2010;26;0
819;10;6;2010;26;3300
820;9;6;2010;25;12100
821;8;6;2010;24;900
822;7;6;2010;24;700
823;4;6;2010;25;1000
824;3;6;2010;25;700
825;2;6;2010;25;700
826;1;6;2010;25;1000
827;31;5;2010;25;2000
828;28;5;2010;25;800
829;27;5;2010;26;300
830;26;5;2010;25;1800
831;25;5;2010;26;1800
832;24;5;2010;26;800
833;21;5;2010;26;5600
834;20;5;2010;27;2500
835;19;5;2010;27;3600
836;18;5;2010;28;5000
837;17;5;2010;28;1200
838;14;5;2010;29;12600
839;13;5;2010;28;3900
840;12;5;2010;27;500
841;11;5;2010;28;2000
842;10;5;2010;28;3400
843;7;5;2010;28;5700
844;6;5;2010;29;1300
845;5;5;2010;29;800
846;4;5;2010;29;1800
847;3;5;2010;29;3100
848;30;4;2010;30;6600
849;29;4;2010;30;7800
850;28;4;2010;30;7800
851;27;4;2010;30;8400
852;26;4;2010;28;700
853;23;4;2010;29;4600
854;22;4;2010;30;1500
855;21;4;2010;29;1900
856;20;4;2010;29;300
857;19;4;2010;28;1300
858;16;4;2010;29;700
859;15;4;2010;28;3700
860;13;4;2010;28;800
861;12;4;2010;28;2400
862;9;4;2010;29;4000
863;8;4;2010;29;200
864;7;4;2010;28;0
865;6;4;2010;29;0
866;5;4;2010;27;1500
867;1;4;2010;28;1100
868;31;3;2010;26;1400
869;30;3;2010;26;500
870;29;3;2010;27;0
871;26;3;2010;27;7800
872;25;3;2010;28;3200
873;23;3;2010;27;800
874;22;3;2010;28;600
875;19;3;2010;26;400
876;18;3;2010;26;200
877;17;3;2010;27;0
878;16;3;2010;27;900
879;15;3;2010;28;600
880;12;3;2010;28;200
881;11;3;2010;27;200
882;10;3;2010;28;1500
883;9;3;2010;28;100
884;8;3;2010;29;0
885;5;3;2010;28;600
886;4;3;2010;28;500
887;3;3;2010;29;1000
888;2;3;2010;27;4100
889;26;2;2010;27;400
890;25;2;2010;27;1000
891;24;2;2010;27;600
892;23;2;2010;27;500
893;22;2;2010;28;800
894;19;2;2010;27;700
895;18;2;2010;27;2000
896;17;2;2010;28;3400
897;16;2;2010;27;1800
898;15;2;2010;28;12700
899;11;2;2010;28;1000
900;10;2;2010;28;3900
901;9;2;2010;28;5000
902;8;2;2010;29;3100
903;5;2;2010;30;3700
904;4;2;2010;31;15600
905;3;2;2010;29;600
906;2;2;2010;29;500
907;1;2;2010;30;2700
908;29;1;2010;28;800
909;28;1;2010;27;3500
910;27;1;2010;28;2200
911;26;1;2010;30;0
912;25;1;2010;30;1300
913;22;1;2010;29;4700
914;21;1;2010;30;3300
915;20;1;2010;30;1800
916;19;1;2010;31;800
917;18;1;2010;31;2100
918;15;1;2010;32;1500
919;14;1;2010;32;3700
920;13;1;2010;32;5500
921;12;1;2010;33;3800
922;11;1;2010;33;4600
923;8;1;2010;34;11300
924;7;1;2010;33;9200
925;6;1;2010;32;2600
926;5;1;2010;31;5400
927;4;1;2010;30;2900
928;31;12;2009;30;3400
929;30;12;2009;29;7200
930;24;12;2009;32;14400
931;23;12;2009;31;4200
932;21;12;2009;28;2800
933;18;12;2009;27;3200
934;17;12;2009;27;700
935;16;12;2009;28;2300
936;15;12;2009;27;2400
937;14;12;2009;27;1100
938;11;12;2009;28;1600
939;10;12;2009;28;2100
940;9;12;2009;28;4400
941;8;12;2009;29;8500
942;7;12;2009;30;17300
943;4;12;2009;32;10100
944;3;12;2009;33;29000
945;2;12;2009;35;72100
946;30;11;2009;32;15300
947;27;11;2009;31;4800
948;26;11;2009;28;3800
949;25;11;2009;26;2300
950;24;11;2009;25;4300
951;23;11;2009;24;2200
952;20;11;2009;23;1400
953;19;11;2009;23;1600
954;18;11;2009;24;800
955;17;11;2009;24;7600
956;16;11;2009;24;800
957;13;11;2009;24;2800
958;12;11;2009;23;1500
959;11;11;2009;23;2000
960;10;11;2009;22;2200
961;9;11;2009;22;1200
962;6;11;2009;21;2000
963;5;11;2009;21;700
964;4;11;2009;22;2600
965;3;11;2009;21;1400
966;30;10;2009;21;2300
967;29;10;2009;21;2500
968;28;10;2009;21;1800
969;27;10;2009;20;4800
970;26;10;2009;20;1100
971;23;10;2009;21;3300
972;22;10;2009;21;3100
973;21;10;2009;21;4600
974;20;10;2009;20;600
975;16;10;2009;20;5700
976;15;10;2009;20;2200
977;14;10;2009;20;4300
978;12;10;2009;19;6500
979;9;10;2009;19;7100
980;8;10;2009;18;500
981;7;10;2009;18;700
982;5;10;2009;19;900
983;1;10;2009;19;700
984;30;9;2009;19;2300
985;29;9;2009;20;2800
986;25;9;2009;21;1100
987;24;9;2009;21;700
988;23;9;2009;20;3800
989;22;9;2009;19;3500
990;18;9;2009;20;1400
991;17;9;2009;20;2000
992;16;9;2009;21;3500
993;15;9;2009;21;7600
994;14;9;2009;22;2900
995;11;9;2009;21;3800
996;10;9;2009;21;11900
997;9;9;2009;20;9300
998;8;9;2009;20;3400
999;7;9;2009;19;6200
1000;4;9;2009;19;400
1001;3;9;2009;18;900
1002;2;9;2009;19;2200
1003;1;9;2009;19;4200
1004;31;8;2009;19;500
1005;28;8;2009;19;20100
1006;27;8;2009;20;2300
1007;26;8;2009;20;16500
1008;25;8;2009;20;900
1009;24;8;2009;19;10700
1010;21;8;2009;18;4500
1011;20;8;2009;17;15700
1012;19;8;2009;16;1100
1013;18;8;2009;17;1200
1014;17;8;2009;17;1600
1015;14;8;2009;16;1000
1016;13;8;2009;16;22000
1017;12;8;2009;16;3100
1018;11;8;2009;16;1800
1019;10;8;2009;15;1700
1020;7;8;2009;15;800
1021;6;8;2009;16;17500
1022;5;8;2009;16;33500
1023;4;8;2009;14;500
1024;3;8;2009;14;900
1025;31;7;2009;15;2300
1026;30;7;2009;15;600
1027;29;7;2009;16;1000
1028;28;7;2009;15;0
1029;27;7;2009;14;8200
1030;24;7;2009;15;3800
1031;23;7;2009;15;3500
1032;22;7;2009;17;900
1033;21;7;2009;16;200
1034;20;7;2009;16;400
1035;17;7;2009;15;600
1036;16;7;2009;15;15100
1037;15;7;2009;14;100
1038;14;7;2009;14;0
1039;13;7;2009;14;1200
1040;10;7;2009;14;500
1041;9;7;2009;14;1000
1042;8;7;2009;14;500
1043;7;7;2009;14;100
1044;6;7;2009;14;600
1045;3;7;2009;14;0
1046;2;7;2009;13;1000
1047;30;6;2009;14;100
1048;26;6;2009;14;1000
1049;25;6;2009;14;2000
1050;24;6;2009;14;11000
1051;23;6;2009;14;1500
1052;18;6;2009;14;3500
1053;17;6;2009;14;800
1054;16;6;2009;15;1200
1055;15;6;2009;14;13700
1056;12;6;2009;14;5400
1057;11;6;2009;13;1600
1058;10;6;2009;14;5100
1059;9;6;2009;13;1600
1060;8;6;2009;14;500
1061;5;6;2009;14;2300
1062;4;6;2009;14;8000
1063;3;6;2009;14;4500
1064;2;6;2009;14;600
1065;1;6;2009;14;4600
1066;29;5;2009;14;4000
1067;28;5;2009;14;500
1068;27;5;2009;14;2000
1069;26;5;2009;14;1900
1070;25;5;2009;13;3000
1071;22;5;2009;13;1000
1072;21;5;2009;13;1500
1073;20;5;2009;13;1600
1074;19;5;2009;13;0
1075;15;5;2009;13;3000
1076;14;5;2009;13;0
1077;13;5;2009;13;3400
1078;12;5;2009;13;7300
1079;11;5;2009;13;2500
1080;8;5;2009;15;900
1081;7;5;2009;14;0
1082;6;5;2009;14;0
1083;5;5;2009;14;0
1084;29;4;2009;14;0
1085;28;4;2009;14;0
1086;27;4;2009;14;200
1087;24;4;2009;14;0
1088;23;4;2009;13;1500
1089;22;4;2009;14;200
1090;21;4;2009;13;0
1091;20;4;2009;14;0
1092;17;4;2009;13;600
1093;16;4;2009;13;0
1094;15;4;2009;13;200
1095;13;4;2009;13;1200
1096;9;4;2009;12;200
1097;8;4;2009;13;5300
1098;6;4;2009;13;200
1099;2;4;2009;13;300
1100;1;4;2009;13;1100
1101;31;3;2009;14;800
1102;30;3;2009;13;500
1103;27;3;2009;14;200
1104;26;3;2009;14;100
1105;25;3;2009;15;0
1106;24;3;2009;14;300
1107;23;3;2009;14;0
1108;20;3;2009;13;0
1109;19;3;2009;13;0
1110;18;3;2009;13;0
1111;17;3;2009;13;0
1112;16;3;2009;13;0
1113;13;3;2009;13;0
1114;9;3;2009;13;100
1115;6;3;2009;12;0
1116;5;3;2009;13;0
1117;4;3;2009;13;0
1118;3;3;2009;14;0
1119;27;2;2009;15;1800
1120;25;2;2009;14;0
1121;20;2;2009;14;0
1122;19;2;2009;13;0
1123;18;2;2009;14;0
1124;17;2;2009;13;0
1125;16;2;2009;14;800
1126;13;2;2009;14;1600
1127;12;2;2009;14;1600
1128;11;2;2009;14;0
1129;10;2;2009;14;0
1130;9;2;2009;13;0
1131;6;2;2009;14;0
1132;5;2;2009;14;0
1133;4;2;2009;13;100
1134;2;2;2009;13;0
1135;30;1;2009;13;0
1136;29;1;2009;13;0
1137;28;1;2009;14;0
1138;27;1;2009;15;0
1139;19;1;2009;14;0
1140;13;1;2009;13;0
1141;9;1;2009;14;0
1142;2;1;2009;13;0
1143;1;1;2009;14;0
1144;31;12;2008;14;100
1145;24;12;2008;13;0
1146;23;12;2008;13;100
1147;22;12;2008;13;0
1148;19;12;2008;12;300
1149;18;12;2008;12;100
1150;17;12;2008;11;1000
1151;16;12;2008;11;0
1152;15;12;2008;10;0
1153;12;12;2008;10;200
1154;8;12;2008;9;0
1155;5;12;2008;9;2200
1156;28;11;2008;10;0
1157;24;11;2008;10;1200
1158;21;11;2008;11;400
1159;20;11;2008;11;0
1160;19;11;2008;11;300
1161;18;11;2008;11;200
1162;17;11;2008;12;0
1163;14;11;2008;12;1000
1164;12;11;2008;11;0
1165;7;11;2008;12;200
1166;6;11;2008;12;100
1167;5;11;2008;13;0
1168;4;11;2008;12;0
1169;3;11;2008;12;100
1170;28;10;2008;13;0
1171;23;10;2008;13;200
1172;22;10;2008;14;0
1173;21;10;2008;14;0
1174;20;10;2008;13;0
1175;17;10;2008;13;0
1176;16;10;2008;12;200
1177;15;10;2008;12;0
1178;14;10;2008;12;0
1179;13;10;2008;11;100
1180;10;10;2008;12;1900
1181;8;10;2008;11;400
1182;7;10;2008;12;400
1183;3;10;2008;14;0
1184;1;10;2008;13;1000
1185;30;9;2008;14;300
1186;29;9;2008;13;600
1187;26;9;2008;14;5900
1188;25;9;2008;14;0
1189;24;9;2008;14;300
1190;23;9;2008;13;1500
1191;22;9;2008;12;0
1192;19;9;2008;12;500
1193;18;9;2008;11;600
1194;17;9;2008;12;1000
1195;16;9;2008;13;500
1196;15;9;2008;13;1400
1197;12;9;2008;12;600
1198;11;9;2008;13;100
1199;10;9;2008;13;0
1200;8;9;2008;13;100
1201;5;9;2008;12;500
1202;4;9;2008;12;300
1203;2;9;2008;12;0
1204;1;9;2008;12;0
1205;29;8;2008;11;0
1206;28;8;2008;11;200
1207;21;8;2008;12;700
1208;20;8;2008;13;100
1209;19;8;2008;13;300
1210;13;8;2008;14;0
1211;11;8;2008;13;1000
1212;7;8;2008;14;1600
1213;6;8;2008;15;4400
1214;5;8;2008;15;2400
1215;4;8;2008;14;5200
1216;1;8;2008;13;0
1217;31;7;2008;13;1200
1218;30;7;2008;12;1400
1219;29;7;2008;12;400
1220;28;7;2008;13;500
1221;25;7;2008;13;0
1222;23;7;2008;12;200
1223;21;7;2008;12;1000
1224;18;7;2008;12;600
1225;17;7;2008;13;300
1226;16;7;2008;14;700
1227;15;7;2008;14;0
1228;14;7;2008;15;0
1229;11;7;2008;15;200
1230;10;7;2008;15;900
1231;9;7;2008;16;100
1232;8;7;2008;15;0
1233;7;7;2008;15;0
1234;4;7;2008;15;25000
1235;3;7;2008;16;0
1236;2;7;2008;15;200
1237;1;7;2008;16;300
1238;30;6;2008;15;200
1239;27;6;2008;15;0
1240;25;6;2008;14;100
1241;24;6;2008;14;0
1242;23;6;2008;14;0
1243;20;6;2008;15;0
1244;19;6;2008;14;0
1245;17;6;2008;14;0
1246;16;6;2008;13;200
1247;13;6;2008;14;0
1248;12;6;2008;13;0
1249;11;6;2008;12;200
1250;9;6;2008;13;100
1251;6;6;2008;14;200
1252;4;6;2008;15;0
1253;3;6;2008;15;100
1254;2;6;2008;16;0
1255;27;5;2008;15;0
1256;26;5;2008;15;0
1257;23;5;2008;14;200
1258;22;5;2008;15;800
1259;21;5;2008;15;2800
1260;20;5;2008;15;300
1261;16;5;2008;15;0
1262;15;5;2008;14;1400
1263;14;5;2008;15;100
1264;13;5;2008;14;1000
1265;12;5;2008;15;1300
1266;9;5;2008;16;700
1267;8;5;2008;16;900
1268;7;5;2008;16;200
1269;6;5;2008;15;700
1270;5;5;2008;14;800
1271;2;5;2008;15;1500
1272;30;4;2008;14;1500
1273;29;4;2008;14;500
1274;28;4;2008;13;200
1275;24;4;2008;13;400
1276;23;4;2008;13;700
1277;22;4;2008;13;500
1278;17;4;2008;13;1300
1279;16;4;2008;13;300
1280;11;4;2008;13;1400
1281;10;4;2008;14;0
1282;9;4;2008;15;1100
1283;8;4;2008;15;400
1284;7;4;2008;14;0
1285;3;4;2008;13;500
1286;2;4;2008;13;200
1287;31;3;2008;14;300
1288;28;3;2008;13;400
1289;27;3;2008;13;0
1290;26;3;2008;12;200
1291;25;3;2008;13;3100
1292;18;3;2008;14;0
1293;13;3;2008;15;500
1294;12;3;2008;14;0
1295;11;3;2008;14;200
1296;10;3;2008;14;0
1297;7;3;2008;14;0
1298;5;3;2008;14;1100
1299;4;3;2008;14;800
1300;3;3;2008;15;1100
1301;29;2;2008;15;0
1302;28;2;2008;15;5700
1303;27;2;2008;14;100
1304;26;2;2008;14;4000
1305;25;2;2008;14;600
1306;22;2;2008;15;600
1307;21;2;2008;16;200
1308;20;2;2008;17;0
1309;19;2;2008;17;700
1310;18;2;2008;17;300
1311;15;2;2008;18;100
1312;14;2;2008;18;0
1313;13;2;2008;18;1000
1314;12;2;2008;19;200
1315;11;2;2008;19;0
1316;8;2;2008;18;100
1317;7;2;2008;18;500
1318;6;2;2008;18;1100
1319;5;2;2008;18;0
1320;4;2;2008;18;0
1321;1;2;2008;18;0
1322;31;1;2008;17;0
1323;30;1;2008;17;300
1324;29;1;2008;17;3100
1325;28;1;2008;17;100
1326;25;1;2008;17;0
1327;24;1;2008;18;0
1328;23;1;2008;18;2500
1329;21;1;2008;19;200
1330;18;1;2008;18;3100
1331;17;1;2008;19;500
1332;16;1;2008;19;5700
1333;15;1;2008;20;2300
1334;14;1;2008;21;1600
1335;11;1;2008;21;3800
1336;10;1;2008;21;7400
1337;9;1;2008;22;14700
1338;8;1;2008;23;21000
1339;7;1;2008;22;4400
1340;4;1;2008;21;6000
1341;3;1;2008;20;3300
1342;2;1;2008;19;6200
1343;1;1;2008;18;4600
1344;31;12;2007;18;900
1345;28;12;2007;17;200
1346;27;12;2007;16;2400
1347;26;12;2007;15;1700
1348;24;12;2007;15;1500
1349;20;12;2007;16;4200
1350;19;12;2007;15;2400
1351;18;12;2007;15;6100
1352;17;12;2007;16;7800
1353;14;12;2007;16;8100
1354;13;12;2007;15;7300
1355;12;12;2007;14;2100
1356;11;12;2007;14;1500
1357;10;12;2007;13;4700
1358;7;12;2007;12;6300
1359;6;12;2007;12;1600
1360;5;12;2007;11;1300
1361;4;12;2007;11;1600
1362;3;12;2007;10;2000
1363;29;11;2007;10;700
1364;28;11;2007;10;2800
1365;27;11;2007;10;1400
1366;26;11;2007;10;800
1367;23;11;2007;10;500
1368;22;11;2007;10;600
1369;21;11;2007;11;1600
1370;20;11;2007;11;5900
1371;19;11;2007;10;500
1372;15;11;2007;10;2500
1373;14;11;2007;10;1000
1374;13;11;2007;10;0
1375;12;11;2007;10;0
1376;8;11;2007;10;700
1377;7;11;2007;9;500
1378;6;11;2007;10;100
1379;5;11;2007;10;700
1380;2;11;2007;9;700
1381;1;11;2007;10;100
1382;31;10;2007;10;0
1383;30;10;2007;10;100
1384;29;10;2007;10;200
1385;26;10;2007;9;200
1386;25;10;2007;10;200
1387;24;10;2007;10;900
1388;23;10;2007;11;0
1389;22;10;2007;10;0
1390;18;10;2007;10;1300
1391;17;10;2007;10;1600
1392;16;10;2007;10;600
1393;15;10;2007;10;900
1394;12;10;2007;10;700
1395;11;10;2007;10;200
1396;10;10;2007;10;100
1397;9;10;2007;10;500
1398;8;10;2007;10;200
1399;5;10;2007;10;1000
1400;4;10;2007;10;1100
1401;3;10;2007;9;500
1402;28;9;2007;10;6400
1403;27;9;2007;10;1500
1404;26;9;2007;10;100
1405;25;9;2007;10;500
1406;24;9;2007;9;400
1407;21;9;2007;10;3500
1408;20;9;2007;10;2200
1409;19;9;2007;10;1500
1410;18;9;2007;10;100
1411;17;9;2007;10;900
1412;14;9;2007;10;900
1413;13;9;2007;9;100
1414;12;9;2007;10;1700
1415;11;9;2007;10;1500
1416;10;9;2007;10;1100
1417;7;9;2007;10;1000
1418;6;9;2007;10;500
1419;5;9;2007;10;400
1420;4;9;2007;10;700
1421;3;9;2007;10;600
1422;31;8;2007;10;500
1423;30;8;2007;10;500
1424;29;8;2007;10;400
1425;28;8;2007;10;1100
1426;27;8;2007;11;200
1427;24;8;2007;11;0
1428;23;8;2007;11;1000
1429;22;8;2007;11;1000
1430;21;8;2007;11;2000
1431;20;8;2007;11;0
1432;17;8;2007;11;100
1433;16;8;2007;11;0
1434;14;8;2007;10;0
1435;13;8;2007;10;800
1436;10;8;2007;10;2700
1437;9;8;2007;10;3200
1438;8;8;2007;10;2000
1439;7;8;2007;10;100
1440;2;8;2007;10;0
1441;31;7;2007;10;600
1442;24;7;2007;9;200
1443;23;7;2007;10;200
1444;20;7;2007;10;1000
1445;17;7;2007;9;300
1446;16;7;2007;9;400
1447;13;7;2007;10;1400
1448;12;7;2007;10;3700
1449;11;7;2007;10;900
1450;10;7;2007;10;0
1451;9;7;2007;11;1500
1452;6;7;2007;10;1300
1453;5;7;2007;11;100
1454;4;7;2007;10;100
1455;3;7;2007;10;400
1456;2;7;2007;10;0
1457;29;6;2007;10;1200
1458;28;6;2007;9;300
1459;22;6;2007;10;2200
1460;21;6;2007;9;400
1461;20;6;2007;10;800
1462;19;6;2007;10;1700
1463;14;6;2007;9;0
1464;13;6;2007;9;200
1465;4;6;2007;9;400
1466;31;5;2007;9;200
1467;25;5;2007;9;200
1468;24;5;2007;10;500
1469;23;5;2007;10;2900
1470;22;5;2007;10;500
1471;21;5;2007;10;100
1472;16;5;2007;11;0
1473;9;5;2007;11;1000
1474;8;5;2007;10;500
1475;7;5;2007;10;500
1476;4;5;2007;10;500
1477;3;5;2007;10;200
1478;30;4;2007;10;2400
1479;27;4;2007;10;1000
1480;25;4;2007;10;800
1481;24;4;2007;10;100
1482;20;4;2007;11;1000
1483;19;4;2007;10;1500
1484;18;4;2007;10;200
1485;17;4;2007;9;2900
1486;16;4;2007;9;100
1487;13;4;2007;9;100
1488;12;4;2007;10;100
1489;11;4;2007;10;300
1490;10;4;2007;11;1200
1491;9;4;2007;10;200
1492;5;4;2007;10;1900
1493;4;4;2007;9;500
1494;2;4;2007;9;0
1495;29;3;2007;9;800
1496;28;3;2007;10;200
1497;26;3;2007;10;200
1498;23;3;2007;11;100
1499;20;3;2007;11;1500
1500;19;3;2007;11;600
1501;7;3;2007;11;400
1502;6;3;2007;11;1000
1503;5;3;2007;10;200
1504;2;3;2007;11;200
1505;1;3;2007;10;0
1506;28;2;2007;11;800
1507;21;2;2007;11;600
1508;15;2;2007;11;1600
1509;14;2;2007;11;400
1510;9;2;2007;12;700
1511;8;2;2007;12;700
1512;7;2;2007;11;200
1513;6;2;2007;12;400
1514;5;2;2007;13;700
1515;2;2;2007;13;500
1516;1;2;2007;12;800
1517;29;1;2007;11;300
1518;25;1;2007;11;400
1519;23;1;2007;11;200
1520;22;1;2007;11;100
1521;17;1;2007;12;1000
1522;16;1;2007;12;400
1523;15;1;2007;13;600
1524;12;1;2007;12;1100
1525;11;1;2007;13;4000
1526;10;1;2007;13;1500
1527;9;1;2007;13;500
1528;8;1;2007;13;400
1529;5;1;2007;13;2400
1530;4;1;2007;12;1600
1531;3;1;2007;11;500
1532;2;1;2007;11;300
1533;29;12;2006;10;1400
1534;28;12;2006;11;200
1535;27;12;2006;10;400
1536;26;12;2006;9;500
1537;22;12;2006;10;2000
1538;21;12;2006;10;1300
1539;20;12;2006;10;400
1540;14;12;2006;9;1300
1541;13;12;2006;10;200
1542;12;12;2006;10;300
1543;11;12;2006;10;500
1544;8;12;2006;9;500
1545;7;12;2006;9;400
1546;6;12;2006;10;3500
1547;5;12;2006;10;2100
1548;4;12;2006;11;100
1549;1;12;2006;10;200
1550;30;11;2006;10;700
1551;28;11;2006;10;1300
1552;27;11;2006;11;700
1553;24;11;2006;11;900
1554;23;11;2006;11;600
1555;22;11;2006;10;1700
1556;21;11;2006;11;1700
1557;20;11;2006;11;800
1558;17;11;2006;11;400
1559;16;11;2006;11;600
1560;15;11;2006;10;100
1561;14;11;2006;11;700
1562;13;11;2006;11;400
1563;10;11;2006;11;0
1564;7;11;2006;11;2500
1565;6;11;2006;11;500
1566;3;11;2006;10;0
1567;2;11;2006;10;200
1568;1;11;2006;9;100
1569;31;10;2006;10;1100
1570;30;10;2006;10;400
1571;27;10;2006;11;300
1572;20;10;2006;11;200
1573;19;10;2006;11;0
1574;18;10;2006;11;200
1575;17;10;2006;10;200
1576;13;10;2006;10;400
1577;12;10;2006;10;200
1578;10;10;2006;10;100
1579;9;10;2006;10;200
1580;6;10;2006;10;0
1581;29;9;2006;10;200
1582;28;9;2006;9;900
1583;27;9;2006;9;600
1584;26;9;2006;9;600
1585;25;9;2006;9;300
1586;22;9;2006;9;500
1587;21;9;2006;10;1500
1588;20;9;2006;10;200
1589;19;9;2006;10;500
1590;18;9;2006;11;1100
1591;15;9;2006;11;300
1592;14;9;2006;11;2900
1593;13;9;2006;12;800
1594;12;9;2006;11;1700
1595;11;9;2006;11;200
1596;8;9;2006;11;1100
1597;7;9;2006;11;100
1598;6;9;2006;10;100
1599;5;9;2006;10;100
1600;4;9;2006;9;400
1601;30;8;2006;9;0
1602;29;8;2006;9;100
1603;25;8;2006;9;400
1604;24;8;2006;9;0
1605;23;8;2006;9;100
1606;22;8;2006;9;0
1607;21;8;2006;9;800
1608;18;8;2006;9;0
1609;17;8;2006;9;100
1610;16;8;2006;9;300
1611;14;8;2006;8;100
1612;10;8;2006;8;100
1613;9;8;2006;8;100
1614;8;8;2006;8;0
1615;1;8;2006;8;100
1616;31;7;2006;8;500
1617;28;7;2006;9;800
1618;25;7;2006;8;100
1619;24;7;2006;8;0
1620;21;7;2006;8;300
1621;19;7;2006;9;500
1622;14;7;2006;8;800
1623;13;7;2006;8;800
1624;12;7;2006;8;900
1625;6;7;2006;9;600
1626;5;7;2006;8;600
1627;27;6;2006;9;400
1628;14;6;2006;8;600
1629;13;6;2006;9;2300
1630;9;6;2006;9;8800
1631;8;6;2006;10;5000
1632;7;6;2006;11;2500
1633;6;6;2006;11;7400
1634;1;6;2006;12;900
1635;31;5;2006;12;200
1636;30;5;2006;12;700
1637;29;5;2006;12;500
1638;24;5;2006;12;800
1639;19;5;2006;12;100
1640;18;5;2006;13;500
1641;17;5;2006;12;100
1642;16;5;2006;13;100
1643;15;5;2006;13;3000
1644;12;5;2006;13;1400
1645;11;5;2006;13;2800
1646;10;5;2006;13;900
1647;9;5;2006;13;1000
1648;8;5;2006;12;1900
1649;5;5;2006;13;500
1650;4;5;2006;13;1300
1651;3;5;2006;14;2400
1652;2;5;2006;14;3800
1653;28;4;2006;13;700
1654;27;4;2006;13;1800
1655;26;4;2006;13;1100
1656;25;4;2006;13;1800
1657;24;4;2006;12;800
1658;21;4;2006;13;5700
1659;20;4;2006;13;2000
1660;19;4;2006;12;2900
1661;18;4;2006;12;1100
1662;17;4;2006;12;200
1663;12;4;2006;12;1400
1664;10;4;2006;12;700
1665;7;4;2006;12;900
1666;5;4;2006;12;900
1667;4;4;2006;12;100
1668;3;4;2006;11;4500
1669;29;3;2006;11;800
1670;28;3;2006;11;500
1671;27;3;2006;10;2000
1672;24;3;2006;11;2600
1673;23;3;2006;10;4700
1674;22;3;2006;10;2400
1675;21;3;2006;9;500
1676;20;3;2006;10;1200
1677;17;3;2006;10;1500
1678;16;3;2006;11;400
1679;14;3;2006;11;1100
1680;13;3;2006;11;4100
1681;9;3;2006;11;700
1682;8;3;2006;11;1400
1683;6;3;2006;11;500
1684;3;3;2006;11;1500
1685;2;3;2006;11;3500
1686;1;3;2006;12;4700
1687;28;2;2006;11;1100
1688;27;2;2006;11;600
1689;24;2;2006;12;900
1690;23;2;2006;12;1800
1691;22;2;2006;12;1900
1692;21;2;2006;13;5100
1693;20;2;2006;12;6000
1694;17;2;2006;13;18300
1695;16;2;2006;12;1000
1696;15;2;2006;12;3800
1697;14;2;2006;11;1700
1698;13;2;2006;11;1700
1699;10;2;2006;10;200
1700;8;2;2006;10;8500
1701;7;2;2006;9;5100
1702;6;2;2006;9;1700
1703;3;2;2006;8;1300
1704;2;2;2006;9;600
1705;1;2;2006;9;200
1706;31;1;2006;9;1200
1707;30;1;2006;9;2500
1708;27;1;2006;9;900
1709;25;1;2006;9;1000
1710;24;1;2006;9;1500
1711;20;1;2006;9;1000
1712;19;1;2006;9;600
1713;18;1;2006;9;1500
1714;17;1;2006;9;3500
1715;16;1;2006;9;1300
1716;12;1;2006;9;800
1717;10;1;2006;9;1100
1718;6;1;2006;9;200
1719;5;1;2006;9;1500
1720;4;1;2006;9;1200
1721;3;1;2006;9;900
1722;2;1;2006;9;700
1723;30;12;2005;9;100
1724;29;12;2005;8;4400
1725;28;12;2005;8;400
1726;23;12;2005;9;100
1727;22;12;2005;9;1600
1728;20;12;2005;8;900
1729;16;12;2005;9;100
1730;15;12;2005;9;500
1731;12;12;2005;9;700
1732;9;12;2005;9;1100
1733;8;12;2005;9;600
1734;7;12;2005;9;2000
1735;6;12;2005;9;500
1736;2;12;2005;9;1900
1737;1;12;2005;9;1100
1738;29;11;2005;9;800
1739;28;11;2005;9;100
1740;25;11;2005;9;1700
1741;24;11;2005;9;1300
1742;23;11;2005;9;300
1743;22;11;2005;9;300
1744;21;11;2005;10;900
1745;18;11;2005;9;4500
1746;17;11;2005;9;400
1747;16;11;2005;10;700
1748;14;11;2005;10;2300
1749;11;11;2005;10;0
1750;10;11;2005;9;0
1751;9;11;2005;9;1600
1752;8;11;2005;8;600
1753;7;11;2005;8;900
1754;2;11;2005;8;100
1755;1;11;2005;9;100
1756;31;10;2005;8;100
1757;28;10;2005;8;2500
1758;27;10;2005;8;100
1759;26;10;2005;9;1300
1760;25;10;2005;8;700
1761;24;10;2005;9;300
1762;21;10;2005;9;1600
1763;20;10;2005;9;400
1764;17;10;2005;9;2300
1765;14;10;2005;10;700
1766;11;10;2005;10;700
1767;10;10;2005;10;400
1768;7;10;2005;10;1500
1769;6;10;2005;10;900
1770;5;10;2005;10;0
1771;4;10;2005;10;1500
1772;3;10;2005;10;2000
1773;30;9;2005;11;3000
1774;29;9;2005;11;1100
1775;28;9;2005;11;4800
1776;27;9;2005;12;1000
1777;26;9;2005;12;1500
1778;23;9;2005;12;5800
1779;22;9;2005;12;600
1780;21;9;2005;13;2800
1781;20;9;2005;13;2400
1782;19;9;2005;13;6000
1783;16;9;2005;14;1600
1784;15;9;2005;13;5100
1785;14;9;2005;14;8400
1786;13;9;2005;14;12600
1787;12;9;2005;13;12400
1788;9;9;2005;14;1700
1789;8;9;2005;15;5500
1790;6;9;2005;15;9800
1791;5;9;2005;16;7200
1792;2;9;2005;14;5400
1793;1;9;2005;13;2000
1794;31;8;2005;13;4900
1795;30;8;2005;13;3000
1796;29;8;2005;12;500
1797;26;8;2005;13;1200
1798;25;8;2005;13;9000
1799;24;8;2005;12;1000
1800;23;8;2005;12;6500
1801;22;8;2005;12;6000
1802;19;8;2005;12;400
1803;18;8;2005;11;1300
1804;17;8;2005;12;2800
1805;16;8;2005;12;700
1806;12;8;2005;11;200
1807;11;8;2005;12;1900
1808;10;8;2005;12;1700
1809;9;8;2005;12;5200
1810;8;8;2005;12;3900
1811;5;8;2005;12;3800
1812;4;8;2005;12;300
1813;3;8;2005;12;3900
1814;2;8;2005;12;5100
1815;1;8;2005;12;1700
1816;29;7;2005;12;6100
1817;27;7;2005;12;700
1818;26;7;2005;12;700
1819;25;7;2005;12;3000
1820;22;7;2005;12;3700
1821;21;7;2005;13;300
1822;20;7;2005;12;1300
1823;19;7;2005;13;1400
1824;18;7;2005;13;2500
1825;15;7;2005;12;1800
1826;14;7;2005;13;3900
1827;13;7;2005;13;500
1828;12;7;2005;12;400
1829;11;7;2005;13;1100
1830;8;7;2005;12;1900
1831;7;7;2005;13;1000
1832;6;7;2005;12;1000
1833;5;7;2005;13;3400
1834;4;7;2005;13;1200
1835;1;7;2005;13;3100
1836;30;6;2005;13;1200
1837;29;6;2005;14;4300
1838;28;6;2005;13;8200
1839;27;6;2005;13;3600
1840;24;6;2005;13;2900
1841;23;6;2005;12;1600
1842;22;6;2005;12;2400
1843;21;6;2005;12;400
1844;20;6;2005;13;6000
1845;17;6;2005;12;2900
1846;16;6;2005;13;400
1847;15;6;2005;13;4300
1848;14;6;2005;14;15100
1849;13;6;2005;14;18000
1850;10;6;2005;13;20100
1851;9;6;2005;12;1800
1852;8;6;2005;12;4900
1853;7;6;2005;11;600
1854;2;6;2005;12;100
1855;1;6;2005;12;4500
1856;31;5;2005;12;2300
1857;30;5;2005;11;700
1858;27;5;2005;12;4600
1859;26;5;2005;11;2700
1860;25;5;2005;11;1200
1861;24;5;2005;11;500
1862;23;5;2005;11;1400
1863;20;5;2005;10;400
1864;19;5;2005;10;400
1865;18;5;2005;10;1400
1866;17;5;2005;10;1100
1867;16;5;2005;10;700
1868;13;5;2005;9;400
1869;12;5;2005;10;200
1870;11;5;2005;10;500
1871;10;5;2005;9;1100
1872;9;5;2005;9;200
1873;6;5;2005;10;200
1874;4;5;2005;10;600
1875;3;5;2005;9;200
1876;29;4;2005;10;1700
1877;28;4;2005;11;0
1878;27;4;2005;11;2100
1879;26;4;2005;10;300
1880;25;4;2005;9;300
1881;22;4;2005;10;200
1882;21;4;2005;10;400
1883;20;4;2005;10;200
1884;18;4;2005;10;100
1885;15;4;2005;10;300
1886;13;4;2005;11;700
1887;12;4;2005;10;1500
1888;11;4;2005;10;100
1889;8;4;2005;10;1300
1890;7;4;2005;10;1100
1891;6;4;2005;10;100
1892;5;4;2005;10;1500
1893;4;4;2005;10;800
1894;31;3;2005;9;700
1895;30;3;2005;9;4000
1896;29;3;2005;9;500
1897;28;3;2005;9;800
1898;24;3;2005;10;1200
1899;23;3;2005;10;1100
1900;22;3;2005;10;3900
1901;21;3;2005;10;200
1902;18;3;2005;11;2000
1903;17;3;2005;11;2800
1904;16;3;2005;11;2200
1905;15;3;2005;11;400
1906;14;3;2005;11;1700
1907;11;3;2005;11;3200
1908;10;3;2005;11;5900
1909;9;3;2005;10;2400
1910;8;3;2005;12;6300
1911;7;3;2005;11;2000
1912;4;3;2005;11;7600
1913;3;3;2005;12;600
1914;2;3;2005;11;1700
1915;1;3;2005;10;3700
1916;28;2;2005;12;3600
1917;25;2;2005;12;1000
1918;24;2;2005;12;1000
1919;23;2;2005;13;3200
1920;22;2;2005;13;6400
1921;21;2;2005;12;600
1922;18;2;2005;12;1300
1923;17;2;2005;11;500
1924;16;2;2005;11;600
1925;15;2;2005;11;800
1926;14;2;2005;11;1800
1927;11;2;2005;12;500
1928;10;2;2005;12;600
1929;9;2;2005;13;2700
1930;8;2;2005;13;4500
1931;7;2;2005;11;5900
1932;4;2;2005;11;4900
1933;3;2;2005;10;1900
1934;2;2;2005;10;3800
1935;1;2;2005;11;1200
1936;31;1;2005;11;300
1937;28;1;2005;11;2700
1938;27;1;2005;11;4200
1939;25;1;2005;11;1100
1940;24;1;2005;12;100
1941;20;1;2005;12;1500
1942;19;1;2005;12;2200
1943;18;1;2005;13;1700
1944;17;1;2005;13;300
1945;14;1;2005;13;1500
1946;13;1;2005;14;2900
1947;12;1;2005;14;3600
1948;11;1;2005;16;15200
1949;10;1;2005;15;17200
1950;7;1;2005;14;10700
1951;6;1;2005;14;4000
1952;5;1;2005;13;27300
1953;4;1;2005;12;21700
1954;3;1;2005;11;3900
1955;31;12;2004;11;4000
1956;30;12;2004;12;7000
1957;29;12;2004;11;2700
1958;28;12;2004;12;2800
1959;27;12;2004;12;10000
1960;24;12;2004;11;4200
1961;23;12;2004;11;14900
1962;22;12;2004;10;6100
1963;21;12;2004;9;1300
1964;20;12;2004;10;200
1965;17;12;2004;10;4200
1966;16;12;2004;10;4500
1967;15;12;2004;10;6300
1968;14;12;2004;10;5000
1969;13;12;2004;9;2600
1970;10;12;2004;8;100
1971;9;12;2004;9;200
1972;8;12;2004;8;2800
1973;6;12;2004;8;1800
1974;3;12;2004;8;1000
1975;2;12;2004;8;600
1976;1;12;2004;8;600
1977;29;11;2004;9;1500
1978;25;11;2004;9;1300
1979;24;11;2004;10;2700
1980;23;11;2004;10;4600
1981;22;11;2004;10;5900
1982;18;11;2004;9;6400
1983;17;11;2004;9;5400
1984;16;11;2004;10;3900
1985;12;11;2004;9;100
1986;11;11;2004;9;9100
1987;10;11;2004;7;5200
1988;9;11;2004;6;3400
1989;8;11;2004;7;200
1990;5;11;2004;6;2600
1991;4;11;2004;6;4800
1992;3;11;2004;7;200
1993;2;11;2004;6;1900
1994;1;11;2004;6;400
1995;29;10;2004;7;400
1996;28;10;2004;6;800
1997;27;10;2004;7;0
1998;21;10;2004;7;300
1999;20;10;2004;7;1800
2000;19;10;2004;7;1500
2001;15;10;2004;7;200
2002;14;10;2004;7;800
2003;12;10;2004;7;500
2004;11;10;2004;7;800
2005;7;10;2004;7;1900
2006;6;10;2004;6;400
2007;4;10;2004;7;700
2008;1;10;2004;7;6200
2009;30;9;2004;6;1300
2010;29;9;2004;6;900
2011;28;9;2004;6;300
2012;27;9;2004;6;900
2013;24;9;2004;5;300
2014;23;9;2004;6;300
2015;22;9;2004;6;200
2016;21;9;2004;6;2100
2017;20;9;2004;5;2700
2018;17;9;2004;5;2100
2019;16;9;2004;5;1500
2020;15;9;2004;5;4600
2021;14;9;2004;6;200
2022;13;9;2004;6;2900
2023;10;9;2004;6;500
2024;9;9;2004;7;2600
2025;8;9;2004;7;500
2026;7;9;2004;7;800
2027;6;9;2004;7;1100
2028;3;9;2004;6;3000
2029;2;9;2004;6;1200
2030;1;9;2004;6;1300
2031;31;8;2004;6;400
2032;30;8;2004;6;2200
2033;27;8;2004;5;200
2034;26;8;2004;5;200
2035;24;8;2004;5;200
2036;23;8;2004;4;500
2037;13;8;2004;5;0
2038;12;8;2004;4;400
2039;11;8;2004;5;200
2040;10;8;2004;5;200
2041;9;8;2004;5;100
2042;5;8;2004;6;100
2043;4;8;2004;5;100
2044;30;7;2004;4;200
2045;28;7;2004;5;1000
2046;27;7;2004;5;0
2047;23;7;2004;4;200
2048;22;7;2004;4;300
2049;21;7;2004;4;100
2050;19;7;2004;5;800
2051;16;7;2004;5;300
2052;14;7;2004;5;800
2053;7;7;2004;5;100
2054;1;7;2004;5;100
2055;30;6;2004;4;600
2056;23;6;2004;4;100
2057;17;6;2004;5;4200
2058;15;6;2004;5;100
2059;14;6;2004;5;200
2060;9;6;2004;4;1500
2061;3;6;2004;6;2000
2062;1;6;2004;6;100
2063;26;5;2004;7;1300
2064;24;5;2004;6;500
2065;19;5;2004;6;1200
2066;18;5;2004;6;200
2067;17;5;2004;5;1000
2068;14;5;2004;6;1000
2069;7;5;2004;6;400
2070;6;5;2004;6;500
2071;5;5;2004;6;2600
2072;4;5;2004;6;300
2073;30;4;2004;6;500
2074;29;4;2004;6;1000
2075;28;4;2004;6;400
2076;27;4;2004;5;300
2077;23;4;2004;5;500
2078;16;4;2004;4;0
2079;13;4;2004;4;300
2080;7;4;2004;4;300
2081;5;4;2004;4;600
2082;2;4;2004;4;0
2083;1;4;2004;4;0
2084;31;3;2004;3;0
2085;30;3;2004;3;600
2086;26;3;2004;3;0
2087;22;3;2004;4;400
2088;19;3;2004;4;400
2089;16;3;2004;3;200
2090;15;3;2004;4;700
2091;8;3;2004;4;200
2092;1;3;2004;4;800
2093;26;2;2004;4;500
2094;20;2;2004;4;200
2095;17;2;2004;4;1200
2096;12;2;2004;5;200
2097;6;2;2004;5;500
2098;5;2;2004;5;100
2099;4;2;2004;5;0
2100;3;2;2004;5;700
2101;27;1;2004;5;1400
2102;23;1;2004;5;600
2103;22;1;2004;6;600
2104;21;1;2004;6;200
2105;19;1;2004;7;500
2106;16;1;2004;8;1000
2107;15;1;2004;7;500
2108;14;1;2004;7;2600
2109;13;1;2004;7;1400
2110;12;1;2004;8;500
2111;9;1;2004;8;1000
2112;8;1;2004;8;600
2113;7;1;2004;8;1200
2114;6;1;2004;9;200
2115;5;1;2004;8;1700
2116;2;1;2004;8;1400
2117;1;1;2004;9;1600
2118;30;12;2003;9;800
2119;29;12;2003;9;1100
2120;26;12;2003;10;5100
2121;24;12;2003;9;8900
2122;23;12;2003;10;6200
2123;22;12;2003;9;3600
2124;19;12;2003;9;3300
2125;18;12;2003;9;3100
2126;17;12;2003;9;2700
2127;16;12;2003;9;2300
2128;15;12;2003;9;9900
2129;12;12;2003;9;3900
2130;11;12;2003;9;2800
2131;10;12;2003;9;6700
2132;9;12;2003;9;10500
2133;8;12;2003;8;8600
2134;5;12;2003;7;6600
2135;4;12;2003;6;1100
2136;3;12;2003;5;1400
2137;1;12;2003;5;400
2138;28;11;2003;5;2100
2139;27;11;2003;4;1100
2140;25;11;2003;5;2900
2141;24;11;2003;5;1300
2142;21;11;2003;4;200
2143;20;11;2003;5;600
2144;19;11;2003;5;7000
2145;18;11;2003;4;400
2146;17;11;2003;5;1000
2147;13;11;2003;5;2000
2148;12;11;2003;4;300
2149;11;11;2003;3;100
2150;10;11;2003;4;800
2151;4;11;2003;3;200
2152;29;10;2003;4;400
2153;23;10;2003;4;400
2154;22;10;2003;4;100
2155;21;10;2003;4;300
2156;20;10;2003;4;200
2157;3;10;2003;4;300
2158;1;10;2003;4;100
2159;29;9;2003;4;400
2160;26;9;2003;4;300
2161;25;9;2003;4;200
2162;24;9;2003;4;700
2163;23;9;2003;5;700
2164;22;9;2003;4;0
2165;18;9;2003;5;0
2166;12;9;2003;5;300
2167;11;9;2003;5;100
2168;9;9;2003;5;400
2169;5;9;2003;5;1000
2170;3;9;2003;5;400
2171;2;9;2003;5;1800
2172;1;9;2003;5;0
2173;29;8;2003;5;1900
2174;28;8;2003;5;1200
2175;27;8;2003;4;900
2176;26;8;2003;5;100
2177;22;8;2003;5;700
2178;21;8;2003;5;200
2179;20;8;2003;5;100
2180;19;8;2003;5;2000
2181;18;8;2003;5;4100
2182;14;8;2003;5;1200
2183;13;8;2003;5;500
2184;12;8;2003;5;700
2185;11;8;2003;5;1000
2186;8;8;2003;5;900
2187;7;8;2003;5;200
2188;5;8;2003;5;500
2189;4;8;2003;5;500
2190;1;8;2003;5;0
2191;31;7;2003;5;200
2192;30;7;2003;6;400
2193;29;7;2003;6;5400
2194;28;7;2003;5;500
2195;25;7;2003;5;0
2196;24;7;2003;5;100
2197;23;7;2003;5;400
2198;22;7;2003;5;100
2199;18;7;2003;4;500
2200;17;7;2003;5;0
2201;16;7;2003;6;700
2202;14;7;2003;6;200
2203;11;7;2003;5;1300
2204;10;7;2003;5;1100
2205;9;7;2003;6;100
2206;8;7;2003;7;1000
2207;7;7;2003;7;0
2208;2;7;2003;6;800
2209;30;6;2003;6;500
2210;27;6;2003;5;6400
2211;26;6;2003;5;1700
2212;25;6;2003;7;0
2213;24;6;2003;6;500
2214;23;6;2003;5;300
2215;20;6;2003;4;200
2216;18;6;2003;5;300
2217;17;6;2003;5;1100
2218;16;6;2003;4;200
2219;12;6;2003;5;100
2220;10;6;2003;5;300
2221;6;6;2003;4;100
2222;5;6;2003;3;200
2223;4;6;2003;4;200
2224;3;6;2003;4;700
2225;30;5;2003;5;0
2226;22;5;2003;6;400
2227;21;5;2003;6;1000
2228;20;5;2003;5;100
2229;15;5;2003;4;100
2230;14;5;2003;4;300
2231;13;5;2003;3;500
2232;9;5;2003;3;900
2233;7;5;2003;3;200
2234;8;4;2003;3;200
2235;28;3;2003;4;200
2236;26;3;2003;4;200
2237;10;3;2003;4;2000
2238;7;3;2003;4;100
2239;5;3;2003;4;0
2240;26;2;2003;5;2700
2241;25;2;2003;6;200
2242;24;2;2003;5;0
2243;18;2;2003;4;100
2244;17;2;2003;5;500
2245;14;2;2003;4;100
2246;12;2;2003;5;0
2247;6;2;2003;5;0
2248;4;2;2003;4;1100
2249;30;1;2003;4;300
2250;29;1;2003;4;900
2251;23;1;2003;4;500
2252;22;1;2003;5;200
2253;21;1;2003;5;1000
2254;20;1;2003;6;300
2255;15;1;2003;5;1600
2256;9;1;2003;4;300
2257;8;1;2003;4;0
2258;6;1;2003;4;200
2259;3;1;2003;4;100
2260;2;1;2003;4;100
2261;31;12;2002;4;300
2262;27;12;2002;4;500
2263;18;12;2002;5;600
2264;17;12;2002;5;100
2265;16;12;2002;5;200
2266;11;12;2002;5;400
2267;9;12;2002;5;100
2268;6;12;2002;6;0
2269;5;12;2002;5;100
2270;4;12;2002;5;600
2271;3;12;2002;5;200
2272;2;12;2002;5;100
2273;28;11;2002;5;500
2274;26;11;2002;5;100
2275;22;11;2002;4;300
2276;18;11;2002;5;1300
2277;15;11;2002;6;100
2278;13;11;2002;5;200
2279;12;11;2002;5;300
2280;31;10;2002;4;100
2281;24;10;2002;4;600
2282;23;10;2002;4;400
2283;22;10;2002;4;0
2284;10;10;2002;4;400
2285;9;10;2002;4;100
2286;8;10;2002;4;300
2287;4;10;2002;4;0
2288;1;10;2002;4;200
2289;30;9;2002;4;300
2290;27;9;2002;5;800
2291;25;9;2002;5;1000
2292;24;9;2002;4;500
2293;23;9;2002;5;100
2294;20;9;2002;6;300
2295;19;9;2002;6;500
2296;18;9;2002;5;800
2297;12;9;2002;6;0
2298;5;9;2002;6;100
2299;4;9;2002;5;1300
2300;3;9;2002;5;100
2301;23;8;2002;5;300
2302;22;8;2002;6;300
2303;13;8;2002;5;900
2304;12;8;2002;5;400
2305;26;6;2002;9;9400
2306;25;6;2002;8;700
2307;21;6;2002;6;700
2308;19;6;2002;7;400
2309;18;6;2002;7;300
2310;17;6;2002;7;1700
2311;11;6;2002;5;1200
2312;10;6;2002;4;1400
2313;4;6;2002;6;200
2314;16;5;2002;7;0
2315;13;5;2002;6;500
2316;10;5;2002;6;100
2317;9;5;2002;6;0
2318;8;5;2002;6;400
2319;7;5;2002;6;1600
2320;6;5;2002;6;0
2321;2;5;2002;6;100
2322;30;4;2002;5;0
2323;26;4;2002;5;0
2324;25;4;2002;5;0
2325;24;4;2002;5;100
2326;19;4;2002;5;0
2327;18;4;2002;5;600
2328;17;4;2002;5;0
2329;16;4;2002;5;200
2330;12;4;2002;5;0
2331;10;4;2002;4;0
2332;9;4;2002;4;100
2333;5;4;2002;5;100
2334;4;4;2002;4;100
2335;3;4;2002;5;0
2336;1;4;2002;5;0
2337;5;3;2002;5;500
2338;26;2;2002;5;100
2339;25;2;2002;5;100
2340;22;2;2002;5;0
2341;21;2;2002;5;200
2342;20;2;2002;5;200
2343;19;2;2002;5;0
2344;8;2;2002;5;100
2345;4;2;2002;5;100
2346;25;1;2002;5;200
2347;24;1;2002;5;100
2348;14;1;2002;7;400
2349;4;12;2000;7;300
2350;29;11;2000;7;100
2351;28;11;2000;6;1000
2352;21;11;2000;8;0
2353;20;11;2000;8;0
2354;17;11;2000;8;0
2355;16;11;2000;8;0
2356;15;11;2000;8;0
2357;14;11;2000;8;200
2358;13;11;2000;7;0
2359;10;11;2000;7;0
2360;9;11;2000;7;0
2361;8;11;2000;7;0
2362;7;11;2000;7;0
2363;6;11;2000;7;0
2364;3;11;2000;7;0
2365;2;11;2000;7;0
2366;1;11;2000;7;0
2367;31;10;2000;7;0
2368;30;10;2000;7;0
2369;27;10;2000;7;0
2370;26;10;2000;7;0
2371;25;10;2000;7;0
2372;24;10;2000;7;0
2373;23;10;2000;7;0
2374;20;10;2000;7;0
2375;19;10;2000;7;0
2376;18;10;2000;7;100
