1;24;10;2013;12.23;400
2;23;10;2013;12.87;100
3;22;10;2013;13.54;0
4;21;10;2013;14.25;4700
5;18;10;2013;14.59;0
6;17;10;2013;14.59;8400
7;16;10;2013;13.9;0
8;15;10;2013;13.9;1200
9;14;10;2013;13.38;0
10;11;10;2013;12.75;0
11;10;10;2013;12.15;1200
12;9;10;2013;11.6;0
13;8;10;2013;11.1;100
14;7;10;2013;10.68;100
15;4;10;2013;10.18;0
16;3;10;2013;9.7;0
17;2;10;2013;9.7;0
18;1;10;2013;9.7;0
19;30;9;2013;9.7;0
20;27;9;2013;9.7;0
21;26;9;2013;10;1000
22;25;9;2013;10.1;0
23;24;9;2013;10.1;0
24;23;9;2013;10.1;0
25;20;9;2013;10.1;700
26;19;9;2013;10.1;0
27;18;9;2013;10.1;200
28;17;9;2013;10.25;100
29;16;9;2013;10.69;0
30;13;9;2013;10.69;100
31;12;9;2013;11.25;300
32;11;9;2013;10.74;900
33;10;9;2013;11.3;0
34;9;9;2013;11.8;0
35;6;9;2013;11.8;0
36;5;9;2013;11.8;0
37;4;9;2013;11.85;0
38;3;9;2013;11.9;900
39;2;9;2013;11.9;0
40;30;8;2013;11.9;0
41;29;8;2013;11.9;0
42;28;8;2013;12.3;0
43;27;8;2013;11.8;0
44;26;8;2013;11.28;0
45;23;8;2013;10.75;2600
46;22;8;2013;10.43;500
47;21;8;2013;10;3500
48;20;8;2013;10;0
49;19;8;2013;10;100
50;16;8;2013;10;0
51;15;8;2013;10;0
52;14;8;2013;10;0
53;13;8;2013;10;100
54;12;8;2013;10;600
55;9;8;2013;10.25;0
56;8;8;2013;10.25;0
57;7;8;2013;10.25;0
58;6;8;2013;10.55;700
59;5;8;2013;10.55;0
60;2;8;2013;10.55;200
61;1;8;2013;11.1;0
62;31;7;2013;11.1;0
63;30;7;2013;11.1;0
64;29;7;2013;11.3;1200
65;26;7;2013;11.25;400
66;25;7;2013;11.81;1000
67;24;7;2013;12.2;200
68;23;7;2013;12.75;100
69;22;7;2013;12.78;600
70;19;7;2013;13.45;5000
71;18;7;2013;13.25;0
72;17;7;2013;13.25;0
73;16;7;2013;13.05;0
74;15;7;2013;13.05;300
75;12;7;2013;13.25;1500
76;11;7;2013;12.75;600
77;10;7;2013;12.5;500
78;9;7;2013;13;0
79;8;7;2013;13;0
80;5;7;2013;13;0
81;4;7;2013;13;0
82;3;7;2013;13;0
83;2;7;2013;13;0
84;1;7;2013;13;0
85;28;6;2013;13;0
86;27;6;2013;13;0
87;26;6;2013;13;0
88;25;6;2013;13;0
89;24;6;2013;13;0
90;21;6;2013;13;0
91;20;6;2013;13;0
92;19;6;2013;13;0
93;18;6;2013;13;0
94;17;6;2013;13;0
95;14;6;2013;13;0
96;13;6;2013;13;500
97;12;6;2013;13;0
98;11;6;2013;13;100
99;10;6;2013;12.95;0
100;7;6;2013;12.95;4000
101;6;6;2013;12.81;200
102;5;6;2013;13;100
103;4;6;2013;13;400
104;3;6;2013;13.35;5300
105;31;5;2013;14.05;2600
106;30;5;2013;14.74;0
107;29;5;2013;14.5;0
108;28;5;2013;14.85;1000
109;27;5;2013;14.26;4000
110;24;5;2013;15;0
111;23;5;2013;14.94;0
112;22;5;2013;14.94;200
113;21;5;2013;14.23;0
114;20;5;2013;14.23;0
115;17;5;2013;14.23;300
116;16;5;2013;14.97;0
117;15;5;2013;14.97;0
118;14;5;2013;14.97;100
119;13;5;2013;15.75;0
120;10;5;2013;15.75;0
121;9;5;2013;15.75;0
122;8;5;2013;15;0
123;7;5;2013;15;0
124;6;5;2013;15;0
125;3;5;2013;15.4;0
126;2;5;2013;15.4;0
127;1;5;2013;14.73;0
128;30;4;2013;14.73;1200
129;29;4;2013;15.5;0
130;26;4;2013;15.1;0
131;25;4;2013;15.1;0
132;24;4;2013;15.1;0
133;23;4;2013;15.1;2200
134;22;4;2013;14.43;0
135;19;4;2013;13.75;0
136;18;4;2013;13.75;100
137;17;4;2013;13.49;100
138;16;4;2013;13;100
139;15;4;2013;12.58;0
140;12;4;2013;12.58;600
141;11;4;2013;12;0
142;10;4;2013;12;0
143;9;4;2013;11.5;1100
144;8;4;2013;12.05;0
145;5;4;2013;12.05;1100
146;4;4;2013;12.68;0
147;3;4;2013;12.68;300
148;2;4;2013;13.34;1000
149;1;4;2013;13.45;700
150;29;3;2013;13.19;0
151;28;3;2013;13.19;1200
152;27;3;2013;12.8;0
153;26;3;2013;12.8;500
154;25;3;2013;12.8;3600
155;22;3;2013;12.68;100
156;21;3;2013;12.6;400
157;20;3;2013;12.45;0
158;19;3;2013;12.4;1000
159;18;3;2013;11.86;100
160;15;3;2013;12.48;1800
161;14;3;2013;12.28;100
162;13;3;2013;11.98;0
163;12;3;2013;11.88;6100
164;11;3;2013;11.55;2300
165;8;3;2013;11.67;2800
166;7;3;2013;11.13;1100
167;6;3;2013;10.6;1600
168;5;3;2013;10.33;4500
169;4;3;2013;11.43;900
170;1;3;2013;12.01;6700
171;28;2;2013;12.85;4900
172;27;2;2013;14.1;100
173;26;2;2013;14.39;0
174;25;2;2013;14.4;200
175;22;2;2013;13.41;200
176;21;2;2013;14.35;200
177;20;2;2013;14.38;400
178;19;2;2013;14.47;600
179;18;2;2013;14.43;100
180;15;2;2013;13.24;0
181;14;2;2013;13.24;1000
182;13;2;2013;14.7;500
183;12;2;2013;13.5;1000
184;11;2;2013;13.56;2500
185;8;2;2013;14.89;0
186;7;2;2013;14.89;0
187;6;2;2013;14.07;100
188;5;2;2013;14.89;100
189;4;2;2013;14.18;300
190;1;2;2013;14.51;3100
191;31;1;2013;14.03;1800
192;30;1;2013;14.46;2000
193;29;1;2013;14.51;1800
194;28;1;2013;14.84;1300
195;25;1;2013;15.1;1000
196;24;1;2013;14.41;500
197;23;1;2013;15.19;500
198;22;1;2013;15.1;4600
199;21;1;2013;15.39;5200
200;18;1;2013;14.3;1100
201;17;1;2013;15.07;2200
202;16;1;2013;14.36;2400
203;15;1;2013;15.17;4200
204;14;1;2013;15.49;4100
205;11;1;2013;15.45;100
206;10;1;2013;14.94;1200
207;9;1;2013;15.57;8100
208;8;1;2013;15.8;2600
209;7;1;2013;15.84;4500
210;4;1;2013;15.8;5800
211;3;1;2013;15.47;12200
212;2;1;2013;14.79;4700
213;1;1;2013;14.9;200
214;31;12;2012;14.87;1200
215;28;12;2012;15.18;1600
216;27;12;2012;14.18;800
217;26;12;2012;15.25;500
218;25;12;2012;15.09;0
219;24;12;2012;15.09;1400
220;21;12;2012;14.55;1900
221;20;12;2012;14.67;1300
222;19;12;2012;14.81;400
223;18;12;2012;14.63;300
224;17;12;2012;14.89;300
225;14;12;2012;15.19;0
226;13;12;2012;14.83;1400
227;12;12;2012;15.46;0
228;11;12;2012;15.36;900
229;10;12;2012;15.39;700
230;7;12;2012;15.1;1900
231;6;12;2012;14.85;800
232;5;12;2012;15;1300
233;4;12;2012;15.45;300
234;3;12;2012;14.53;1600
235;30;11;2012;15;600
236;29;11;2012;14.8;1600
237;28;11;2012;15.23;0
238;27;11;2012;15.23;1900
239;26;11;2012;14.85;2300
240;23;11;2012;15.06;900
241;22;11;2012;15.45;900
242;21;11;2012;14.8;1600
243;20;11;2012;15.4;100
244;19;11;2012;15.2;2100
245;16;11;2012;15.18;5500
246;15;11;2012;15.31;5200
247;14;11;2012;15.04;0
248;13;11;2012;15.04;0
249;12;11;2012;15.04;600
250;9;11;2012;15.18;1700
251;8;11;2012;14.21;200
252;7;11;2012;14.6;2500
253;6;11;2012;15.4;500
254;5;11;2012;15.49;0
255;2;11;2012;15.49;300
256;1;11;2012;15.39;0
257;31;10;2012;14.61;800
258;30;10;2012;15.5;0
259;29;10;2012;15.5;0
260;26;10;2012;14.5;2200
261;25;10;2012;14.94;1000
262;24;10;2012;15.02;0
263;23;10;2012;15.02;600
264;22;10;2012;15.35;1800
265;19;10;2012;15.15;1300
266;18;10;2012;15.05;1000
267;17;10;2012;15.2;400
268;16;10;2012;15.2;600
269;15;10;2012;15.28;100
270;12;10;2012;15.35;300
271;11;10;2012;15.24;700
272;10;10;2012;15.14;400
273;9;10;2012;14.55;4300
274;8;10;2012;15.4;2200
275;5;10;2012;14.8;1800
276;4;10;2012;15.95;2900
277;3;10;2012;14.95;100
278;2;10;2012;14.97;0
279;1;10;2012;14.97;3300
280;28;9;2012;14.72;3900
281;27;9;2012;14.5;8300
282;26;9;2012;14.94;1600
283;25;9;2012;15.53;5000
284;24;9;2012;15.24;900
285;21;9;2012;15;1600
286;20;9;2012;15.03;2800
287;19;9;2012;15.2;0
288;18;9;2012;15.2;100
289;17;9;2012;14.4;500
290;14;9;2012;14.85;3700
291;13;9;2012;14.3;2100
292;12;9;2012;14.1;600
293;11;9;2012;14.44;1200
294;10;9;2012;14.5;0
295;7;9;2012;14.35;600
296;6;9;2012;13.9;1700
297;5;9;2012;13.41;1200
298;4;9;2012;13.63;1300
299;3;9;2012;13.81;1300
300;31;8;2012;14.2;3800
301;30;8;2012;14.2;4300
302;29;8;2012;14.25;10700
303;28;8;2012;14.45;1000
304;27;8;2012;15.65;200
305;24;8;2012;15;600
306;23;8;2012;15.8;1000
307;22;8;2012;15.3;300
308;21;8;2012;15.15;1700
309;20;8;2012;15.55;0
310;17;8;2012;15.55;1000
311;16;8;2012;15.55;600
312;15;8;2012;15.95;0
313;14;8;2012;15.95;1600
314;13;8;2012;15.75;1300
315;10;8;2012;15.7;3500
316;9;8;2012;15.1;4600
317;8;8;2012;15.25;100
318;7;8;2012;15.55;700
319;6;8;2012;15.6;300
320;3;8;2012;15.1;200
321;2;8;2012;15.7;1800
322;1;8;2012;15.05;1000
323;31;7;2012;15.58;300
324;30;7;2012;15.6;4800
325;27;7;2012;15.46;100
326;26;7;2012;15.4;4900
327;25;7;2012;15.6;0
328;24;7;2012;15.22;6200
329;23;7;2012;15.24;4500
330;20;7;2012;15.69;100
331;19;7;2012;15.73;1000
332;18;7;2012;15.08;4600
333;17;7;2012;15.01;2600
334;16;7;2012;15.92;4300
335;13;7;2012;15.25;1600
336;12;7;2012;15.75;500
337;11;7;2012;15.81;3100
338;10;7;2012;15.91;7000
339;9;7;2012;15.04;1500
340;6;7;2012;15.79;1900
341;5;7;2012;16.12;9400
342;4;7;2012;16.1;28600
343;3;7;2012;15.08;27700
344;2;7;2012;13.84;43100
345;29;6;2012;13.7;25100
346;28;6;2012;13.8;28800
347;27;6;2012;13.75;3100
348;26;6;2012;13.75;3700
349;25;6;2012;13.75;17500
350;22;6;2012;13.75;3600
351;21;6;2012;13.7;19000
352;20;6;2012;13.75;3200
353;19;6;2012;13.75;4400
354;18;6;2012;13.8;2600
355;15;6;2012;13.95;20500
356;14;6;2012;14.65;6700
357;13;6;2012;14.8;21400
358;12;6;2012;14.85;16800
359;11;6;2012;15.55;38900
360;8;6;2012;15.5;21400
361;7;6;2012;15.55;4700
362;6;6;2012;16;9800
363;5;6;2012;16.15;5600
364;4;6;2012;15.8;8100
365;1;6;2012;17;1300
366;31;5;2012;18;600
367;30;5;2012;18;100
368;29;5;2012;17.5;11800
369;28;5;2012;18;700
370;25;5;2012;18;3100
371;24;5;2012;17.55;4100
372;23;5;2012;18.7;18500
373;22;5;2012;19;1000
374;21;5;2012;18.35;200
375;18;5;2012;18.95;900
376;17;5;2012;18.95;9000
377;16;5;2012;18.9;2700
378;15;5;2012;19.9;12900
379;14;5;2012;20;1700
380;11;5;2012;21;1000
381;10;5;2012;22.35;1800
382;9;5;2012;20.6;1200
383;8;5;2012;20.55;1000
384;7;5;2012;22.45;1200
385;4;5;2012;24.5;2400
386;3;5;2012;23.7;5800
387;2;5;2012;24.95;6100
388;1;5;2012;24.05;0
389;30;4;2012;25;11300
390;27;4;2012;26.1;300
391;26;4;2012;25.5;2100
392;25;4;2012;25.5;6700
393;24;4;2012;25.35;17600
394;23;4;2012;24.55;9700
395;20;4;2012;25.5;11600
396;19;4;2012;23.2;13200
397;18;4;2012;24.85;25400
398;17;4;2012;25.45;37600
399;16;4;2012;23.15;21200
400;13;4;2012;19.3;35600
401;12;4;2012;16.1;300
402;11;4;2012;16.1;500
403;10;4;2012;16.6;100
404;9;4;2012;16.05;200
405;6;4;2012;16.35;0
406;5;4;2012;16.35;0
407;4;4;2012;16.35;100
408;3;4;2012;16.35;300
409;2;4;2012;15.8;100
410;30;3;2012;17.15;1600
411;29;3;2012;17;100
412;28;3;2012;16.05;1100
413;27;3;2012;15.8;1300
414;26;3;2012;17.35;0
415;23;3;2012;17.35;4000
416;22;3;2012;16.85;18900
417;21;3;2012;15.6;37300
418;20;3;2012;15.35;36200
419;19;3;2012;16.5;32800
420;16;3;2012;16.4;2100
421;15;3;2012;17.05;1700
422;14;3;2012;17.3;1500
423;13;3;2012;17.5;2500
424;12;3;2012;17.55;3800
425;9;3;2012;18.05;38800
426;8;3;2012;18.2;0
427;7;3;2012;18.2;100
428;6;3;2012;18.1;900
429;5;3;2012;18.2;200
430;2;3;2012;17.9;900
431;1;3;2012;18;1400
432;29;2;2012;18.75;4400
433;28;2;2012;18.8;100
434;27;2;2012;18;900
435;24;2;2012;18.25;1100
436;23;2;2012;18.95;3100
437;22;2;2012;18.85;300
438;21;2;2012;18.6;700
439;20;2;2012;18.8;0
440;17;2;2012;18.8;1700
441;16;2;2012;18.8;400
442;15;2;2012;19.5;200
443;14;2;2012;19.2;1800
444;13;2;2012;19.35;200
445;10;2;2012;19.15;1400
446;9;2;2012;18.7;3400
447;8;2;2012;19.1;400
448;7;2;2012;19.35;1700
449;6;2;2012;19.6;1400
450;3;2;2012;19;700
451;2;2;2012;19.3;2200
452;1;2;2012;19.2;500
453;31;1;2012;18.85;100
454;30;1;2012;18.25;600
455;27;1;2012;18.85;300
456;26;1;2012;18.85;0
457;25;1;2012;18.85;200
458;24;1;2012;18.2;3100
459;23;1;2012;19.7;0
460;20;1;2012;19.95;200
461;19;1;2012;20;2000
462;18;1;2012;19.55;0
463;17;1;2012;19.4;300
464;16;1;2012;20.15;0
465;13;1;2012;20.15;100
466;12;1;2012;19.15;33100
467;11;1;2012;19.5;32000
468;10;1;2012;20.2;34400
469;9;1;2012;17.95;200
470;6;1;2012;18.1;300
471;5;1;2012;17.2;0
472;4;1;2012;17.2;100
473;3;1;2012;18.1;200
474;2;1;2012;18.9;0
475;30;12;2011;17.5;200
476;29;12;2011;18.9;100
477;28;12;2011;17.45;1000
478;27;12;2011;18.75;1300
479;26;12;2011;19;1200
480;23;12;2011;18;200
481;22;12;2011;16.4;23000
482;21;12;2011;17;20600
483;20;12;2011;16.85;1000
484;19;12;2011;17.2;100
485;16;12;2011;18.5;200
486;15;12;2011;19;100
487;14;12;2011;18.5;0
488;13;12;2011;17.7;13500
489;12;12;2011;18;1000
490;9;12;2011;18.95;700
491;8;12;2011;17.45;0
492;7;12;2011;17.45;6400
493;6;12;2011;17.1;0
494;5;12;2011;17.1;12700
495;2;12;2011;16.9;13700
496;1;12;2011;17.5;0
497;30;11;2011;18.25;0
498;29;11;2011;17.7;500
499;28;11;2011;18.95;19500
500;25;11;2011;17.4;12800
501;24;11;2011;17.1;3100
502;23;11;2011;17.75;7100
503;22;11;2011;18.3;700
504;21;11;2011;18;400
505;18;11;2011;17.85;1000
506;17;11;2011;19;3500
507;16;11;2011;21;200
508;15;11;2011;21.25;2300
509;14;11;2011;22.95;600
510;11;11;2011;21.6;1300
511;9;11;2011;21.6;400
512;8;11;2011;21.3;700
513;4;11;2011;21.5;2500
514;3;11;2011;22;800
515;2;11;2011;22;0
516;31;10;2011;21.75;1500
517;28;10;2011;22.8;700
518;25;10;2011;22;100
519;24;10;2011;21.15;900
520;21;10;2011;21.75;300
521;20;10;2011;22.9;4200
522;19;10;2011;22.05;500
523;18;10;2011;22.45;1300
524;17;10;2011;22.95;0
525;14;10;2011;22.35;500
526;13;10;2011;23.45;4000
527;12;10;2011;23;2600
528;11;10;2011;22.65;2800
529;10;10;2011;21.85;5300
530;7;10;2011;23.4;3400
531;5;10;2011;21.15;200
532;4;10;2011;22.05;0
533;3;10;2011;22.75;1000
534;30;9;2011;22.7;1000
535;29;9;2011;23.8;0
536;28;9;2011;22.5;0
537;27;9;2011;22.55;200
538;26;9;2011;22.6;2500
539;23;9;2011;22.9;1600
540;21;9;2011;24.2;500
541;20;9;2011;24.05;100
542;19;9;2011;24.9;400
543;16;9;2011;25.5;200
544;15;9;2011;24.9;100
545;14;9;2011;23.45;600
546;13;9;2011;24.5;800
547;12;9;2011;24.3;500
548;9;9;2011;24.5;200
549;8;9;2011;24.5;0
550;6;9;2011;25;800
551;5;9;2011;25;300
552;2;9;2011;24.25;300
553;30;8;2011;25;200
554;29;8;2011;25;100
555;26;8;2011;23.55;100
556;25;8;2011;24.05;300
557;24;8;2011;25.7;200
558;23;8;2011;25.7;100
559;22;8;2011;25.85;200
560;19;8;2011;23.85;900
561;18;8;2011;24;200
562;17;8;2011;24.8;1300
563;16;8;2011;24.3;1100
564;12;8;2011;25.5;1200
565;11;8;2011;24.25;1400
566;10;8;2011;24.7;3300
567;9;8;2011;23.9;9700
568;8;8;2011;25.1;3800
569;5;8;2011;27.7;4100
570;4;8;2011;29.3;25100
571;3;8;2011;28;4700
572;2;8;2011;28.5;10600
573;1;8;2011;27.45;400
574;29;7;2011;26.75;800
575;28;7;2011;28.2;3000
576;27;7;2011;28.3;4000
577;26;7;2011;27.2;3100
578;25;7;2011;28.55;600
579;22;7;2011;28.3;2300
580;21;7;2011;27.45;2200
581;20;7;2011;28.25;4300
582;19;7;2011;29.55;2400
583;18;7;2011;29.5;13400
584;15;7;2011;29.05;6500
585;14;7;2011;28.6;3900
586;13;7;2011;28.75;2300
587;12;7;2011;28.65;14400
588;11;7;2011;28.95;2300
589;8;7;2011;28.9;7600
590;7;7;2011;29.45;17800
591;6;7;2011;29.55;27700
592;5;7;2011;29.75;39300
593;4;7;2011;27.7;21600
594;1;7;2011;23.1;100
595;30;6;2011;24.25;200
596;28;6;2011;22.4;2900
597;27;6;2011;23.35;100
598;24;6;2011;23.5;600
599;23;6;2011;23.1;1100
600;22;6;2011;23.25;0
601;21;6;2011;23;1000
602;20;6;2011;23;500
603;17;6;2011;24.9;800
604;16;6;2011;25;300
605;15;6;2011;24.25;900
606;14;6;2011;24.3;6400
607;13;6;2011;24.95;100
608;10;6;2011;24.3;800
609;9;6;2011;25.15;0
610;8;6;2011;24;4400
611;7;6;2011;25.75;600
612;6;6;2011;25.95;1300
613;3;6;2011;24.5;300
614;2;6;2011;24.85;800
615;1;6;2011;24.05;600
616;31;5;2011;25.2;1000
617;30;5;2011;25.15;1500
618;27;5;2011;24.1;5100
619;26;5;2011;24;200
620;25;5;2011;23.5;1200
621;24;5;2011;24.5;100
622;23;5;2011;24.25;1300
623;20;5;2011;24;200
624;19;5;2011;24;1200
625;18;5;2011;25.2;1200
626;17;5;2011;24.35;1700
627;16;5;2011;24.4;200
628;13;5;2011;25.4;100
629;12;5;2011;25;200
630;11;5;2011;24.4;100
631;10;5;2011;24.4;700
632;9;5;2011;25.75;1400
633;6;5;2011;24.55;2400
634;5;5;2011;24.5;1300
635;4;5;2011;24.45;600
636;3;5;2011;25.35;2000
637;2;5;2011;24.05;1300
638;29;4;2011;23.9;200
639;28;4;2011;24.6;1400
640;27;4;2011;24.4;900
641;26;4;2011;24.9;2400
642;25;4;2011;24.9;3300
643;21;4;2011;25.3;3000
644;20;4;2011;25.65;1400
645;19;4;2011;26;400
646;18;4;2011;26.5;700
647;15;4;2011;26.75;1100
648;13;4;2011;25.6;2900
649;11;4;2011;25.85;5300
650;8;4;2011;27.9;600
651;7;4;2011;26.65;1300
652;6;4;2011;26.6;4200
653;5;4;2011;26.8;2400
654;4;4;2011;26.25;700
655;1;4;2011;25.35;300
656;31;3;2011;25;800
657;30;3;2011;25.65;4300
658;29;3;2011;24.15;29500
659;28;3;2011;25.4;17700
660;25;3;2011;26.5;12700
661;24;3;2011;26.5;25200
662;23;3;2011;26.45;12400
663;22;3;2011;27;700
664;21;3;2011;27.25;13200
665;18;3;2011;27.05;4800
666;17;3;2011;26.9;2700
667;16;3;2011;27.7;10100
668;15;3;2011;28.9;21800
669;14;3;2011;28.3;1700
670;11;3;2011;28.3;11900
671;10;3;2011;27.45;2000
672;9;3;2011;27.35;14300
673;8;3;2011;26.3;8200
674;7;3;2011;26.45;0
675;4;3;2011;26.5;1200
676;3;3;2011;26.65;4500
677;1;3;2011;27.05;5400
678;28;2;2011;26.9;1000
679;25;2;2011;25.2;0
680;24;2;2011;25.75;4300
681;23;2;2011;25.95;500
682;22;2;2011;26.5;1300
683;21;2;2011;26.8;7500
684;18;2;2011;26;500
685;17;2;2011;27.8;1400
686;16;2;2011;27.65;11700
687;15;2;2011;25;7900
688;14;2;2011;25.4;1000
689;11;2;2011;25.35;9800
690;10;2;2011;24;9800
691;9;2;2011;23.5;12500
692;8;2;2011;24.8;5300
693;7;2;2011;26;5600
694;4;2;2011;25.4;11600
695;3;2;2011;25.75;7900
696;2;2;2011;26.4;12000
697;1;2;2011;25.15;3900
698;31;1;2011;25.5;1600
699;28;1;2011;26.7;700
700;27;1;2011;28.5;200
701;25;1;2011;28.4;2400
702;24;1;2011;28.25;2000
703;21;1;2011;28.55;1600
704;20;1;2011;28.7;20500
705;19;1;2011;28.75;22000
706;18;1;2011;25.6;2100
707;17;1;2011;26.5;2900
708;14;1;2011;26.4;33700
709;13;1;2011;27.7;1900
710;12;1;2011;27.5;5900
711;11;1;2011;28.25;7900
712;10;1;2011;27.2;1000
713;7;1;2011;27.2;6800
714;6;1;2011;27.55;2800
715;5;1;2011;27.6;200
716;4;1;2011;28.65;200
717;3;1;2011;28.4;2800
718;31;12;2010;27.8;11600
719;30;12;2010;27.5;200
720;29;12;2010;27.45;1000
721;28;12;2010;27.9;100
722;27;12;2010;27.55;500
723;24;12;2010;27.9;0
724;23;12;2010;27.5;500
725;22;12;2010;28;4200
726;21;12;2010;26.6;4200
727;20;12;2010;26.55;500
728;16;12;2010;27.5;1200
729;15;12;2010;27.2;2700
730;14;12;2010;27.75;2800
731;13;12;2010;27.65;5900
732;10;12;2010;25.55;700
733;9;12;2010;24.6;4200
734;8;12;2010;26.25;4000
735;7;12;2010;27.85;1200
736;6;12;2010;28.25;900
737;3;12;2010;27.9;3200
738;2;12;2010;28.25;13200
739;1;12;2010;28.2;25400
740;30;11;2010;26;8000
741;29;11;2010;25.75;69200
742;26;11;2010;28.3;5600
743;25;11;2010;28.4;35100
744;24;11;2010;29.6;2600
745;23;11;2010;29.6;10800
746;22;11;2010;29.6;8400
747;19;11;2010;29.35;6100
748;18;11;2010;30.3;13500
749;16;11;2010;30.25;27100
750;15;11;2010;31.8;18100
751;12;11;2010;31.4;52500
752;11;11;2010;33.1;14600
753;10;11;2010;33.35;16500
754;9;11;2010;33.6;55600
755;8;11;2010;32.65;54600
756;5;11;2010;32.75;3900
757;4;11;2010;32.75;24800
758;3;11;2010;32.75;68500
759;2;11;2010;31.85;6600
760;1;11;2010;32.65;15900
761;29;10;2010;31.6;10100
762;28;10;2010;32;500
763;27;10;2010;32.1;43000
764;26;10;2010;31.9;4000
765;25;10;2010;31.8;9900
766;22;10;2010;31.4;6000
767;21;10;2010;32.15;9000
768;20;10;2010;30.35;1400
769;19;10;2010;30.9;5400
770;18;10;2010;31.45;2600
771;15;10;2010;31.3;10900
772;14;10;2010;31.95;24800
773;13;10;2010;33.25;28500
774;12;10;2010;32.1;12900
775;11;10;2010;31.7;4600
776;8;10;2010;32;6200
777;7;10;2010;32.85;10100
778;6;10;2010;32.65;11900
779;5;10;2010;33.2;22400
780;4;10;2010;32;15800
781;1;10;2010;31.3;14700
782;30;9;2010;31.75;4600
783;29;9;2010;31.6;3800
784;28;9;2010;31.3;7200
785;27;9;2010;32.8;10100
786;24;9;2010;32.4;11200
787;23;9;2010;32.6;2500
788;22;9;2010;32.95;6800
789;21;9;2010;33;6100
790;20;9;2010;33.4;1700
791;17;9;2010;33.3;19200
792;16;9;2010;33.35;2700
793;15;9;2010;33.35;10100
794;14;9;2010;33.35;7400
795;13;9;2010;33.1;11300
796;9;9;2010;33.4;15700
797;8;9;2010;33.55;25500
798;7;9;2010;33.6;23800
799;6;9;2010;34;18200
800;3;9;2010;34.5;21900
801;2;9;2010;35.15;16700
802;1;9;2010;37;14700
803;31;8;2010;34.55;3900
804;30;8;2010;34.9;6400
805;27;8;2010;35.15;10800
806;26;8;2010;35.9;16900
807;25;8;2010;36.95;9000
808;24;8;2010;38.85;68200
809;23;8;2010;36.8;25000
810;20;8;2010;35.55;22900
811;19;8;2010;34.2;17200
812;18;8;2010;34.05;4500
813;17;8;2010;34.55;10700
814;16;8;2010;35.95;9100
815;13;8;2010;35.75;5100
816;12;8;2010;35.05;5600
817;11;8;2010;35.7;10500
818;10;8;2010;37.3;18500
819;9;8;2010;38.6;45100
820;6;8;2010;37.55;72800
821;5;8;2010;35.8;24100
822;4;8;2010;33.85;4700
823;3;8;2010;33.8;11800
824;2;8;2010;34.05;5500
825;30;7;2010;34.15;7100
826;29;7;2010;34.8;16800
827;28;7;2010;34.2;4400
828;27;7;2010;34.1;3000
829;26;7;2010;34.6;16100
830;23;7;2010;33.25;3300
831;22;7;2010;33.55;800
832;21;7;2010;32.7;7100
833;20;7;2010;34.2;3800
834;19;7;2010;34.75;4200
835;16;7;2010;34.55;7800
836;15;7;2010;35.05;4000
837;14;7;2010;35.3;17300
838;13;7;2010;35.15;45800
839;12;7;2010;33.45;5800
840;9;7;2010;33.9;9900
841;8;7;2010;33.95;9700
842;7;7;2010;33.4;3200
843;6;7;2010;33.15;7500
844;5;7;2010;33.85;3000
845;2;7;2010;35.1;4000
846;1;7;2010;34.95;7100
847;30;6;2010;35.85;24700
848;29;6;2010;34.6;26200
849;28;6;2010;37.45;107100
850;25;6;2010;36.3;55600
851;24;6;2010;30.25;11800
852;23;6;2010;28.7;3400
853;22;6;2010;27.9;1900
854;21;6;2010;27.8;1400
855;18;6;2010;28;4100
856;17;6;2010;28.55;600
857;16;6;2010;28.8;2000
858;15;6;2010;29;1400
859;14;6;2010;29.55;3400
860;11;6;2010;28.4;800
861;10;6;2010;28.4;4100
862;9;6;2010;28.25;200
863;8;6;2010;28.75;500
864;7;6;2010;28.95;2900
865;4;6;2010;29;400
866;3;6;2010;28.9;3000
867;2;6;2010;28.5;12100
868;1;6;2010;28.15;21400
869;31;5;2010;27.4;1900
870;28;5;2010;28.2;1700
871;27;5;2010;28.15;1600
872;26;5;2010;28.65;700
873;25;5;2010;28.45;4600
874;24;5;2010;29.65;5000
875;21;5;2010;28.25;5100
876;20;5;2010;29.1;25300
877;19;5;2010;29;1000
878;18;5;2010;29.05;1600
879;17;5;2010;28.95;3800
880;14;5;2010;30.1;14100
881;13;5;2010;29.55;2600
882;12;5;2010;30.4;4900
883;11;5;2010;30.85;4500
884;10;5;2010;31.5;25100
885;7;5;2010;27.8;4400
886;6;5;2010;29.05;3200
887;5;5;2010;28.8;15300
888;4;5;2010;30.2;4300
889;3;5;2010;30.95;7600
890;30;4;2010;30.65;3600
891;29;4;2010;30.55;4000
892;28;4;2010;31.05;5400
893;27;4;2010;31.3;5300
894;26;4;2010;31.35;4100
895;23;4;2010;31.35;8700
896;22;4;2010;32.65;8200
897;21;4;2010;33.35;33600
898;20;4;2010;31.95;4900
899;19;4;2010;30.5;2800
900;16;4;2010;31.1;5900
901;15;4;2010;31.7;3200
902;13;4;2010;32.5;5900
903;12;4;2010;31.3;4600
904;9;4;2010;31.65;14600
905;8;4;2010;30.8;10800
906;7;4;2010;30.7;9300
907;6;4;2010;31.3;12100
908;5;4;2010;31;4900
909;1;4;2010;31.15;14400
910;31;3;2010;28.65;4900
911;30;3;2010;28.6;1600
912;29;3;2010;28.35;2300
913;26;3;2010;28.95;5700
914;25;3;2010;30.3;8200
915;23;3;2010;28.85;4400
916;22;3;2010;28.7;2700
917;19;3;2010;29.05;22500
918;18;3;2010;29;2700
919;17;3;2010;29.1;28700
920;16;3;2010;28.7;3600
921;15;3;2010;29.5;2500
922;12;3;2010;29.85;4300
923;11;3;2010;29.75;22800
924;10;3;2010;30.1;1900
925;9;3;2010;30.5;6000
926;8;3;2010;31.85;34900
927;5;3;2010;31.4;38800
928;4;3;2010;32.75;14500
929;3;3;2010;31.85;4700
930;2;3;2010;30.35;2700
931;26;2;2010;28.95;3300
932;25;2;2010;28.85;800
933;24;2;2010;28.7;1300
934;23;2;2010;29.1;2500
935;22;2;2010;29.6;2700
936;19;2;2010;31.1;4000
937;18;2;2010;32.65;9800
938;17;2;2010;31.1;4700
939;16;2;2010;29.65;1700
940;15;2;2010;29.35;1600
941;11;2;2010;29.6;2100
942;10;2;2010;29.85;1900
943;9;2;2010;29.6;1500
944;8;2;2010;29.75;1600
945;5;2;2010;29.85;2800
946;4;2;2010;31.25;5800
947;3;2;2010;31.5;6000
948;2;2;2010;31.1;9600
949;1;2;2010;31.55;2300
950;29;1;2010;30.05;10400
951;28;1;2010;28.65;11200
952;27;1;2010;30.1;10700
953;25;1;2010;31;6800
954;22;1;2010;31.65;7300
955;21;1;2010;32.6;4600
956;20;1;2010;32.6;5500
957;19;1;2010;33.15;7200
958;18;1;2010;34;6700
959;15;1;2010;35;4500
960;14;1;2010;35.5;10400
961;13;1;2010;35;6100
962;12;1;2010;35.1;9900
963;11;1;2010;35.85;12800
964;8;1;2010;35.7;15300
965;7;1;2010;36.95;18000
966;6;1;2010;36.1;38900
967;5;1;2010;35;48600
968;4;1;2010;34.5;4400
969;31;12;2009;34.65;18500
970;30;12;2009;34.6;34700
971;24;12;2009;31.15;4700
972;23;12;2009;30.8;6700
973;22;12;2009;31.25;3400
974;21;12;2009;31.75;7500
975;18;12;2009;31.6;4700
976;17;12;2009;32.4;4300
977;16;12;2009;32;5300
978;15;12;2009;32.2;9900
979;14;12;2009;33;10400
980;11;12;2009;33.1;8300
981;10;12;2009;33;5500
982;9;12;2009;32.35;3600
983;8;12;2009;31.6;9400
984;7;12;2009;32.5;10700
985;4;12;2009;32.8;7100
986;3;12;2009;32.1;8900
987;2;12;2009;32.85;6800
988;1;12;2009;32.9;9600
989;30;11;2009;32.25;12100
990;27;11;2009;31.95;7300
991;26;11;2009;32.8;11900
992;25;11;2009;33.15;8200
993;24;11;2009;33.9;8500
994;23;11;2009;33.5;5400
995;20;11;2009;33.55;11000
996;19;11;2009;33.05;11200
997;18;11;2009;34.25;8500
998;17;11;2009;34;7600
999;16;11;2009;34;30600
1000;13;11;2009;34.55;16300
1001;12;11;2009;36.35;13500
1002;11;11;2009;38.25;81100
1003;6;11;2009;36.55;29800
1004;29;10;2009;28.75;30300
1005;28;10;2009;27.4;13600
1006;27;10;2009;27.7;21400
1007;26;10;2009;27.1;5700
1008;23;10;2009;27.3;17000
1009;22;10;2009;27.35;8500
1010;21;10;2009;28.3;11900
1011;20;10;2009;28.5;10000
1012;16;10;2009;28;22200
1013;15;10;2009;28;14900
1014;14;10;2009;27.4;11000
1015;12;10;2009;28;22700
1016;9;10;2009;28.5;36000
1017;8;10;2009;29.4;18700
1018;7;10;2009;29.6;13100
1019;6;10;2009;30;37300
1020;5;10;2009;30.65;23700
1021;1;10;2009;31.1;26000
1022;30;9;2009;31.75;15700
1023;29;9;2009;32.85;22700
1024;25;9;2009;33.1;43300
1025;24;9;2009;33;32300
1026;23;9;2009;32.3;31100
1027;22;9;2009;31.5;40500
1028;18;9;2009;32.5;19200
1029;17;9;2009;33.05;60200
1030;16;9;2009;33;51500
1031;15;9;2009;34.2;32200
1032;14;9;2009;34.5;23000
1033;11;9;2009;34.8;39400
1034;10;9;2009;36;49300
1035;9;9;2009;36.75;31800
1036;8;9;2009;35.7;37200
1037;7;9;2009;37;57900
1038;4;9;2009;35.4;33300
1039;3;9;2009;37.25;36900
1040;2;9;2009;37.65;91000
1041;1;9;2009;37.15;148400
1042;31;8;2009;39.8;151600
1043;28;8;2009;41.35;395500
1044;27;8;2009;39.75;476000
1045;26;8;2009;36.15;463900
1046;25;8;2009;30.15;139500
1047;24;8;2009;29.5;431400
1048;21;8;2009;28.95;585800
1049;20;8;2009;24.5;46700
1050;19;8;2009;24.6;35500
1051;18;8;2009;25.75;27500
1052;17;8;2009;25.5;74500
1053;14;8;2009;26.45;203100
1054;13;8;2009;25.6;215400
1055;12;8;2009;25.1;110200
1056;11;8;2009;23.75;8600
1057;10;8;2009;23.25;21200
1058;7;8;2009;23.75;18500
1059;6;8;2009;24.3;92500
1060;5;8;2009;25.25;40600
1061;4;8;2009;23.05;36400
1062;3;8;2009;23.7;21700
1063;31;7;2009;24.05;38800
1064;30;7;2009;25.4;65200
1065;29;7;2009;24.85;51100
1066;28;7;2009;25.1;84500
1067;27;7;2009;25.45;54800
1068;24;7;2009;25.4;147000
1069;23;7;2009;26.1;168800
1070;22;7;2009;26.3;24900
1071;21;7;2009;25.7;9100
1072;20;7;2009;26.1;12600
1073;17;7;2009;25.35;19700
1074;16;7;2009;25.4;13800
1075;15;7;2009;26.05;31700
1076;14;7;2009;26.6;5800
1077;13;7;2009;23.8;2200
1078;10;7;2009;25.1;18600
1079;9;7;2009;24.7;14000
1080;8;7;2009;24.9;7100
1081;7;7;2009;25.65;7900
1082;6;7;2009;25.45;13900
1083;3;7;2009;27.05;27100
1084;2;7;2009;26.45;19300
1085;1;7;2009;26.75;11900
1086;30;6;2009;26.15;15200
1087;29;6;2009;27.95;10600
1088;26;6;2009;27.4;39900
1089;25;6;2009;27.05;28100
1090;24;6;2009;28.7;46800
1091;23;6;2009;28.1;6000
1092;22;6;2009;29.3;20600
1093;19;6;2009;30;26200
1094;18;6;2009;29.2;43200
1095;17;6;2009;30.15;92000
1096;16;6;2009;30;17900
1097;15;6;2009;29;48000
1098;12;6;2009;31;72300
1099;11;6;2009;30.7;23100
1100;10;6;2009;31.65;202700
1101;9;6;2009;31.5;113600
1102;8;6;2009;32.8;85000
1103;5;6;2009;34.75;77200
1104;4;6;2009;33;73500
1105;3;6;2009;32.2;85500
1106;2;6;2009;33.35;83700
1107;1;6;2009;34.35;51600
1108;29;5;2009;35.9;36300
1109;28;5;2009;36;23700
1110;27;5;2009;36.95;43400
1111;26;5;2009;34.15;12300
1112;25;5;2009;37.05;28700
1113;22;5;2009;36.3;17200
1114;21;5;2009;38;28000
1115;20;5;2009;36.7;18200
1116;19;5;2009;33.15;11600
1117;15;5;2009;31.65;23100
1118;14;5;2009;28.85;10100
1119;13;5;2009;28.15;3400
1120;12;5;2009;28.3;23000
1121;11;5;2009;28.2;17300
1122;8;5;2009;28.7;29900
1123;7;5;2009;26;3800
1124;6;5;2009;26;13500
1125;5;5;2009;25.5;5200
1126;4;5;2009;25.1;11200
1127;29;4;2009;25.2;13800
1128;28;4;2009;23.95;6700
1129;27;4;2009;24.85;13000
1130;24;4;2009;24.5;13900
1131;23;4;2009;24.6;6200
1132;22;4;2009;24.55;6100
1133;21;4;2009;25;7400
1134;20;4;2009;24.75;8900
1135;17;4;2009;25;16100
1136;16;4;2009;24.5;15000
1137;15;4;2009;26;33700
1138;13;4;2009;23.2;29600
1139;9;4;2009;21.1;43900
1140;8;4;2009;20.1;17400
1141;6;4;2009;20.95;11100
1142;2;4;2009;21.75;29100
1143;1;4;2009;22.5;12300
1144;31;3;2009;19;20300
1145;30;3;2009;18.05;1900
1146;27;3;2009;17.25;10700
1147;26;3;2009;17.1;25300
1148;25;3;2009;16.85;400
1149;24;3;2009;18;7500
1150;23;3;2009;19.5;3600
1151;20;3;2009;18.4;2500
1152;19;3;2009;17;4500
1153;18;3;2009;17;16100
1154;17;3;2009;16;800
1155;16;3;2009;16.8;18100
1156;13;3;2009;16.7;5100
1157;12;3;2009;15.8;1800
1158;9;3;2009;16;4000
1159;6;3;2009;15.55;28600
1160;5;3;2009;15.35;20600
1161;4;3;2009;16.3;2200
1162;3;3;2009;18;5300
1163;2;3;2009;18.1;1200
1164;27;2;2009;16.8;2300
1165;26;2;2009;17.7;300
1166;25;2;2009;18.95;900
1167;24;2;2009;18.5;1300
1168;20;2;2009;18.95;0
1169;19;2;2009;18.8;300
1170;18;2;2009;18.8;1100
1171;17;2;2009;17.75;3600
1172;16;2;2009;19;4300
1173;13;2;2009;19.45;1800
1174;12;2;2009;18.9;9500
1175;11;2;2009;18.95;500
1176;10;2;2009;18;14100
1177;9;2;2009;19.1;10400
1178;6;2;2009;18;1500
1179;5;2;2009;18.25;22000
1180;4;2;2009;17.55;2100
1181;3;2;2009;17.9;1700
1182;2;2;2009;18.1;1400
1183;30;1;2009;18.1;12700
1184;29;1;2009;18.35;2300
1185;28;1;2009;19;1800
1186;27;1;2009;19.5;200
1187;23;1;2009;19.5;1200
1188;22;1;2009;20.6;4300
1189;21;1;2009;20.6;800
1190;20;1;2009;21.15;2800
1191;19;1;2009;21.8;2000
1192;16;1;2009;20.05;2800
1193;15;1;2009;20;11200
1194;14;1;2009;21;800
1195;13;1;2009;20.1;3700
1196;12;1;2009;22;3200
1197;9;1;2009;21.65;14900
1198;7;1;2009;24;6600
1199;6;1;2009;24.85;37100
1200;5;1;2009;25.65;20300
1201;2;1;2009;24.45;46200
1202;1;1;2009;24.3;6900
1203;31;12;2008;23.9;8500
1204;30;12;2008;23.4;6900
1205;29;12;2008;24.6;900
1206;26;12;2008;25.85;6900
1207;24;12;2008;27.2;2400
1208;23;12;2008;29;7900
1209;22;12;2008;28.8;12400
1210;19;12;2008;27.1;12600
1211;18;12;2008;26.15;7900
1212;17;12;2008;25.05;9700
1213;16;12;2008;23.9;8600
1214;15;12;2008;22.75;4100
1215;12;12;2008;22.85;1400
1216;11;12;2008;23.5;1900
1217;10;12;2008;23;3000
1218;8;12;2008;23.65;1700
1219;5;12;2008;23.1;2500
1220;4;12;2008;23.2;5100
1221;3;12;2008;21.6;9000
1222;2;12;2008;21.1;6200
1223;1;12;2008;22.2;1500
1224;28;11;2008;22;2600
1225;26;11;2008;22.05;2900
1226;25;11;2008;21.5;7000
1227;24;11;2008;20.65;8600
1228;21;11;2008;21.7;3200
1229;20;11;2008;22.8;900
1230;19;11;2008;23.95;27000
1231;18;11;2008;25.2;15100
1232;17;11;2008;26.5;600
1233;14;11;2008;27.85;100
1234;12;11;2008;29.3;2300
1235;11;11;2008;30.8;700
1236;10;11;2008;32.4;1000
1237;7;11;2008;34.1;5000
1238;6;11;2008;35.85;44600
1239;5;11;2008;36.85;94800
1240;4;11;2008;35.1;0
1241;3;11;2008;36.9;200
1242;31;10;2008;38.8;200
1243;29;10;2008;40.8;100
1244;28;10;2008;42.9;0
1245;27;10;2008;45.15;0
1246;24;10;2008;47.5;0
1247;23;10;2008;49.95;0
1248;22;10;2008;52.55;1100
1249;21;10;2008;55.3;0
1250;20;10;2008;58.2;100
1251;17;10;2008;61.25;100
1252;16;10;2008;64.45;200
1253;15;10;2008;67.8;0
1254;14;10;2008;71.35;100
1255;13;10;2008;75.1;200
1256;10;10;2008;79;0
1257;8;10;2008;83.15;100
1258;7;10;2008;87.5;500
1259;6;10;2008;92.1;0
1260;3;10;2008;96.9;100
1261;1;10;2008;101.95;100
1262;30;9;2008;107.3;600
1263;29;9;2008;105.55;118700
1264;26;9;2008;111.1;135000
1265;25;9;2008;105.85;90300
1266;24;9;2008;100.85;58000
1267;23;9;2008;96.05;151600
1268;22;9;2008;91.5;100900
1269;19;9;2008;87.15;196200
1270;18;9;2008;83;515500
1271;17;9;2008;79.05;374400
1272;16;9;2008;75.3;258700
1273;15;9;2008;71.75;432900
1274;12;9;2008;68.35;173000
1275;11;9;2008;65.1;114700
1276;10;9;2008;62;155800
1277;9;9;2008;59.05;109500
1278;8;9;2008;56.25;183100
1279;5;9;2008;53.6;82500
1280;4;9;2008;51.05;57100
1281;2;9;2008;48.65;123000
1282;1;9;2008;46.35;19000
1283;29;8;2008;44.15;4400
1284;28;8;2008;42.05;25800
1285;27;8;2008;40.1;8000
1286;26;8;2008;40.1;5500
1287;25;8;2008;38.85;5400
1288;22;8;2008;37;5200
1289;21;8;2008;38;800
1290;20;8;2008;39.4;1100
1291;19;8;2008;38.9;14800
1292;18;8;2008;37.1;15900
1293;14;8;2008;36.7;3900
1294;13;8;2008;36.9;1400
1295;12;8;2008;37.4;9900
1296;11;8;2008;39.2;19200
1297;8;8;2008;37.35;39700
1298;7;8;2008;35.6;6100
1299;6;8;2008;33.95;700
1300;5;8;2008;34;9400
1301;4;8;2008;35;2200
1302;1;8;2008;34.9;400
1303;31;7;2008;33.55;2200
1304;30;7;2008;35.3;14800
1305;29;7;2008;38.6;3400
1306;28;7;2008;37.9;2000
1307;25;7;2008;38;2000
1308;24;7;2008;38.3;4100
1309;23;7;2008;36.85;1400
1310;22;7;2008;35;4700
1311;21;7;2008;35;6900
1312;18;7;2008;34.3;2300
1313;17;7;2008;32.65;2400
1314;16;7;2008;34.35;1600
1315;15;7;2008;36;1500
1316;14;7;2008;37.6;10200
1317;11;7;2008;35.85;3600
1318;10;7;2008;37.7;12300
1319;9;7;2008;39.1;20100
1320;8;7;2008;37.85;21100
1321;7;7;2008;36;26700
1322;4;7;2008;34.95;39600
1323;3;7;2008;33.3;20700
1324;2;7;2008;32.5;8600
1325;1;7;2008;31.3;20700
1326;30;6;2008;32.9;17700
1327;27;6;2008;29.95;17600
1328;26;6;2008;28.9;36800
1329;25;6;2008;26.95;22900
1330;24;6;2008;24.5;27700
1331;23;6;2008;22.4;4400
1332;20;6;2008;24.85;8000
1333;19;6;2008;26.95;1100
1334;18;6;2008;25.7;3600
1335;17;6;2008;26.35;2000
1336;16;6;2008;28;700
1337;13;6;2008;26.9;700
1338;12;6;2008;26.95;6300
1339;11;6;2008;27;1300
1340;10;6;2008;25.7;900
1341;9;6;2008;25;400
1342;6;6;2008;26.8;6400
1343;5;6;2008;28;1600
1344;4;6;2008;27;4500
1345;3;6;2008;26.3;1600
1346;2;6;2008;27;800
1347;30;5;2008;26.25;2500
1348;29;5;2008;28.7;2900
1349;28;5;2008;28.5;2700
1350;27;5;2008;28.55;10100
1351;26;5;2008;30.4;1200
1352;23;5;2008;29.8;5400
1353;22;5;2008;32.75;11700
1354;21;5;2008;33.55;42300
1355;20;5;2008;32.5;12100
1356;16;5;2008;31.8;2800
1357;15;5;2008;30;500
1358;14;5;2008;31;600
1359;13;5;2008;29.95;3200
1360;12;5;2008;31;17600
1361;9;5;2008;28.5;3000
1362;8;5;2008;30.5;1000
1363;7;5;2008;31;36200
1364;6;5;2008;31.8;12700
1365;5;5;2008;31.2;2700
1366;2;5;2008;32.75;2700
1367;30;4;2008;31.65;3100
1368;29;4;2008;33.3;13300
1369;28;4;2008;31.75;2900
1370;25;4;2008;30.25;3100
1371;24;4;2008;31.8;600
1372;23;4;2008;30.05;3400
1373;22;4;2008;31.95;1600
1374;21;4;2008;33.05;6300
1375;17;4;2008;31.5;3800
1376;16;4;2008;30.5;1000
1377;15;4;2008;30;2000
1378;11;4;2008;31.3;600
1379;10;4;2008;31.95;400
1380;9;4;2008;31.8;1900
1381;8;4;2008;31.7;700
1382;7;4;2008;30;600
1383;4;4;2008;32.8;1000
1384;3;4;2008;32;1100
1385;2;4;2008;32;3000
1386;1;4;2008;33.3;1400
1387;31;3;2008;32.25;34400
1388;28;3;2008;30.25;2600
1389;27;3;2008;29.9;1100
1390;26;3;2008;29.9;17000
1391;25;3;2008;28.5;18600
1392;24;3;2008;29;21000
1393;19;3;2008;29;8900
1394;18;3;2008;30.3;9300
1395;17;3;2008;32.5;41200
1396;14;3;2008;33;2400
1397;13;3;2008;34.5;5700
1398;12;3;2008;34.7;4700
1399;11;3;2008;36.5;3700
1400;10;3;2008;38.4;200
1401;7;3;2008;40.4;300
1402;5;3;2008;42.5;17300
1403;4;3;2008;42;22100
1404;3;3;2008;42.65;11300
1405;29;2;2008;41;7000
1406;28;2;2008;40.25;5100
1407;27;2;2008;41.25;13600
1408;26;2;2008;39.3;19900
1409;25;2;2008;37.7;4900
1410;22;2;2008;35.95;900
1411;21;2;2008;34.25;900
1412;20;2;2008;32.65;7700
1413;19;2;2008;31.6;1100
1414;18;2;2008;30.05;600
1415;15;2;2008;30.7;5400
1416;14;2;2008;31.55;1300
1417;13;2;2008;31.7;2500
1418;12;2;2008;33.35;2200
1419;11;2;2008;35;5100
1420;8;2;2008;36.9;1800
1421;7;2;2008;36.8;1400
1422;6;2;2008;37.55;600
1423;5;2;2008;38.25;1700
1424;4;2;2008;40;200
1425;1;2;2008;40.75;4700
1426;31;1;2008;39.55;5500
1427;30;1;2008;37.7;9500
1428;29;1;2008;35.9;4700
1429;28;1;2008;34.5;500
1430;25;1;2008;36.3;2600
1431;24;1;2008;38.2;500
1432;23;1;2008;40.2;900
1433;22;1;2008;42.3;100
1434;21;1;2008;44.5;300
1435;18;1;2008;46.8;18300
1436;17;1;2008;43.25;23200
1437;16;1;2008;44.55;2300
1438;15;1;2008;46.85;5000
1439;14;1;2008;49.3;9400
1440;11;1;2008;50.3;600
1441;10;1;2008;52.9;11800
1442;9;1;2008;55.15;7400
1443;8;1;2008;58;6300
1444;7;1;2008;61;49500
1445;4;1;2008;63.55;50000
1446;3;1;2008;66.7;199800
1447;2;1;2008;63.65;42400
1448;1;1;2008;60.65;67900
1449;31;12;2007;57.8;27600
1450;28;12;2007;55.1;17300
1451;27;12;2007;52.5;7900
1452;26;12;2007;50.2;9000
1453;24;12;2007;47.8;1700
1454;20;12;2007;48.55;3500
1455;19;12;2007;50.6;6600
1456;18;12;2007;50.95;4500
1457;17;12;2007;52.5;13200
1458;14;12;2007;55;10400
1459;13;12;2007;51.8;15700
1460;12;12;2007;50.8;5300
1461;11;12;2007;50;5300
1462;10;12;2007;50.6;7500
1463;7;12;2007;50;3900
1464;6;12;2007;50.4;7000
1465;5;12;2007;50.55;6100
1466;4;12;2007;48;5300
1467;3;12;2007;46.95;19300
1468;30;11;2007;44.8;2600
1469;29;11;2007;44.95;2700
1470;28;11;2007;48.5;6600
1471;27;11;2007;48.05;6500
1472;26;11;2007;50.35;9600
1473;23;11;2007;50.15;2500
1474;22;11;2007;52.75;14400
1475;21;11;2007;55.5;8200
1476;20;11;2007;52.9;2700
1477;19;11;2007;50.4;11200
1478;16;11;2007;48;22700
1479;15;11;2007;50.5;500
1480;14;11;2007;53.15;4100
1481;13;11;2007;55.9;2800
1482;12;11;2007;58.8;1200
1483;9;11;2007;61.55;1500
1484;8;11;2007;64.75;5800
1485;7;11;2007;68.15;1400
1486;6;11;2007;71.7;1600
1487;5;11;2007;75.45;900
1488;2;11;2007;79.4;5400
1489;1;11;2007;83.55;6400
1490;31;10;2007;87.9;23600
1491;30;10;2007;83.75;6000
1492;29;10;2007;90;32800
1493;26;10;2007;89.55;47600
1494;25;10;2007;85.3;1900
1495;24;10;2007;86.25;53100
1496;23;10;2007;90.75;32600
1497;22;10;2007;86.45;30300
1498;19;10;2007;82.35;49300
1499;18;10;2007;78.45;34500
1500;17;10;2007;74.75;30100
1501;16;10;2007;71.2;60800
1502;15;10;2007;67.85;33600
1503;12;10;2007;64.65;39400
1504;11;10;2007;61.6;27100
1505;10;10;2007;58.7;40800
1506;9;10;2007;54.05;50600
1507;8;10;2007;53.65;138800
1508;5;10;2007;51.1;139600
1509;4;10;2007;48.7;137800
1510;3;10;2007;46.4;69500
1511;1;10;2007;44.2;21100
1512;28;9;2007;42.1;107100
1513;27;9;2007;38.3;30400
1514;26;9;2007;34.85;28200
1515;25;9;2007;31.7;12100
1516;24;9;2007;28.85;5000
1517;21;9;2007;33;7000
1518;20;9;2007;31.25;6900
1519;19;9;2007;29.95;17700
1520;18;9;2007;27.05;2600
1521;17;9;2007;27;2100
1522;14;9;2007;28.05;5800
1523;13;9;2007;27.3;100
1524;12;9;2007;28.95;9600
1525;11;9;2007;27.85;800
1526;10;9;2007;27.15;2200
1527;7;9;2007;28;5500
1528;6;9;2007;27.05;2400
1529;5;9;2007;26.95;2800
1530;4;9;2007;27.85;4300
1531;3;9;2007;27.7;9500
1532;31;8;2007;29.1;3000
1533;30;8;2007;27.9;2300
1534;29;8;2007;26.6;2200
1535;28;8;2007;26.6;1000
1536;27;8;2007;27.05;1900
1537;24;8;2007;27.2;500
1538;23;8;2007;27.05;100
1539;22;8;2007;26.8;1500
1540;21;8;2007;27.5;1100
1541;20;8;2007;27.25;300
1542;17;8;2007;27.5;700
1543;16;8;2007;27.25;3400
1544;14;8;2007;28.6;6500
1545;13;8;2007;27.25;1100
1546;10;8;2007;27.5;2300
1547;9;8;2007;28.6;1700
1548;8;8;2007;29.95;4300
1549;7;8;2007;28.55;2600
1550;6;8;2007;29;800
1551;3;8;2007;29.35;1700
1552;2;8;2007;30.4;4400
1553;1;8;2007;30;1800
1554;31;7;2007;30.95;700
1555;30;7;2007;30.75;2200
1556;27;7;2007;31.15;5600
1557;26;7;2007;31.65;3600
1558;25;7;2007;32.85;3000
1559;24;7;2007;32;2200
1560;23;7;2007;32.9;4000
1561;20;7;2007;32.5;2500
1562;19;7;2007;33.5;1400
1563;18;7;2007;31.9;2000
1564;17;7;2007;32.5;1000
1565;16;7;2007;33.4;2100
1566;13;7;2007;33.8;3000
1567;12;7;2007;34.95;2600
1568;11;7;2007;34.15;4700
1569;10;7;2007;36.1;8900
1570;9;7;2007;35.5;5800
1571;6;7;2007;34.95;3500
1572;5;7;2007;35.2;8400
1573;4;7;2007;35.5;2900
1574;3;7;2007;35.5;8300
1575;2;7;2007;35.85;10500
1576;29;6;2007;34.1;25000
1577;28;6;2007;35.5;64400
1578;27;6;2007;36.15;1600
1579;26;6;2007;37.9;2100
1580;25;6;2007;37.9;3100
1581;22;6;2007;38.75;57800
1582;21;6;2007;38;38900
1583;20;6;2007;36.2;21900
1584;19;6;2007;35.7;4700
1585;18;6;2007;35.7;10600
1586;15;6;2007;34;8600
1587;14;6;2007;32.6;14500
1588;13;6;2007;34.25;5900
1589;12;6;2007;36;29700
1590;11;6;2007;36.75;60400
1591;8;6;2007;35.15;81100
1592;7;6;2007;34;17300
1593;6;6;2007;34.05;18800
1594;5;6;2007;37.15;48900
1595;4;6;2007;31.5;11900
1596;31;5;2007;30.7;26900
1597;30;5;2007;30.15;33100
1598;29;5;2007;28.55;21800
1599;28;5;2007;27.8;4100
1600;25;5;2007;26.2;2300
1601;24;5;2007;26.5;3100
1602;23;5;2007;27;1200
1603;22;5;2007;26.45;2700
1604;21;5;2007;26.8;5900
1605;18;5;2007;26.5;20500
1606;17;5;2007;27.75;4100
1607;16;5;2007;26.9;2000
1608;15;5;2007;27.45;300
1609;14;5;2007;26.6;900
1610;11;5;2007;26.7;2100
1611;10;5;2007;28;16100
1612;9;5;2007;26.7;100
1613;8;5;2007;26.05;1300
1614;7;5;2007;26.45;4600
1615;4;5;2007;27;10400
1616;3;5;2007;28.1;1000
1617;30;4;2007;28.45;4600
1618;27;4;2007;28.1;9400
1619;26;4;2007;28.65;10500
1620;25;4;2007;28.8;8200
1621;24;4;2007;29;2000
1622;23;4;2007;29.1;4900
1623;20;4;2007;30.05;10400
1624;19;4;2007;29.6;4000
1625;18;4;2007;29.4;7800
1626;17;4;2007;28.9;17800
1627;16;4;2007;28.4;5400
1628;13;4;2007;28.9;10100
1629;12;4;2007;28.1;2000
1630;11;4;2007;28.05;2200
1631;10;4;2007;29;600
1632;9;4;2007;28.7;12100
1633;5;4;2007;28.45;4600
1634;4;4;2007;29;10300
1635;3;4;2007;29.25;5500
1636;2;4;2007;28.95;44000
1637;30;3;2007;30;23500
1638;29;3;2007;27.3;12400
1639;28;3;2007;24.8;102200
1640;26;3;2007;27.55;5600
1641;23;3;2007;28.7;8300
1642;22;3;2007;29.05;6600
1643;21;3;2007;30.05;8200
1644;20;3;2007;30.25;43800
1645;19;3;2007;29.9;19400
1646;16;3;2007;27.2;5000
1647;15;3;2007;27;5300
1648;14;3;2007;26.4;8000
1649;13;3;2007;26;9000
1650;12;3;2007;26.85;11600
1651;9;3;2007;29.5;3100
1652;8;3;2007;28.9;700
1653;7;3;2007;29.5;1800
1654;6;3;2007;30.9;29200
1655;5;3;2007;28.2;5500
1656;2;3;2007;29.75;76900
1657;1;3;2007;30.8;1200
1658;28;2;2007;31;3800
1659;27;2;2007;32.9;12000
1660;26;2;2007;30.25;2000
1661;23;2;2007;30;4200
1662;22;2;2007;32.05;5300
1663;21;2;2007;32.3;16500
1664;20;2;2007;32.75;3800
1665;19;2;2007;33;16500
1666;15;2;2007;31.4;13000
1667;14;2;2007;28.5;8000
1668;13;2;2007;31;1500
1669;12;2;2007;30.25;5100
1670;9;2;2007;33.2;2200
1671;8;2;2007;33.5;15400
1672;7;2;2007;33.35;5300
1673;6;2;2007;33.85;27700
1674;5;2;2007;33.3;61400
1675;2;2;2007;33.2;3400
1676;1;2;2007;33.85;9400
1677;31;1;2007;33.1;14800
1678;29;1;2007;34.2;7100
1679;25;1;2007;34.3;5100
1680;24;1;2007;35.65;13800
1681;23;1;2007;34.8;5500
1682;22;1;2007;34.5;5600
1683;19;1;2007;35.85;3200
1684;18;1;2007;36.95;34800
1685;17;1;2007;36.65;31300
1686;16;1;2007;34.95;20900
1687;15;1;2007;36;13700
1688;12;1;2007;36.05;48700
1689;11;1;2007;34.35;44900
1690;10;1;2007;34.25;36200
1691;9;1;2007;35.95;27800
1692;8;1;2007;34.05;5800
1693;5;1;2007;35.4;20300
1694;4;1;2007;34.85;35300
1695;3;1;2007;35.1;7100
1696;2;1;2007;36.4;37400
1697;29;12;2006;35.8;52000
1698;28;12;2006;34.1;35900
1699;27;12;2006;32.95;39300
1700;26;12;2006;32.75;27100
1701;22;12;2006;32.85;14900
1702;21;12;2006;33.7;27700
1703;20;12;2006;31.7;16600
1704;19;12;2006;33.05;20800
1705;18;12;2006;33.2;29500
1706;15;12;2006;33.1;34500
1707;14;12;2006;33.3;27100
1708;13;12;2006;31.7;22700
1709;12;12;2006;33.1;30300
1710;11;12;2006;34.75;59200
1711;8;12;2006;36.55;31800
1712;7;12;2006;34.85;18300
1713;6;12;2006;36.05;27200
1714;5;12;2006;36.75;66600
1715;4;12;2006;35;26300
1716;1;12;2006;36;72100
1717;30;11;2006;36.85;93200
1718;29;11;2006;35.1;13700
1719;28;11;2006;34.7;26600
1720;27;11;2006;34.35;16800
1721;24;11;2006;33.5;45700
1722;23;11;2006;33.45;23500
1723;22;11;2006;34.05;24400
1724;21;11;2006;33.9;16500
1725;20;11;2006;34.95;47600
1726;17;11;2006;34.1;4600
1727;16;11;2006;34.6;8000
1728;15;11;2006;35.2;3900
1729;14;11;2006;36;14900
1730;13;11;2006;37;35100
1731;10;11;2006;36;37700
1732;9;11;2006;35.35;92100
1733;8;11;2006;35.15;21800
1734;7;11;2006;33.5;13900
1735;6;11;2006;34.7;15800
1736;3;11;2006;35.1;12400
1737;2;11;2006;35.8;12900
1738;1;11;2006;37;4200
1739;31;10;2006;37.5;3900
1740;30;10;2006;37.75;9800
1741;27;10;2006;37.5;15100
1742;26;10;2006;37.15;7200
1743;23;10;2006;38.3;2400
1744;20;10;2006;36.5;8200
1745;19;10;2006;36.75;12100
1746;18;10;2006;37.4;6500
1747;17;10;2006;39.95;23400
1748;16;10;2006;39.95;8900
1749;13;10;2006;40.2;33000
1750;12;10;2006;40.5;20600
1751;11;10;2006;40;16900
1752;10;10;2006;40.7;18100
1753;9;10;2006;40.75;24900
1754;6;10;2006;41.85;18700
1755;5;10;2006;42.8;21700
1756;4;10;2006;43.9;126900
1757;3;10;2006;42;31100
1758;29;9;2006;43.75;96800
1759;28;9;2006;41.1;99000
1760;27;9;2006;43;127900
1761;26;9;2006;43.65;77600
1762;25;9;2006;41.6;109200
1763;22;9;2006;39.65;228800
1764;21;9;2006;37.8;219000
1765;20;9;2006;36;180500
1766;19;9;2006;34.35;246000
1767;18;9;2006;32.75;161400
1768;15;9;2006;31.2;113200
1769;14;9;2006;29.75;122800
1770;13;9;2006;28.35;84800
1771;12;9;2006;27;59400
1772;11;9;2006;26.5;225300
1773;8;9;2006;27.35;210100
1774;7;9;2006;26;59900
1775;6;9;2006;26.3;126600
1776;5;9;2006;25.05;124600
1777;4;9;2006;25.6;86300
1778;1;9;2006;24.4;100200
1779;31;8;2006;23.85;29500
1780;30;8;2006;23.9;47700
1781;29;8;2006;23.3;9600
1782;28;8;2006;24;24100
1783;25;8;2006;23.85;19600
1784;24;8;2006;22.3;7500
1785;23;8;2006;23.95;20600
1786;22;8;2006;23.1;15300
1787;21;8;2006;22.1;4200
1788;18;8;2006;22.9;8900
1789;17;8;2006;22.6;7900
1790;16;8;2006;23;9200
1791;14;8;2006;22.45;13100
1792;11;8;2006;21.25;10800
1793;10;8;2006;21.15;8200
1794;9;8;2006;20.95;2200
1795;8;8;2006;21;10700
1796;7;8;2006;21;900
1797;4;8;2006;21;8500
1798;3;8;2006;20.9;5600
1799;2;8;2006;21;8000
1800;1;8;2006;21.7;4200
1801;31;7;2006;21.95;4600
1802;28;7;2006;21.8;15700
1803;27;7;2006;23;15200
1804;26;7;2006;22.6;31600
1805;25;7;2006;21.65;12200
1806;24;7;2006;21;1600
1807;21;7;2006;22.05;15400
1808;20;7;2006;21;12800
1809;19;7;2006;20.5;6000
1810;18;7;2006;19.6;2800
1811;17;7;2006;20.25;8900
1812;14;7;2006;22.1;17100
1813;13;7;2006;22.75;7100
1814;12;7;2006;22.3;24200
1815;11;7;2006;22.45;30200
1816;10;7;2006;22.6;13100
1817;7;7;2006;23;49200
1818;6;7;2006;23;47500
1819;5;7;2006;23.6;23200
1820;4;7;2006;23.15;22700
1821;3;7;2006;22;24900
1822;30;6;2006;22.7;44200
1823;29;6;2006;22.25;58300
1824;28;6;2006;22.05;125200
1825;27;6;2006;23.15;116600
1826;26;6;2006;24;135200
1827;23;6;2006;23.25;58900
1828;22;6;2006;22.15;76600
1829;21;6;2006;21.2;30500
1830;20;6;2006;20.55;32200
1831;19;6;2006;19.6;28700
1832;14;6;2006;17;7300
1833;13;6;2006;17.85;8400
1834;12;6;2006;18.75;25200
1835;9;6;2006;18.45;21000
1836;8;6;2006;17.6;8300
1837;7;6;2006;18.7;35400
1838;6;6;2006;19.7;12600
1839;5;6;2006;20.4;22800
1840;2;6;2006;20.55;58800
1841;1;6;2006;19.85;17400
1842;31;5;2006;21;35200
1843;30;5;2006;21.4;50000
1844;29;5;2006;20.4;35100
1845;26;5;2006;19.45;22400
1846;25;5;2006;19;18200
1847;24;5;2006;18.6;15700
1848;23;5;2006;18.75;33200
1849;22;5;2006;18;13900
1850;19;5;2006;18.1;6400
1851;18;5;2006;19;4800
1852;17;5;2006;19.8;40600
1853;16;5;2006;20;12500
1854;15;5;2006;20.5;29000
1855;12;5;2006;21.95;20000
1856;11;5;2006;21.8;58700
1857;10;5;2006;22.25;21200
1858;9;5;2006;21.2;21100
1859;8;5;2006;20;18600
1860;5;5;2006;19.8;11000
1861;4;5;2006;19.65;25000
1862;3;5;2006;18.9;12400
1863;2;5;2006;18;5200
1864;28;4;2006;19;19600
1865;27;4;2006;18.5;6500
1866;26;4;2006;19.5;21900
1867;25;4;2006;18.65;14500
1868;24;4;2006;17.95;11300
1869;21;4;2006;18;13000
1870;20;4;2006;17.95;16800
1871;19;4;2006;16.8;9700
1872;18;4;2006;17.65;5600
1873;17;4;2006;18.25;19500
1874;13;4;2006;19.5;22600
1875;12;4;2006;18.7;11800
1876;10;4;2006;19;28300
1877;7;4;2006;18.1;18500
1878;5;4;2006;17.25;9500
1879;4;4;2006;16.95;12500
1880;3;4;2006;16.15;2800
1881;31;3;2006;15.4;10700
1882;30;3;2006;15.5;6600
1883;29;3;2006;14.85;4600
1884;28;3;2006;14.65;18700
1885;27;3;2006;15.35;20200
1886;24;3;2006;14.7;10600
1887;23;3;2006;15.5;2600
1888;22;3;2006;15.65;14400
1889;21;3;2006;15.8;20000
1890;20;3;2006;15.1;22800
1891;17;3;2006;16.65;14800
1892;16;3;2006;16.3;7500
1893;14;3;2006;17.15;7200
1894;13;3;2006;18.05;4000
1895;10;3;2006;19.2;18600
1896;9;3;2006;18.55;18700
1897;8;3;2006;19.5;22900
1898;7;3;2006;19.3;26900
1899;6;3;2006;20;29200
1900;3;3;2006;18.95;29200
1901;2;3;2006;20.45;48300
1902;1;3;2006;20.35;53000
1903;28;2;2006;19.4;33400
1904;27;2;2006;18.85;14300
1905;24;2;2006;18.5;14800
1906;23;2;2006;18.85;25900
1907;22;2;2006;19.8;14400
1908;21;2;2006;20.8;25400
1909;20;2;2006;22;30600
1910;17;2;2006;21.85;102600
1911;16;2;2006;22.7;15800
1912;15;2;2006;21.65;66700
1913;14;2;2006;20.65;72800
1914;13;2;2006;19.7;65600
1915;10;2;2006;18.8;21700
1916;8;2;2006;17.95;50900
1917;7;2;2006;17.1;23800
1918;6;2;2006;16.3;15700
1919;3;2;2006;16.25;2300
1920;2;2;2006;15.95;6200
1921;1;2;2006;16.1;5300
1922;31;1;2006;16.5;12200
1923;30;1;2006;16.9;6500
1924;27;1;2006;16.4;9400
1925;25;1;2006;17;8100
1926;24;1;2006;17.05;6600
1927;23;1;2006;17.5;1300
1928;20;1;2006;17.55;12100
1929;19;1;2006;17.95;2200
1930;18;1;2006;17.8;2900
1931;17;1;2006;18.45;8800
1932;16;1;2006;17.8;5300
1933;13;1;2006;18;6000
1934;12;1;2006;18.1;6200
1935;10;1;2006;18.4;3200
1936;9;1;2006;19.25;11500
1937;6;1;2006;18.7;11100
1938;5;1;2006;17.5;10900
1939;4;1;2006;17.8;4200
1940;3;1;2006;18.5;22400
1941;2;1;2006;18.15;1900
1942;30;12;2005;17;6000
1943;29;12;2005;16.65;1500
1944;28;12;2005;17;7700
1945;27;12;2005;18;7700
1946;26;12;2005;18.55;1500
1947;23;12;2005;19.5;17100
1948;22;12;2005;20.5;10000
1949;21;12;2005;20.25;12600
1950;20;12;2005;21;23200
1951;19;12;2005;20.3;23000
1952;16;12;2005;21;43100
1953;15;12;2005;20;41500
1954;14;12;2005;19.05;10800
1955;13;12;2005;18.15;3700
1956;12;12;2005;17.3;10300
1957;9;12;2005;16.5;18700
1958;8;12;2005;15.75;14200
1959;7;12;2005;15;6400
1960;6;12;2005;14.75;4600
1961;5;12;2005;14.9;5200
1962;2;12;2005;14.95;9500
1963;1;12;2005;15.65;4700
1964;30;11;2005;15.65;6300
1965;29;11;2005;14.95;3400
1966;28;11;2005;15.2;5200
1967;25;11;2005;15;3900
1968;24;11;2005;15;4300
1969;23;11;2005;15;7900
1970;22;11;2005;15.75;5800
1971;21;11;2005;16.15;3400
1972;18;11;2005;16.75;3600
1973;17;11;2005;17.05;6200
1974;16;11;2005;17.15;4200
1975;14;11;2005;17.1;2500
1976;11;11;2005;17.8;6900
1977;10;11;2005;17.3;4000
1978;9;11;2005;17.25;5200
1979;8;11;2005;17.6;10100
1980;7;11;2005;17;3100
1981;2;11;2005;16.8;2700
1982;1;11;2005;16.95;1600
1983;31;10;2005;16.3;1500
1984;28;10;2005;16;4300
1985;27;10;2005;16.65;3000
1986;26;10;2005;17.5;4600
1987;25;10;2005;17;7300
1988;24;10;2005;17.8;9700
1989;21;10;2005;17.95;12900
1990;20;10;2005;17.3;10900
1991;19;10;2005;18.25;8900
1992;18;10;2005;18.85;3200
1993;17;10;2005;19.75;8500
1994;14;10;2005;19.85;9900
1995;13;10;2005;20.85;3800
1996;11;10;2005;21.7;6000
1997;10;10;2005;22;2700
1998;7;10;2005;22.05;13000
1999;6;10;2005;22.3;9000
2000;5;10;2005;23.95;11500
2001;4;10;2005;23.15;14100
2002;3;10;2005;22.05;18900
2003;30;9;2005;23.2;25700
2004;29;9;2005;24.4;32500
2005;28;9;2005;26;52300
2006;27;9;2005;24.8;49400
2007;26;9;2005;26.05;6900
2008;23;9;2005;27.4;1400
2009;22;9;2005;28.8;14400
2010;21;9;2005;30.3;22300
2011;20;9;2005;31.85;365900
2012;19;9;2005;30.15;253900
2013;16;9;2005;24.1;45200
2014;15;9;2005;24.6;39400
2015;14;9;2005;23.75;36400
2016;13;9;2005;25.05;90600
2017;12;9;2005;25;86200
2018;9;9;2005;23.4;58500
2019;8;9;2005;22.8;42600
2020;6;9;2005;21.3;7700
2021;5;9;2005;21.95;17400
2022;2;9;2005;21.15;10800
2023;1;9;2005;22;14400
2024;31;8;2005;21.5;23400
2025;30;8;2005;22.5;25400
2026;29;8;2005;21;17500
2027;26;8;2005;20.5;16000
2028;25;8;2005;20.6;7800
2029;24;8;2005;20;9300
2030;23;8;2005;20.6;14700
2031;22;8;2005;21.35;14300
2032;19;8;2005;21.6;10900
2033;18;8;2005;21.8;14200
2034;17;8;2005;22.3;30600
2035;16;8;2005;22.15;18000
2036;12;8;2005;22;25900
2037;11;8;2005;20.9;32400
2038;10;8;2005;20.25;10200
2039;9;8;2005;19.9;16100
2040;8;8;2005;19.9;7900
2041;5;8;2005;20.4;12700
2042;4;8;2005;19.75;10500
2043;3;8;2005;19.5;8700
2044;2;8;2005;20.2;9200
2045;1;8;2005;19.85;8300
2046;29;7;2005;19.95;5700
2047;27;7;2005;20.5;4000
2048;26;7;2005;21.5;8500
2049;25;7;2005;21.6;13500
2050;22;7;2005;22;8400
2051;21;7;2005;22;16800
2052;20;7;2005;22.35;19100
2053;19;7;2005;22.05;18400
2054;18;7;2005;22.75;18800
2055;15;7;2005;22.8;19500
2056;14;7;2005;22.8;12200
2057;13;7;2005;22.65;10000
2058;12;7;2005;22.95;47000
2059;11;7;2005;22.8;27500
2060;8;7;2005;23.15;32400
2061;7;7;2005;23.3;22700
2062;6;7;2005;24;31400
2063;5;7;2005;23.75;43500
2064;4;7;2005;24.75;63800
2065;1;7;2005;23;32700
2066;30;6;2005;23;44600
2067;29;6;2005;22.75;29300
2068;28;6;2005;21.6;31400
2069;27;6;2005;23.15;62000
2070;24;6;2005;23.6;81000
2071;23;6;2005;19.7;19800
2072;22;6;2005;19.45;27100
2073;21;6;2005;19.65;12500
2074;20;6;2005;20;17300
2075;17;6;2005;20.7;12600
2076;16;6;2005;22.1;23200
2077;15;6;2005;23;40500
2078;14;6;2005;24.45;38600
2079;13;6;2005;22.75;17000
2080;10;6;2005;22.85;40300
2081;9;6;2005;24.25;28700
2082;8;6;2005;23.85;55900
2083;7;6;2005;25.65;66700
2084;2;6;2005;23.25;82500
2085;1;6;2005;22.75;82300
2086;31;5;2005;20.8;10300
2087;30;5;2005;20.2;24600
2088;27;5;2005;20.9;50900
2089;26;5;2005;22.55;63000
2090;25;5;2005;21.46;49000
2091;24;5;2005;22.03;133700
2092;23;5;2005;22.7;140500
2093;20;5;2005;20.02;138100
2094;19;5;2005;18.19;41800
2095;18;5;2005;18;28000
2096;17;5;2005;17.88;59100
2097;16;5;2005;18.74;177200
2098;13;5;2005;19.5;190300
2099;12;5;2005;18.05;39700
2100;11;5;2005;17.5;32100
2101;10;5;2005;16.71;5300
2102;9;5;2005;16.8;11800
2103;6;5;2005;16.97;16000
2104;5;5;2005;17;56400
2105;4;5;2005;16.5;20100
2106;3;5;2005;17.25;11700
2107;2;5;2005;17.01;6800
2108;29;4;2005;17.52;19300
2109;28;4;2005;18.47;45000
2110;27;4;2005;18.49;67800
2111;26;4;2005;19.59;124700
2112;25;4;2005;18.18;87600
2113;22;4;2005;17.93;41200
2114;21;4;2005;18.22;72900
2115;20;4;2005;16.5;41200
2116;19;4;2005;17.8;134400
2117;18;4;2005;17.58;109400
2118;15;4;2005;16.07;67900
2119;13;4;2005;15.88;59600
2120;12;4;2005;15.99;31000
2121;11;4;2005;14.76;8800
2122;8;4;2005;14.72;17500
2123;7;4;2005;14.14;46300
2124;6;4;2005;13.3;7100
2125;5;4;2005;13.59;21800
2126;4;4;2005;13.93;17400
2127;1;4;2005;13.11;25200
2128;31;3;2005;12.64;13000
2129;30;3;2005;11.72;2400
2130;29;3;2005;12.24;26400
2131;28;3;2005;13.59;12900
2132;24;3;2005;14.22;32600
2133;23;3;2005;14.1;28700
2134;22;3;2005;13.37;19000
2135;21;3;2005;13.49;7900
2136;18;3;2005;13.66;14300
2137;17;3;2005;14.2;9800
2138;16;3;2005;14.75;16700
2139;15;3;2005;13.7;5400
2140;14;3;2005;14.37;15400
2141;11;3;2005;14.73;17900
2142;10;3;2005;14.29;13600
2143;9;3;2005;14.02;30600
2144;8;3;2005;15.34;19400
2145;7;3;2005;15.69;16400
2146;4;3;2005;16.1;23000
2147;3;3;2005;16.58;19100
2148;2;3;2005;16.45;17200
2149;1;3;2005;17.28;44600
2150;28;2;2005;17.19;37700
2151;25;2;2005;15.9;30000
2152;24;2;2005;16.39;30000
2153;23;2;2005;16.73;32600
2154;22;2;2005;16.85;31400
2155;21;2;2005;17.6;20900
2156;18;2;2005;18.27;111200
2157;17;2;2005;17.18;45800
2158;16;2;2005;16.22;29400
2159;15;2;2005;16.64;43700
2160;14;2;2005;18.07;46800
2161;11;2;2005;18.56;51900
2162;10;2;2005;19.79;86400
2163;9;2;2005;21.16;172300
2164;8;2;2005;19.79;198000
2165;7;2;2005;18.12;111100
2166;4;2;2005;15.1;44400
2167;3;2;2005;14.88;36400
2168;2;2;2005;13.55;18700
2169;1;2;2005;13.99;10300
2170;31;1;2005;14.23;23200
2171;28;1;2005;14.57;17300
2172;27;1;2005;14.73;10700
2173;25;1;2005;14.73;26300
2174;24;1;2005;14.04;11000
2175;20;1;2005;15.01;15200
2176;19;1;2005;15.61;27600
2177;18;1;2005;16.04;41000
2178;17;1;2005;15.55;47800
2179;14;1;2005;15.68;66100
2180;13;1;2005;16.39;83100
2181;12;1;2005;14.57;112500
2182;11;1;2005;17.42;252500
2183;10;1;2005;19.8;243200
2184;7;1;2005;16.5;179000
2185;6;1;2005;13.75;120400
2186;5;1;2005;12.78;133900
2187;4;1;2005;11.22;81700
2188;3;1;2005;9.43;26900
2189;31;12;2004;9.09;11500
2190;30;12;2004;8.91;9900
2191;29;12;2004;9.11;18800
2192;28;12;2004;9.34;19900
2193;27;12;2004;9.39;14300
2194;24;12;2004;8.84;6800
2195;23;12;2004;8.55;6900
2196;22;12;2004;8.28;10500
2197;21;12;2004;8.81;9300
2198;20;12;2004;9.1;7000
2199;17;12;2004;9.12;18300
2200;16;12;2004;9.08;31100
2201;15;12;2004;9.48;39100
2202;14;12;2004;9.85;81100
2203;13;12;2004;8.79;15100
2204;10;12;2004;7.86;14300
2205;9;12;2004;7.35;2800
2206;8;12;2004;7.31;5700
2207;7;12;2004;7.13;13000
2208;6;12;2004;6.99;7700
2209;3;12;2004;7.5;4500
2210;2;12;2004;7.65;5800
2211;1;12;2004;7.93;10700
2212;30;11;2004;7.58;18000
2213;29;11;2004;8.36;8900
2214;25;11;2004;8.36;10600
2215;24;11;2004;8.07;9500
2216;23;11;2004;8.92;15800
2217;22;11;2004;8.11;5100
2218;18;11;2004;8.42;21000
2219;17;11;2004;8.25;34600
2220;16;11;2004;8.09;26200
2221;12;11;2004;7.12;2800
2222;11;11;2004;7.46;11100
2223;10;11;2004;6.5;4600
2224;9;11;2004;6.16;1200
2225;8;11;2004;6.42;2600
2226;5;11;2004;6.25;1500
2227;4;11;2004;6.6;5700
2228;3;11;2004;7;3000
2229;2;11;2004;7.15;6000
2230;1;11;2004;6.95;4200
2231;29;10;2004;6.55;3600
2232;28;10;2004;6.5;3800
2233;27;10;2004;6.05;600
2234;26;10;2004;6.36;1300
2235;25;10;2004;6.5;2000
2236;21;10;2004;7;4500
2237;20;10;2004;7.05;7600
2238;19;10;2004;6.22;500
2239;18;10;2004;6.52;1500
2240;15;10;2004;6.32;5200
2241;14;10;2004;6.51;4100
2242;12;10;2004;6.89;2700
2243;11;10;2004;7.03;5800
2244;8;10;2004;7.01;5900
2245;7;10;2004;6.95;7200
2246;6;10;2004;7;19100
2247;5;10;2004;7.28;7400
2248;4;10;2004;7.6;5900
2249;1;10;2004;7.86;13700
2250;30;9;2004;7.64;28600
2251;29;9;2004;7.81;33700
2252;28;9;2004;7.62;38500
2253;27;9;2004;7.86;36200
2254;24;9;2004;6.73;18400
2255;23;9;2004;6.3;5700
2256;22;9;2004;6.48;6700
2257;21;9;2004;6.51;7800
2258;20;9;2004;6.53;14600
2259;17;9;2004;6.19;9500
2260;16;9;2004;6.31;5500
2261;15;9;2004;6.17;6700
2262;14;9;2004;6.53;14200
2263;13;9;2004;6.44;7800
2264;10;9;2004;6.46;11400
2265;9;9;2004;6.22;10000
2266;8;9;2004;6.5;9900
2267;7;9;2004;6.35;14500
2268;6;9;2004;6.49;27300
2269;3;9;2004;5.85;6400
2270;2;9;2004;6;5800
2271;1;9;2004;5.86;6400
2272;31;8;2004;5.95;7000
2273;30;8;2004;5.81;15400
2274;27;8;2004;4.9;4800
2275;26;8;2004;4.65;2100
2276;25;8;2004;4.06;700
2277;24;8;2004;4.2;500
2278;23;8;2004;4.5;300
2279;19;8;2004;4.56;500
2280;18;8;2004;4.75;100
2281;17;8;2004;4.5;600
2282;16;8;2004;4.83;800
2283;13;8;2004;4.55;1800
2284;12;8;2004;4.6;1700
2285;11;8;2004;4.25;400
2286;10;8;2004;4.5;2400
2287;9;8;2004;4.6;9000
2288;6;8;2004;4.4;2500
2289;5;8;2004;4.2;5600
2290;4;8;2004;4.45;500
2291;3;8;2004;4.4;1100
2292;2;8;2004;4.01;900
2293;30;7;2004;3.88;3200
2294;29;7;2004;4.23;4000
2295;28;7;2004;4.06;6200
2296;27;7;2004;4.9;12000
2297;26;7;2004;4.9;3500
2298;23;7;2004;4.1;200
2299;22;7;2004;4.59;1300
2300;21;7;2004;4.05;1800
2301;20;7;2004;4.01;1600
2302;19;7;2004;4.5;3800
2303;16;7;2004;4.95;3400
2304;15;7;2004;4.99;1000
2305;14;7;2004;4.95;7200
2306;13;7;2004;4.48;0
2307;12;7;2004;4.5;2300
2308;9;7;2004;4.13;800
2309;8;7;2004;4.2;1300
2310;7;7;2004;3.7;100
2311;6;7;2004;4;700
2312;5;7;2004;4.03;400
2313;2;7;2004;3.55;100
2314;1;7;2004;4.2;800
2315;30;6;2004;4;2000
2316;29;6;2004;4.99;100
2317;25;6;2004;4.42;1000
2318;24;6;2004;3.69;3500
2319;23;6;2004;4.2;900
2320;22;6;2004;4.05;5200
2321;21;6;2004;4.05;800
2322;17;6;2004;4.05;200
2323;16;6;2004;4.59;0
2324;15;6;2004;4;100
2325;14;6;2004;4.7;200
2326;11;6;2004;4.1;400
2327;10;6;2004;4.5;3100
2328;9;6;2004;4.3;400
2329;8;6;2004;4.4;1500
2330;4;6;2004;3.67;300
2331;3;6;2004;4.4;1800
2332;2;6;2004;4.4;200
2333;1;6;2004;4.4;4800
2334;31;5;2004;4.4;800
2335;28;5;2004;4.6;700
2336;27;5;2004;4.79;3300
2337;26;5;2004;4.37;3600
2338;25;5;2004;4.98;500
2339;24;5;2004;4.95;3900
2340;21;5;2004;4.28;3100
2341;20;5;2004;4.25;9200
2342;19;5;2004;4.99;2100
2343;18;5;2004;4.4;700
2344;14;5;2004;4.2;600
2345;13;5;2004;3.75;200
2346;12;5;2004;4;500
2347;11;5;2004;4.08;2700
2348;10;5;2004;4.61;5700
2349;7;5;2004;4.81;6100
2350;6;5;2004;4.37;6300
2351;5;5;2004;5;3900
2352;4;5;2004;5.46;22600
2353;3;5;2004;4.75;13200
2354;30;4;2004;3.97;2200
2355;29;4;2004;3.31;1200
2356;28;4;2004;3.3;100
2357;27;4;2004;3.5;400
2358;23;4;2004;3.5;4100
2359;22;4;2004;4.21;100
2360;21;4;2004;4.1;4000
2361;19;4;2004;3.75;600
2362;16;4;2004;3.75;1900
2363;15;4;2004;3.67;200
2364;13;4;2004;4.25;3900
2365;12;4;2004;4.04;1100
2366;8;4;2004;3.38;1100
2367;7;4;2004;3.12;300
2368;6;4;2004;3.21;600
2369;5;4;2004;3.8;800
2370;2;4;2004;3.8;500
2371;1;4;2004;3.53;300
2372;31;3;2004;3.75;900
2373;30;3;2004;3.79;1600
2374;26;3;2004;3.25;3800
2375;25;3;2004;3;500
2376;22;3;2004;3.15;300
2377;19;3;2004;3.1;2200
2378;18;3;2004;3.54;8300
2379;16;3;2004;3.97;1700
2380;15;3;2004;3.6;1200
2381;12;3;2004;3.66;5000
2382;11;3;2004;3.05;300
2383;10;3;2004;3.09;2800
2384;9;3;2004;3;1100
2385;8;3;2004;3.15;200
2386;5;3;2004;3.63;300
2387;4;3;2004;3.06;2900
2388;3;3;2004;3.59;1700
2389;1;3;2004;3.1;400
2390;27;2;2004;3.35;300
2391;26;2;2004;3.4;800
2392;25;2;2004;3.13;100
2393;24;2;2004;3.9;200
2394;23;2;2004;3.49;2100
2395;20;2;2004;3.22;1200
2396;19;2;2004;3.45;400
2397;18;2;2004;3.6;700
2398;17;2;2004;3.5;600
2399;16;2;2004;3.3;400
2400;13;2;2004;3.2;200
2401;12;2;2004;3.24;100
2402;11;2;2004;3.57;1700
2403;10;2;2004;4.2;800
2404;9;2;2004;3.62;300
2405;6;2;2004;4;1200
2406;5;2;2004;3.9;3500
2407;4;2;2004;3.7;1500
2408;3;2;2004;3.6;400
2409;30;1;2004;3.6;900
2410;29;1;2004;3.66;300
2411;28;1;2004;4;1000
2412;27;1;2004;3.81;400
2413;23;1;2004;3.8;1300
2414;22;1;2004;3.9;1800
2415;21;1;2004;4.51;900
2416;20;1;2004;4.93;1600
2417;19;1;2004;4.8;700
2418;16;1;2004;4.4;1300
2419;15;1;2004;4.85;800
2420;14;1;2004;4.78;2900
2421;13;1;2004;5.5;2900
2422;12;1;2004;5.05;900
2423;9;1;2004;5.4;6900
2424;8;1;2004;5.85;1700
2425;7;1;2004;5.5;3100
2426;6;1;2004;5.6;7000
2427;5;1;2004;5.55;7800
2428;2;1;2004;5.85;8600
2429;1;1;2004;5.65;6700
2430;31;12;2003;6.28;4300
2431;30;12;2003;6.32;7500
2432;29;12;2003;6.1;7700
2433;26;12;2003;6.66;9900
2434;24;12;2003;6.1;3900
2435;23;12;2003;6.4;4800
2436;22;12;2003;5.8;5100
2437;19;12;2003;6.27;5500
2438;18;12;2003;5.5;3300
2439;17;12;2003;4.97;2600
2440;16;12;2003;5.6;4600
2441;15;12;2003;6;7300
2442;12;12;2003;6.48;4600
2443;11;12;2003;6.25;4800
2444;10;12;2003;7;12900
2445;9;12;2003;7.05;7700
2446;8;12;2003;5.88;7200
2447;5;12;2003;4.9;3300
2448;4;12;2003;4.4;1000
2449;3;12;2003;4.2;2200
2450;2;12;2003;3.74;2400
2451;1;12;2003;3.59;2100
2452;28;11;2003;3;2900
2453;27;11;2003;3.6;1500
2454;25;11;2003;3;300
2455;24;11;2003;3;200
2456;21;11;2003;3.48;200
2457;20;11;2003;2.9;100
2458;19;11;2003;3.5;1200
2459;18;11;2003;3.5;1300
2460;17;11;2003;3;900
2461;14;11;2003;2.8;200
2462;13;11;2003;3;400
2463;12;11;2003;3.49;1000
2464;11;11;2003;3.1;100
2465;10;11;2003;3.07;500
2466;7;11;2003;2.56;300
2467;6;11;2003;2.5;1100
2468;5;11;2003;2.5;1600
2469;4;11;2003;2.35;200
2470;3;11;2003;2.3;1100
2471;31;10;2003;2.02;100
2472;30;10;2003;2.3;100
2473;28;10;2003;2.63;100
2474;22;10;2003;3.28;100
2475;13;10;2003;4.09;200
2476;10;10;2003;3.49;800
2477;9;10;2003;3;1700
2478;8;10;2003;2.5;400
2479;6;10;2003;2.56;200
2480;1;10;2003;3.18;1100
2481;30;9;2003;2.65;300
2482;26;9;2003;3.2;1100
2483;22;9;2003;2.93;100
2484;15;9;2003;3.66;1200
2485;12;9;2003;3.05;0
2486;11;9;2003;3.62;300
2487;10;9;2003;4.5;2200
2488;9;9;2003;4.1;1000
2489;8;9;2003;5;2600
2490;5;9;2003;5;2000
2491;4;9;2003;4.81;2700
2492;3;9;2003;5;2300
2493;2;9;2003;5.5;3700
2494;1;9;2003;5.88;7400
2495;29;8;2003;4.9;1700
2496;28;8;2003;4.5;1200
2497;27;8;2003;4.59;500
2498;26;8;2003;4.5;900
2499;25;8;2003;4.35;600
2500;22;8;2003;4.97;4100
2501;21;8;2003;4.32;1500
2502;20;8;2003;5.16;3500
2503;19;8;2003;5.9;4100
2504;18;8;2003;6.1;3200
2505;14;8;2003;5.85;3900
2506;13;8;2003;6.72;16000
2507;12;8;2003;5.6;7800
2508;11;8;2003;4.68;4300
2509;8;8;2003;3.9;2700
2510;7;8;2003;3.49;4300
2511;6;8;2003;3.15;2300
2512;5;8;2003;3.35;3300
2513;4;8;2003;3.16;400
2514;1;8;2003;3.11;500
2515;31;7;2003;3.23;900
2516;30;7;2003;3.01;900
2517;29;7;2003;2.9;100
2518;28;7;2003;3.05;1800
2519;25;7;2003;2.85;1000
2520;24;7;2003;3.4;2200
2521;22;7;2003;3.1;1600
2522;21;7;2003;2.95;500
2523;18;7;2003;3;800
2524;17;7;2003;3.2;700
2525;16;7;2003;3.45;2000
2526;15;7;2003;3.06;500
2527;14;7;2003;2.55;200
2528;11;7;2003;2.75;800
2529;10;7;2003;3.25;800
2530;9;7;2003;3.6;3200
2531;8;7;2003;3.05;100
2532;7;7;2003;3.61;700
2533;4;7;2003;3.01;100
2534;3;7;2003;3;900
2535;2;7;2003;3;1800
2536;1;7;2003;3.4;300
2537;30;6;2003;4.1;100
2538;27;6;2003;3.5;500
2539;26;6;2003;3.51;1900
2540;25;6;2003;3.56;400
2541;24;6;2003;3.75;3700
2542;23;6;2003;3.45;3000
2543;20;6;2003;3.1;1400
2544;19;6;2003;3.55;400
2545;18;6;2003;3;1300
2546;17;6;2003;3.54;800
2547;13;6;2003;3;1000
2548;12;6;2003;3;1800
2549;9;6;2003;3.05;300
2550;6;6;2003;3.05;900
2551;5;6;2003;3;1000
2552;29;5;2003;2.5;1200
2553;28;5;2003;2.5;1000
2554;21;5;2003;2.4;1400
2555;20;5;2003;2.65;300
2556;16;5;2003;2.25;200
2557;15;5;2003;1.9;100
2558;14;5;2003;1.6;300
2559;13;5;2003;1.35;100
2560;7;5;2003;1.3;100
2561;6;5;2003;1.1;100
2562;5;5;2003;1.3;100
2563;2;5;2003;1.5;100
2564;29;4;2003;1.5;1900
2565;28;4;2003;1.3;100
2566;25;4;2003;1.25;100
2567;21;4;2003;1.05;100
2568;16;4;2003;1.25;100
2569;15;4;2003;1.4;100
2570;2;4;2003;1.2;300
2571;31;3;2003;1.05;200
2572;28;3;2003;1.25;100
2573;27;3;2003;1.15;200
2574;20;3;2003;1.35;200
2575;11;3;2003;1.5;100
2576;10;3;2003;1.25;100
2577;6;3;2003;1.5;100
2578;4;3;2003;1.45;100
2579;28;2;2003;1.65;200
2580;27;2;2003;2;200
2581;26;2;2003;2.05;500
2582;24;2;2003;2.05;200
2583;20;2;2003;2.05;1400
2584;19;2;2003;2.05;200
2585;18;2;2003;2.5;100
2586;17;2;2003;2.3;200
2587;14;2;2003;2;1200
2588;11;2;2003;2.1;0
2589;10;2;2003;2.6;300
2590;5;2;2003;2.35;0
2591;4;2;2003;2.1;200
2592;3;2;2003;2.35;0
2593;31;1;2003;2;200
2594;30;1;2003;1.8;100
2595;29;1;2003;1.85;100
2596;24;1;2003;2;1100
2597;23;1;2003;1.8;100
2598;22;1;2003;2;400
2599;21;1;2003;1.95;300
2600;20;1;2003;1.95;1200
2601;14;1;2003;2.1;200
2602;13;1;2003;2.4;100
2603;10;1;2003;2.4;100
2604;9;1;2003;2.95;300
2605;8;1;2003;2.6;200
2606;7;1;2003;2.95;200
2607;6;1;2003;2.6;800
2608;3;1;2003;2.6;1000
2609;2;1;2003;2.75;300
2610;1;1;2003;2.3;100
2611;30;12;2002;2.3;200
2612;27;12;2002;2.3;300
2613;26;12;2002;2.25;200
2614;19;12;2002;1.9;100
2615;18;12;2002;2.2;300
2616;12;12;2002;2.7;0
2617;11;12;2002;2.5;400
2618;10;12;2002;2.1;100
2619;9;12;2002;2.2;200
2620;5;12;2002;2.5;100
2621;4;12;2002;3.1;300
2622;3;12;2002;2.6;1100
2623;2;12;2002;2.3;300
2624;28;11;2002;1.8;100
2625;27;11;2002;1.5;500
2626;25;11;2002;1.35;100
2627;21;11;2002;1.25;100
2628;13;11;2002;1.4;100
2629;1;11;2002;1.7;100
2630;31;10;2002;1.9;300
2631;30;10;2002;2.1;1200
2632;29;10;2002;1.85;100
2633;23;10;2002;1.55;500
2634;22;10;2002;1.5;700
2635;21;10;2002;1.6;100
2636;18;10;2002;1.4;200
2637;14;10;2002;1.45;100
2638;11;10;2002;1.4;500
2639;9;10;2002;1.55;100
2640;8;10;2002;1.5;100
2641;7;10;2002;1.4;1000
2642;30;9;2002;1.7;0
2643;27;9;2002;2.1;100
2644;24;9;2002;1.75;200
2645;18;9;2002;2.15;200
2646;17;9;2002;2.05;1100
2647;16;9;2002;2.05;300
2648;13;9;2002;2.15;700
2649;12;9;2002;2.55;200
2650;5;9;2002;2.15;300
2651;3;9;2002;2.15;100
2652;2;9;2002;2.45;800
2653;29;8;2002;3;300
2654;22;8;2002;3;1000
2655;19;8;2002;3.2;100
2656;16;8;2002;3.25;100
2657;14;8;2002;3.5;0
2658;9;8;2002;3.3;500
2659;26;6;2002;7.8;3200
2660;25;6;2002;6.5;2800
2661;24;6;2002;5.45;5300
2662;21;6;2002;4.55;4300
2663;20;6;2002;3.8;0
2664;19;6;2002;3.2;1700
2665;18;6;2002;2.7;200
2666;17;6;2002;2.25;1600
2667;14;6;2002;1.9;1500
2668;13;6;2002;1.95;300
2669;10;6;2002;1.65;300
2670;7;6;2002;1.4;200
2671;6;6;2002;1.2;300
2672;16;4;2002;1;0
2673;15;4;2002;1.1;0
2674;22;2;2002;1.35;900
2675;21;2;2002;1.3;900
2676;18;2;2002;1.6;100
2677;18;1;2002;1.6;100
2678;21;11;2000;1.6;0
2679;20;11;2000;1.6;0
2680;17;11;2000;1.6;0
2681;16;11;2000;1.6;0
2682;15;11;2000;1.6;0
2683;14;11;2000;1.6;0
2684;13;11;2000;1.6;0
2685;10;11;2000;1.6;0
2686;9;11;2000;1.6;0
2687;8;11;2000;1.6;0
2688;7;11;2000;1.6;0
2689;6;11;2000;1.6;0
2690;3;11;2000;1.6;0
2691;2;11;2000;1.6;0
2692;1;11;2000;1.6;100
2693;31;10;2000;1.55;0
2694;30;10;2000;1.55;0
2695;27;10;2000;1.55;0
2696;26;10;2000;1.55;0
2697;25;10;2000;1.55;0
2698;24;10;2000;1.55;0
2699;23;10;2000;1.55;300
2700;20;10;2000;2;0
2701;19;10;2000;2;0
2702;18;10;2000;2;0
2703;17;10;2000;2;0
2704;16;10;2000;2;0
2705;13;10;2000;2;0
2706;12;10;2000;2;0
2707;11;10;2000;2;0
2708;10;10;2000;2;0
2709;9;10;2000;2;100
2710;6;10;2000;2;0
2711;5;10;2000;2;0
2712;4;10;2000;2;0
2713;3;10;2000;2;400
2714;2;10;2000;2.5;0
2715;29;9;2000;2.5;0
2716;28;9;2000;2.5;0
2717;27;9;2000;2.5;0
2718;26;9;2000;2.5;0
2719;25;9;2000;2.5;0
2720;22;9;2000;2.5;0
2721;21;9;2000;2.5;100
2722;20;9;2000;2.5;0
2723;19;9;2000;2.5;0
2724;18;9;2000;2.5;0
2725;15;9;2000;2.5;100
