1;24;10;2013;48.5;0
2;23;10;2013;48.5;0
3;22;10;2013;48.5;0
4;21;10;2013;48.5;0
5;18;10;2013;48.5;0
6;17;10;2013;48.5;0
7;16;10;2013;48.5;0
8;15;10;2013;48.5;0
9;14;10;2013;48.5;0
10;11;10;2013;48.5;0
11;10;10;2013;48.5;0
12;9;10;2013;48.5;0
13;8;10;2013;51;0
14;7;10;2013;49.05;0
15;4;10;2013;49.05;0
16;3;10;2013;49.05;0
17;2;10;2013;49.05;0
18;1;10;2013;49.05;0
19;30;9;2013;51.5;0
20;27;9;2013;51.5;0
21;26;9;2013;51.5;0
22;25;9;2013;51.5;0
23;24;9;2013;51.5;0
24;23;9;2013;51.5;0
25;20;9;2013;51.5;0
26;19;9;2013;51.5;0
27;18;9;2013;52;0
28;17;9;2013;50.5;0
29;16;9;2013;50.5;0
30;13;9;2013;50.4;0
31;12;9;2013;50.4;100
32;11;9;2013;53;0
33;10;9;2013;55.75;0
34;9;9;2013;53.1;0
35;6;9;2013;53.1;0
36;5;9;2013;53.1;0
37;4;9;2013;55;0
38;3;9;2013;53;0
39;2;9;2013;51.1;0
40;30;8;2013;53;0
41;29;8;2013;53;0
42;28;8;2013;53;0
43;27;8;2013;53;0
44;26;8;2013;53;0
45;23;8;2013;50.5;0
46;22;8;2013;50.5;0
47;21;8;2013;50.5;0
48;20;8;2013;50.4;0
49;19;8;2013;48;0
50;16;8;2013;48;0
51;15;8;2013;50;0
52;14;8;2013;50;0
53;13;8;2013;50;0
54;12;8;2013;50;0
55;9;8;2013;50;0
56;8;8;2013;50;0
57;7;8;2013;50;0
58;6;8;2013;50;0
59;5;8;2013;50;0
60;2;8;2013;50;0
61;1;8;2013;50;0
62;31;7;2013;50;0
63;30;7;2013;50;0
64;29;7;2013;50;0
65;26;7;2013;50;0
66;25;7;2013;49.8;3000
67;24;7;2013;50.2;1500
68;23;7;2013;48;0
69;22;7;2013;48;2200
70;19;7;2013;50.5;400
71;18;7;2013;50.5;2000
72;17;7;2013;51.5;1400
73;16;7;2013;51;0
74;15;7;2013;51;0
75;12;7;2013;51;0
76;11;7;2013;53.2;0
77;10;7;2013;53.2;0
78;9;7;2013;55.95;0
79;8;7;2013;58.85;0
80;5;7;2013;58.85;0
81;4;7;2013;56.1;0
82;3;7;2013;56.1;0
83;2;7;2013;59;0
84;1;7;2013;59;0
85;28;6;2013;59;0
86;27;6;2013;59;0
87;26;6;2013;56.9;0
88;25;6;2013;59.85;0
89;24;6;2013;59.85;0
90;21;6;2013;54.3;0
91;20;6;2013;54.3;0
92;19;6;2013;54.3;0
93;18;6;2013;54.3;0
94;17;6;2013;54.3;0
95;14;6;2013;54.3;0
96;13;6;2013;54.3;0
97;12;6;2013;54.3;0
98;11;6;2013;51.8;0
99;10;6;2013;51.8;0
100;7;6;2013;54;0
101;6;6;2013;54.3;0
102;5;6;2013;54.3;0
103;4;6;2013;54.3;0
104;3;6;2013;54.3;0
105;31;5;2013;54.3;0
106;30;5;2013;54.3;0
107;29;5;2013;54.3;0
108;28;5;2013;51.8;0
109;27;5;2013;51.8;0
110;24;5;2013;51.8;0
111;23;5;2013;51.8;0
112;22;5;2013;51.8;0
113;21;5;2013;51.8;0
114;20;5;2013;51.8;0
115;17;5;2013;52.3;0
116;16;5;2013;52.3;0
117;15;5;2013;52.3;0
118;14;5;2013;52.3;0
119;13;5;2013;55;0
120;10;5;2013;55;0
121;9;5;2013;55;0
122;8;5;2013;55;0
123;7;5;2013;55;0
124;6;5;2013;55.15;0
125;3;5;2013;55.15;0
126;2;5;2013;58;0
127;1;5;2013;61;0
128;30;4;2013;61;200
129;29;4;2013;64;0
130;26;4;2013;64;100
131;25;4;2013;61.15;0
132;24;4;2013;61.15;0
133;23;4;2013;61.15;0
134;22;4;2013;61.15;0
135;19;4;2013;61.15;0
136;18;4;2013;61.15;0
137;17;4;2013;61.15;0
138;16;4;2013;61.15;0
139;15;4;2013;61.15;0
140;12;4;2013;61.15;0
141;11;4;2013;58.25;0
142;10;4;2013;55.5;0
143;9;4;2013;53.8;0
144;8;4;2013;53.8;0
145;5;4;2013;53.8;0
146;4;4;2013;56.25;100
147;3;4;2013;56.1;400
148;2;4;2013;56.9;300
149;1;4;2013;55.7;200
150;29;3;2013;53.05;0
151;28;3;2013;53.05;1700
152;27;3;2013;55;0
153;26;3;2013;55;200
154;25;3;2013;55.1;800
155;22;3;2013;54;3000
156;21;3;2013;51.9;0
157;20;3;2013;51.9;1200
158;19;3;2013;52.75;1000
159;18;3;2013;53.7;1600
160;15;3;2013;52.65;100
161;14;3;2013;54.25;30500
162;13;3;2013;51.7;1200
163;12;3;2013;52.35;1200
164;11;3;2013;52.9;1900
165;8;3;2013;54;400
166;7;3;2013;55.9;0
167;6;3;2013;53.4;900
168;5;3;2013;51.2;800
169;4;3;2013;53.1;100
170;1;3;2013;55.75;18600
171;28;2;2013;54.25;500
172;27;2;2013;54.6;300
173;26;2;2013;55.5;2600
174;25;2;2013;55.05;800
175;22;2;2013;56.3;1900
176;21;2;2013;55.5;1700
177;20;2;2013;52.9;400
178;19;2;2013;50.4;600
179;18;2;2013;48;700
180;15;2;2013;45.75;300
181;14;2;2013;43.6;600
182;13;2;2013;45.55;200
183;12;2;2013;43.4;900
184;11;2;2013;43.5;200
185;8;2;2013;44.2;43700
186;7;2;2013;43.6;600
187;6;2;2013;44.2;400
188;5;2;2013;45.75;600
189;4;2;2013;44;800
190;1;2;2013;43;1000
191;31;1;2013;43.8;0
192;30;1;2013;43.8;0
193;29;1;2013;44.5;0
194;28;1;2013;44.5;0
195;25;1;2013;45.7;200
196;24;1;2013;43.55;600
197;23;1;2013;43.45;3000
198;22;1;2013;43;300
199;21;1;2013;44.55;1200
200;18;1;2013;44.1;600
201;17;1;2013;45.55;200
202;16;1;2013;45.5;600
203;15;1;2013;47.5;0
204;14;1;2013;49.7;200
205;11;1;2013;47.4;900
206;10;1;2013;49.65;1100
207;9;1;2013;52.15;11200
208;8;1;2013;49.7;1000
209;7;1;2013;52.3;700
210;4;1;2013;55;1600
211;3;1;2013;57.85;21100
212;2;1;2013;58.9;11500
213;1;1;2013;56.1;11400
214;31;12;2012;53.45;11300
215;28;12;2012;50.95;13200
216;27;12;2012;48.55;17000
217;26;12;2012;47.1;0
218;25;12;2012;47.1;0
219;24;12;2012;47.1;11100
220;21;12;2012;46.35;500
221;20;12;2012;47.5;200
222;19;12;2012;48.1;12400
223;18;12;2012;45.85;500
224;17;12;2012;43.7;1700
225;14;12;2012;41.65;900
226;13;12;2012;42.8;800
227;12;12;2012;44.9;300
228;11;12;2012;44.1;0
229;10;12;2012;44.1;1200
230;7;12;2012;42;200
231;6;12;2012;41.9;0
232;5;12;2012;41.9;0
233;4;12;2012;41.9;600
234;3;12;2012;40;600
235;30;11;2012;41.4;200
236;29;11;2012;41.4;1100
237;28;11;2012;39.75;0
238;27;11;2012;39.75;600
239;26;11;2012;38.15;1000
240;23;11;2012;39.9;800
241;22;11;2012;40.8;1600
242;21;11;2012;42.7;17200
243;20;11;2012;41.25;1200
244;19;11;2012;39.5;1300
245;16;11;2012;38;2200
246;15;11;2012;37;400
247;14;11;2012;35.75;0
248;13;11;2012;35.75;0
249;12;11;2012;35.75;200
250;9;11;2012;36.6;1200
251;8;11;2012;36.75;200
252;7;11;2012;36.75;400
253;6;11;2012;36.35;2400
254;5;11;2012;34.65;1200
255;2;11;2012;33;0
256;1;11;2012;33;600
257;31;10;2012;33.15;1600
258;30;10;2012;31.65;800
259;29;10;2012;30.85;400
260;26;10;2012;30.8;0
261;25;10;2012;30.8;200
262;24;10;2012;31;0
263;23;10;2012;31;1000
264;22;10;2012;31.9;800
265;19;10;2012;33;800
266;18;10;2012;33.2;4700
267;17;10;2012;31.95;0
268;16;10;2012;31.95;200
269;15;10;2012;31.85;0
270;12;10;2012;30.9;0
271;11;10;2012;30.9;1000
272;10;10;2012;31.15;300
273;9;10;2012;29.7;2000
274;8;10;2012;28.3;1800
275;5;10;2012;27.75;300
276;4;10;2012;27.6;400
277;3;10;2012;29;0
278;2;10;2012;29;0
279;1;10;2012;29;100
280;28;9;2012;29;200
281;27;9;2012;28.2;0
282;26;9;2012;29.6;1300
283;25;9;2012;28.55;800
284;24;9;2012;29.95;300
285;21;9;2012;28.8;800
286;20;9;2012;30.2;0
287;19;9;2012;30.2;0
288;18;9;2012;30.2;400
289;17;9;2012;30;100
290;14;9;2012;31.45;200
291;13;9;2012;30;0
292;12;9;2012;28.8;200
293;11;9;2012;30.2;100
294;10;9;2012;29.05;200
295;7;9;2012;30.5;0
296;6;9;2012;30.7;100
297;5;9;2012;29.95;300
298;4;9;2012;29.55;200
299;3;9;2012;29.3;0
300;31;8;2012;28.2;400
301;30;8;2012;29;0
302;29;8;2012;27.65;100
303;28;8;2012;28.55;0
304;27;8;2012;27.2;0
305;24;8;2012;27.2;0
306;23;8;2012;27.2;100
307;22;8;2012;27.15;300
308;21;8;2012;28.55;100
309;20;8;2012;30;0
310;17;8;2012;30;100
311;16;8;2012;28.9;0
312;15;8;2012;28.9;0
313;14;8;2012;28.9;100
314;13;8;2012;30.4;0
315;10;8;2012;30.55;200
316;9;8;2012;29.1;400
317;8;8;2012;29.5;4300
318;7;8;2012;29.5;300
319;6;8;2012;30.5;0
320;3;8;2012;29.5;0
321;2;8;2012;30.95;0
322;1;8;2012;29.5;0
323;31;7;2012;30;0
324;30;7;2012;30;0
325;27;7;2012;31.3;0
326;26;7;2012;31.3;0
327;25;7;2012;29.9;500
328;24;7;2012;29.9;0
329;23;7;2012;29.3;0
330;20;7;2012;29.35;600
331;19;7;2012;29.25;800
332;18;7;2012;28;1400
333;17;7;2012;26.7;0
334;16;7;2012;28.05;200
335;13;7;2012;26.75;300
336;12;7;2012;27.4;0
337;11;7;2012;27.4;100
338;10;7;2012;28.8;200
339;9;7;2012;27.45;0
340;6;7;2012;28.85;900
341;5;7;2012;28.1;900
342;4;7;2012;27.8;1400
343;3;7;2012;26.5;0
344;2;7;2012;27;200
345;29;6;2012;28;0
346;28;6;2012;28;0
347;27;6;2012;26.7;0
348;26;6;2012;26.7;200
349;25;6;2012;28.1;1000
350;22;6;2012;26.9;200
351;21;6;2012;26.95;200
352;20;6;2012;27.4;800
353;19;6;2012;27.35;0
354;18;6;2012;27.35;0
355;15;6;2012;27.35;0
356;14;6;2012;26.95;0
357;13;6;2012;26.95;0
358;12;6;2012;26.95;0
359;11;6;2012;26.95;0
360;8;6;2012;26.95;0
361;7;6;2012;27;0
362;6;6;2012;27;0
363;5;6;2012;27;300
364;4;6;2012;26.4;1000
365;1;6;2012;26.4;500
366;31;5;2012;25.2;200
367;30;5;2012;25.2;0
368;29;5;2012;25.2;0
369;28;5;2012;25.2;0
370;25;5;2012;24.7;100
371;24;5;2012;25.2;200
372;23;5;2012;26;200
373;22;5;2012;26;0
374;21;5;2012;26;600
375;18;5;2012;27.15;0
376;17;5;2012;25.9;0
377;16;5;2012;25.9;0
378;15;5;2012;24.75;400
379;14;5;2012;24.9;2500
380;11;5;2012;24.65;300
381;10;5;2012;25.3;400
382;9;5;2012;26.45;0
383;8;5;2012;26.5;800
384;7;5;2012;26;400
385;4;5;2012;27.3;400
386;3;5;2012;28;300
387;2;5;2012;29;800
388;1;5;2012;29.35;0
389;30;4;2012;29.35;300
390;27;4;2012;30.85;100
391;26;4;2012;29.4;1600
392;25;4;2012;30.9;500
393;24;4;2012;29.5;0
394;23;4;2012;29.5;0
395;20;4;2012;29.5;6300
396;19;4;2012;29;1000
397;18;4;2012;28.5;1100
398;17;4;2012;27.15;100
399;16;4;2012;27.7;0
400;13;4;2012;27.7;1500
401;12;4;2012;28.55;1000
402;11;4;2012;27.2;0
403;10;4;2012;27.2;200
404;9;4;2012;28.6;0
405;6;4;2012;28.5;0
406;5;4;2012;28.5;0
407;4;4;2012;28.5;0
408;3;4;2012;28.5;0
409;2;4;2012;28.55;2900
410;30;3;2012;27.2;0
411;29;3;2012;27.8;0
412;28;3;2012;26.5;900
413;27;3;2012;27.45;0
414;26;3;2012;28.85;3700
415;23;3;2012;28.35;0
416;22;3;2012;27.75;700
417;21;3;2012;28.35;10200
418;20;3;2012;27.3;600
419;19;3;2012;27.5;0
420;16;3;2012;27.5;0
421;15;3;2012;28.6;500
422;14;3;2012;28.35;300
423;13;3;2012;28.2;200
424;12;3;2012;29;0
425;9;3;2012;29;0
426;8;3;2012;29;0
427;7;3;2012;28.45;100
428;6;3;2012;27.55;2600
429;5;3;2012;27.9;100
430;2;3;2012;28.8;1800
431;1;3;2012;29;1100
432;29;2;2012;28.95;0
433;28;2;2012;28.95;0
434;27;2;2012;27.9;0
435;24;2;2012;27.9;0
436;23;2;2012;27.9;1500
437;22;2;2012;27.75;900
438;21;2;2012;28.5;400
439;20;2;2012;28.4;0
440;17;2;2012;28.4;0
441;16;2;2012;28;0
442;15;2;2012;28.35;1300
443;14;2;2012;28.65;2300
444;13;2;2012;28.5;2300
445;10;2;2012;27.55;100
446;9;2;2012;26.75;1100
447;8;2;2012;26.9;0
448;7;2;2012;25.95;2000
449;6;2;2012;27.3;1200
450;3;2;2012;28.3;800
451;2;2;2012;29.4;300
452;1;2;2012;28.35;1900
453;31;1;2012;29.8;1000
454;30;1;2012;28.4;0
455;27;1;2012;28.4;0
456;26;1;2012;28.4;0
457;25;1;2012;28.4;300
458;24;1;2012;27.05;100
459;23;1;2012;28;100
460;20;1;2012;28.7;100
461;19;1;2012;29.55;800
462;18;1;2012;29.2;0
463;17;1;2012;29.2;100
464;16;1;2012;30.6;0
465;13;1;2012;30.6;0
466;12;1;2012;30.6;0
467;11;1;2012;30.85;2100
468;10;1;2012;29.8;300
469;9;1;2012;28.5;100
470;6;1;2012;29.8;0
471;5;1;2012;28.8;0
472;4;1;2012;27.5;0
473;3;1;2012;27.5;0
474;2;1;2012;27.5;0
475;30;12;2011;27.5;0
476;29;12;2011;26.55;100
477;28;12;2011;26.5;0
478;27;12;2011;26.5;0
479;26;12;2011;26.5;0
480;23;12;2011;26.5;0
481;22;12;2011;26.5;0
482;21;12;2011;26.5;0
483;20;12;2011;26.5;2600
484;19;12;2011;26;0
485;16;12;2011;26;0
486;15;12;2011;26.5;1600
487;14;12;2011;25.25;600
488;13;12;2011;25.1;0
489;12;12;2011;25.1;200
490;9;12;2011;26.2;500
491;8;12;2011;25.15;500
492;7;12;2011;26.3;0
493;6;12;2011;25.1;0
494;5;12;2011;25.1;1500
495;2;12;2011;25.25;200
496;1;12;2011;25.9;200
497;30;11;2011;26.45;200
498;29;11;2011;25.35;1400
499;28;11;2011;26.15;100
500;25;11;2011;26.35;11000
501;24;11;2011;27.55;100
502;23;11;2011;28.85;0
503;22;11;2011;28.85;0
504;21;11;2011;27.5;0
505;18;11;2011;27.5;100
506;17;11;2011;27.35;0
507;16;11;2011;27.35;0
508;15;11;2011;26.05;100
509;14;11;2011;27;200
510;11;11;2011;27.55;400
511;8;11;2011;28.95;5200
512;4;11;2011;27.6;1100
513;3;11;2011;27.35;100
514;28;10;2011;28.4;0
515;25;10;2011;27.05;0
516;24;10;2011;28.2;5800
517;20;10;2011;27.05;100
518;18;10;2011;28.45;0
519;13;10;2011;28;800
520;12;10;2011;27.25;100
521;11;10;2011;27.55;200
522;5;10;2011;26.25;0
523;4;10;2011;27.3;600
524;3;10;2011;26.05;0
525;28;9;2011;26.05;0
526;23;9;2011;26.25;0
527;22;9;2011;26.25;500
528;19;9;2011;26.8;200
529;16;9;2011;28.1;400
530;15;9;2011;27.6;300
531;14;9;2011;29.4;700
532;13;9;2011;29.05;400
533;12;9;2011;29.7;0
534;9;9;2011;29.75;0
535;8;9;2011;29.05;100
536;7;9;2011;29;2300
537;6;9;2011;29;100
538;5;9;2011;28.95;1200
539;2;9;2011;28.25;0
540;30;8;2011;28.8;1200
541;29;8;2011;28;0
542;26;8;2011;26.4;600
543;25;8;2011;28;0
544;23;8;2011;27.95;100
545;22;8;2011;27.15;100
546;19;8;2011;27.45;500
547;18;8;2011;27.5;1900
548;10;8;2011;28.95;0
549;9;8;2011;28.8;2400
550;8;8;2011;28.9;4800
551;5;8;2011;27;1000
552;4;8;2011;27.75;300
553;3;8;2011;28.4;0
554;2;8;2011;28;8500
555;29;7;2011;28;2900
556;28;7;2011;27;400
557;27;7;2011;27;500
558;26;7;2011;27;7400
559;25;7;2011;27.4;500
560;21;7;2011;28.7;700
561;19;7;2011;27.65;200
562;18;7;2011;29.35;0
563;15;7;2011;27.2;100
564;14;7;2011;27.35;1500
565;13;7;2011;27.75;1000
566;12;7;2011;27.9;200
567;11;7;2011;28.65;0
568;8;7;2011;28.9;400
569;7;7;2011;29.1;1200
570;6;7;2011;29;2300
571;5;7;2011;28.6;700
572;4;7;2011;27.55;0
573;1;7;2011;28.35;1100
574;30;6;2011;28.3;700
575;27;6;2011;27.35;2600
576;24;6;2011;28;2200
577;23;6;2011;26.95;2600
578;22;6;2011;27;600
579;21;6;2011;27;1600
580;20;6;2011;29.5;2000
581;17;6;2011;27.8;400
582;16;6;2011;27.8;3300
583;15;6;2011;28.05;900
584;14;6;2011;29.25;2300
585;13;6;2011;27.25;2600
586;10;6;2011;28.25;900
587;9;6;2011;26.7;2000
588;8;6;2011;26.6;3000
589;7;6;2011;26.8;4500
590;6;6;2011;26.8;2500
591;3;6;2011;27.95;1200
592;2;6;2011;28;4100
593;1;6;2011;27.95;2000
594;27;5;2011;25.7;600
595;26;5;2011;25.95;600
596;25;5;2011;25.35;200
597;23;5;2011;25.7;0
598;20;5;2011;25.6;1500
599;19;5;2011;25.95;1300
600;18;5;2011;25.9;2300
601;17;5;2011;26;1200
602;16;5;2011;26.8;100
603;13;5;2011;26.65;1800
604;12;5;2011;25.85;1600
605;11;5;2011;26.55;3800
606;10;5;2011;25.15;11900
607;9;5;2011;26.6;20500
608;6;5;2011;28.8;13400
609;5;5;2011;34.3;0
610;4;5;2011;32.95;100
611;3;5;2011;32.25;6700
612;2;5;2011;31.1;600
613;29;4;2011;31.05;1100
614;28;4;2011;32.5;400
615;27;4;2011;32.5;3600
616;26;4;2011;33.15;200
617;25;4;2011;32.05;800
618;21;4;2011;32.35;1400
619;20;4;2011;34.15;700
620;18;4;2011;33.75;1500
621;15;4;2011;32;500
622;13;4;2011;32.6;300
623;11;4;2011;33.35;100
624;8;4;2011;33.5;500
625;7;4;2011;33.05;500
626;6;4;2011;32.5;1000
627;5;4;2011;34;300
628;4;4;2011;33.4;400
629;1;4;2011;32.95;200
630;30;3;2011;31.05;800
631;29;3;2011;31.1;1500
632;28;3;2011;31.85;200
633;25;3;2011;32.25;2500
634;24;3;2011;32;800
635;16;3;2011;32;200
636;15;3;2011;31.7;0
637;14;3;2011;31.85;100
638;11;3;2011;32.95;1700
639;10;3;2011;32;2000
640;9;3;2011;33.2;7400
641;8;3;2011;32.7;200
642;7;3;2011;31;500
643;4;3;2011;32.8;1300
644;3;3;2011;32.9;200
645;25;2;2011;32.8;1000
646;24;2;2011;32;1300
647;23;2;2011;33;0
648;22;2;2011;33;200
649;21;2;2011;32.85;100
650;18;2;2011;32;2100
651;17;2;2011;32.5;400
652;16;2;2011;32.05;4300
653;15;2;2011;30.75;0
654;14;2;2011;32.8;300
655;10;2;2011;32;2100
656;9;2;2011;32;2100
657;8;2;2011;32;900
658;7;2;2011;32.05;2300
659;4;2;2011;32.65;2400
660;3;2;2011;32.95;2600
661;2;2;2011;31.7;10800
662;1;2;2011;30.05;14600
663;31;1;2011;28.3;500
664;28;1;2011;28.25;700
665;27;1;2011;28.6;6000
666;25;1;2011;29.5;3500
667;21;1;2011;28.55;1700
668;20;1;2011;29.15;700
669;19;1;2011;29.9;1400
670;18;1;2011;28.85;2000
671;17;1;2011;28.85;200
672;14;1;2011;28.8;3700
673;13;1;2011;29.5;600
674;12;1;2011;28.8;600
675;11;1;2011;29.5;700
676;10;1;2011;30;1700
677;7;1;2011;30;3600
678;6;1;2011;30.75;2800
679;5;1;2011;30;2000
680;4;1;2011;30;5600
681;3;1;2011;30.2;1800
682;31;12;2010;29.25;2700
683;29;12;2010;30;600
684;28;12;2010;28.55;300
685;27;12;2010;30.3;1500
686;24;12;2010;29.25;1400
687;23;12;2010;30.05;1000
688;22;12;2010;29.95;700
689;21;12;2010;29.85;4000
690;20;12;2010;29.9;900
691;16;12;2010;29.15;3800
692;15;12;2010;30.3;0
693;14;12;2010;29.25;1800
694;13;12;2010;28;500
695;10;12;2010;28.5;2000
696;9;12;2010;27.05;1600
697;8;12;2010;28.2;1400
698;7;12;2010;28.9;2000
699;6;12;2010;29;100
700;3;12;2010;29.05;4400
701;2;12;2010;31.55;1100
702;1;12;2010;30.1;3000
703;30;11;2010;29.4;200
704;29;11;2010;27.95;1000
705;26;11;2010;29;1800
706;25;11;2010;29.7;4400
707;24;11;2010;29.6;600
708;23;11;2010;29.2;1300
709;22;11;2010;30;9000
710;19;11;2010;30.4;3200
711;18;11;2010;31;1800
712;16;11;2010;31.45;4500
713;15;11;2010;34.45;12800
714;12;11;2010;36.1;69300
715;11;11;2010;37.4;65000
716;10;11;2010;31.2;11600
717;9;11;2010;26;10400
718;8;11;2010;26.05;1800
719;4;11;2010;26;2200
720;3;11;2010;26;900
721;2;11;2010;26.65;600
722;29;10;2010;26.35;2600
723;28;10;2010;26.25;1600
724;27;10;2010;25.7;2500
725;26;10;2010;26.85;5300
726;25;10;2010;26.7;100
727;22;10;2010;25.5;900
728;21;10;2010;25.5;100
729;20;10;2010;24.75;400
730;19;10;2010;26.4;800
731;18;10;2010;25.35;900
732;15;10;2010;26;0
733;14;10;2010;25.85;1500
734;13;10;2010;26;700
735;12;10;2010;26.1;2000
736;8;10;2010;26;1400
737;7;10;2010;26.25;700
738;6;10;2010;26.35;1800
739;5;10;2010;26;1000
740;4;10;2010;25.45;500
741;1;10;2010;25.85;2200
742;29;9;2010;25.9;3000
743;28;9;2010;26.05;500
744;27;9;2010;25.95;1000
745;24;9;2010;26.5;1200
746;21;9;2010;26.1;100
747;20;9;2010;26.2;1900
748;17;9;2010;26.55;2600
749;16;9;2010;26.1;1500
750;15;9;2010;25.65;3200
751;14;9;2010;26.75;1100
752;13;9;2010;26.5;400
753;9;9;2010;26.75;800
754;8;9;2010;27.35;1000
755;7;9;2010;26.65;2900
756;6;9;2010;27;2300
757;3;9;2010;27.15;400
758;2;9;2010;25.95;20300
759;1;9;2010;25.5;20300
760;31;8;2010;26;2400
761;30;8;2010;26.9;100
762;27;8;2010;27.35;0
763;26;8;2010;27.1;1100
764;25;8;2010;26.15;1400
765;24;8;2010;27.7;0
766;23;8;2010;27.6;200
767;20;8;2010;27.15;3200
768;19;8;2010;26.1;900
769;18;8;2010;27.2;1600
770;17;8;2010;27.75;500
771;16;8;2010;26.9;1200
772;13;8;2010;26.35;800
773;12;8;2010;26.8;1200
774;11;8;2010;26.4;800
775;10;8;2010;27.35;200
776;9;8;2010;27.25;800
777;6;8;2010;26.5;1000
778;5;8;2010;26.6;4100
779;4;8;2010;26;12100
780;3;8;2010;26.7;1500
781;2;8;2010;26.05;3400
782;30;7;2010;25.75;5700
783;29;7;2010;26.55;6100
784;28;7;2010;27.2;25900
785;27;7;2010;28.25;2400
786;26;7;2010;28.4;76600
787;23;7;2010;29.6;1700
788;22;7;2010;30.45;4600
789;21;7;2010;30.35;2500
790;20;7;2010;29.55;800
791;19;7;2010;29.9;100
792;16;7;2010;30.5;3000
793;15;7;2010;29.75;1700
794;14;7;2010;30.2;2100
795;13;7;2010;29.9;600
796;12;7;2010;31.4;800
797;9;7;2010;30.35;1500
798;8;7;2010;30.5;1500
799;7;7;2010;30.35;3400
800;6;7;2010;31.55;1100
801;5;7;2010;32.2;96700
802;2;7;2010;30.7;54100
803;1;7;2010;28.7;1500
804;30;6;2010;28.75;2900
805;29;6;2010;29.8;1200
806;28;6;2010;29.7;1000
807;25;6;2010;29.75;4300
808;24;6;2010;30.55;59500
809;23;6;2010;28.35;10100
810;22;6;2010;26.8;2100
811;21;6;2010;25.85;3900
812;18;6;2010;26.15;800
813;17;6;2010;26;3500
814;16;6;2010;26;2600
815;15;6;2010;26;1900
816;14;6;2010;26.95;1500
817;11;6;2010;26.8;0
818;10;6;2010;26;3300
819;9;6;2010;25.65;12100
820;8;6;2010;24.5;900
821;7;6;2010;24.6;700
822;4;6;2010;25;1000
823;3;6;2010;25.9;700
824;2;6;2010;25.45;700
825;1;6;2010;25.05;1000
826;31;5;2010;25.5;2000
827;28;5;2010;25.3;800
828;27;5;2010;26.45;300
829;26;5;2010;25.5;1800
830;25;5;2010;26.5;1800
831;24;5;2010;26.9;800
832;21;5;2010;26.45;5600
833;20;5;2010;27.25;2500
834;19;5;2010;27.65;3600
835;18;5;2010;28.55;5000
836;17;5;2010;28.7;1200
837;14;5;2010;29.7;12600
838;13;5;2010;28.8;3900
839;12;5;2010;27.5;500
840;11;5;2010;28.25;2000
841;10;5;2010;28.6;3400
842;7;5;2010;28.7;5700
843;6;5;2010;29.05;1300
844;5;5;2010;29.4;800
845;4;5;2010;29.85;1800
846;3;5;2010;29.35;3100
847;30;4;2010;30.6;6600
848;29;4;2010;30.8;7800
849;28;4;2010;30.25;7800
850;27;4;2010;30.55;8400
851;26;4;2010;28.75;700
852;23;4;2010;29.3;4600
853;22;4;2010;30.1;1500
854;21;4;2010;29.65;1900
855;20;4;2010;29.6;300
856;19;4;2010;28;1300
857;16;4;2010;29;700
858;15;4;2010;28.55;3700
859;13;4;2010;28.05;800
860;12;4;2010;28.5;2400
861;9;4;2010;29.9;4000
862;8;4;2010;29.8;200
863;7;4;2010;28.95;0
864;6;4;2010;29;0
865;5;4;2010;27.75;1500
866;1;4;2010;28;1100
867;31;3;2010;26.3;1400
868;30;3;2010;26.75;500
869;29;3;2010;27.2;0
870;26;3;2010;27.6;7800
871;25;3;2010;28.65;3200
872;23;3;2010;27;800
873;22;3;2010;28.45;600
874;19;3;2010;26.7;400
875;18;3;2010;26.05;200
876;17;3;2010;27.05;0
877;16;3;2010;27.1;900
878;15;3;2010;28;600
879;12;3;2010;28;200
880;11;3;2010;27.15;200
881;10;3;2010;28.05;1500
882;9;3;2010;28.25;100
883;8;3;2010;29.05;0
884;5;3;2010;28.6;600
885;4;3;2010;28.1;500
886;3;3;2010;29;1000
887;2;3;2010;27.9;4100
888;26;2;2010;27.25;400
889;25;2;2010;27;1000
890;24;2;2010;27.1;600
891;23;2;2010;27;500
892;22;2;2010;28.55;800
893;19;2;2010;27.35;700
894;18;2;2010;27.8;2000
895;17;2;2010;28.3;3400
896;16;2;2010;27.3;1800
897;15;2;2010;28;12700
898;11;2;2010;28.5;1000
899;10;2;2010;28.1;3900
900;9;2;2010;28.6;5000
901;8;2;2010;29.05;3100
902;5;2;2010;30.25;3700
903;4;2;2010;31.95;15600
904;3;2;2010;29.05;600
905;2;2;2010;29.55;500
906;1;2;2010;30.1;2700
907;29;1;2010;28.7;800
908;28;1;2010;27.35;3500
909;27;1;2010;28;2200
910;26;1;2010;30.3;0
911;25;1;2010;30.3;1300
912;22;1;2010;29.65;4700
913;21;1;2010;30;3300
914;20;1;2010;30.55;1800
915;19;1;2010;31.75;800
916;18;1;2010;31.9;2100
917;15;1;2010;32.65;1500
918;14;1;2010;32.55;3700
919;13;1;2010;32.2;5500
920;12;1;2010;33.5;3800
921;11;1;2010;33.2;4600
922;8;1;2010;34.4;11300
923;7;1;2010;33.6;9200
924;6;1;2010;32.05;2600
925;5;1;2010;31.2;5400
926;4;1;2010;30.25;2900
927;31;12;2009;30.45;3400
928;30;12;2009;29.75;7200
929;24;12;2009;32.75;14400
930;23;12;2009;31.25;4200
931;21;12;2009;28.4;2800
932;18;12;2009;27;3200
933;17;12;2009;27.5;700
934;16;12;2009;28.65;2300
935;15;12;2009;27.75;2400
936;14;12;2009;27.65;1100
937;11;12;2009;28.05;1600
938;10;12;2009;28.45;2100
939;9;12;2009;28.4;4400
940;8;12;2009;29.75;8500
941;7;12;2009;30.75;17300
942;4;12;2009;32;10100
943;3;12;2009;33.45;29000
944;2;12;2009;35.15;72100
945;30;11;2009;32;15300
946;27;11;2009;31.15;4800
947;26;11;2009;28.3;3800
948;25;11;2009;26.7;2300
949;24;11;2009;25.75;4300
950;23;11;2009;24.45;2200
951;20;11;2009;23.75;1400
952;19;11;2009;23.55;1600
953;18;11;2009;24.4;800
954;17;11;2009;24.4;7600
955;16;11;2009;24.35;800
956;13;11;2009;24.4;2800
957;12;11;2009;23;1500
958;11;11;2009;23.2;2000
959;10;11;2009;22.55;2200
960;9;11;2009;22.6;1200
961;6;11;2009;21.3;2000
962;5;11;2009;21.2;700
963;4;11;2009;22;2600
964;3;11;2009;21.8;1400
965;30;10;2009;21.3;2300
966;29;10;2009;21.1;2500
967;28;10;2009;21.45;1800
968;27;10;2009;20.05;4800
969;26;10;2009;20.75;1100
970;23;10;2009;21.1;3300
971;22;10;2009;21.1;3100
972;21;10;2009;21.75;4600
973;20;10;2009;20.75;600
974;16;10;2009;20.05;5700
975;15;10;2009;20.15;2200
976;14;10;2009;20.45;4300
977;12;10;2009;19.95;6500
978;9;10;2009;19.75;7100
979;8;10;2009;18.85;500
980;7;10;2009;18.8;700
981;5;10;2009;19.25;900
982;1;10;2009;19.75;700
983;30;9;2009;19.75;2300
984;29;9;2009;20;2800
985;25;9;2009;21.05;1100
986;24;9;2009;21.4;700
987;23;9;2009;20.8;3800
988;22;9;2009;19.9;3500
989;18;9;2009;20.3;1400
990;17;9;2009;20.3;2000
991;16;9;2009;21.1;3500
992;15;9;2009;21.7;7600
993;14;9;2009;22.2;2900
994;11;9;2009;21.75;3800
995;10;9;2009;21.45;11900
996;9;9;2009;20.45;9300
997;8;9;2009;20;3400
998;7;9;2009;19.4;6200
999;4;9;2009;19.25;400
1000;3;9;2009;18.8;900
1001;2;9;2009;19.5;2200
1002;1;9;2009;19.1;4200
1003;31;8;2009;19.89;500
1004;28;8;2009;19.99;20100
1005;27;8;2009;20.49;2300
1006;26;8;2009;20;16500
1007;25;8;2009;20.35;900
1008;24;8;2009;19.96;10700
1009;21;8;2009;18.7;4500
1010;20;8;2009;17;15700
1011;19;8;2009;16.25;1100
1012;18;8;2009;17.29;1200
1013;17;8;2009;17.38;1600
1014;14;8;2009;16.69;1000
1015;13;8;2009;16.41;22000
1016;12;8;2009;16.75;3100
1017;11;8;2009;16.24;1800
1018;10;8;2009;15.36;1700
1019;7;8;2009;15.63;800
1020;6;8;2009;16.5;17500
1021;5;8;2009;16;33500
1022;4;8;2009;14.96;500
1023;3;8;2009;14.99;900
1024;31;7;2009;15;2300
1025;30;7;2009;15.9;600
1026;29;7;2009;16.17;1000
1027;28;7;2009;15.47;0
1028;27;7;2009;14.72;8200
1029;24;7;2009;15.64;3800
1030;23;7;2009;15.44;3500
1031;22;7;2009;17.1;900
1032;21;7;2009;16.89;200
1033;20;7;2009;16.88;400
1034;17;7;2009;15.8;600
1035;16;7;2009;15.68;15100
1036;15;7;2009;14.26;100
1037;14;7;2009;14.55;0
1038;13;7;2009;14.2;1200
1039;10;7;2009;14.05;500
1040;9;7;2009;14.25;1000
1041;8;7;2009;14.25;500
1042;7;7;2009;14.25;100
1043;6;7;2009;14.79;600
1044;3;7;2009;14.46;0
1045;2;7;2009;13.8;1000
1046;30;6;2009;14.11;100
1047;26;6;2009;14.28;1000
1048;25;6;2009;14;2000
1049;24;6;2009;14.49;11000
1050;23;6;2009;14;1500
1051;18;6;2009;14;3500
1052;17;6;2009;14.25;800
1053;16;6;2009;15.05;1200
1054;15;6;2009;14.69;13700
1055;12;6;2009;14;5400
1056;11;6;2009;13.8;1600
1057;10;6;2009;14.47;5100
1058;9;6;2009;13.72;1600
1059;8;6;2009;14.4;500
1060;5;6;2009;14.2;2300
1061;4;6;2009;14.41;8000
1062;3;6;2009;14.4;4500
1063;2;6;2009;14.5;600
1064;1;6;2009;14.75;4600
1065;29;5;2009;14.5;4000
1066;28;5;2009;14.25;500
1067;27;5;2009;14.9;2000
1068;26;5;2009;14;1900
1069;25;5;2009;13.39;3000
1070;22;5;2009;13.98;1000
1071;21;5;2009;13.55;1500
1072;20;5;2009;13.35;1600
1073;19;5;2009;13;0
1074;15;5;2009;13.5;3000
1075;14;5;2009;13.19;0
1076;13;5;2009;13.19;3400
1077;12;5;2009;13.06;7300
1078;11;5;2009;13.47;2500
1079;8;5;2009;15.55;900
1080;7;5;2009;14.84;0
1081;6;5;2009;14.15;0
1082;5;5;2009;14.89;0
1083;29;4;2009;14.9;0
1084;28;4;2009;14.8;0
1085;27;4;2009;14.14;200
1086;24;4;2009;14.09;0
1087;23;4;2009;13.61;1500
1088;22;4;2009;14.3;200
1089;21;4;2009;13.9;0
1090;20;4;2009;14.4;0
1091;17;4;2009;13.88;600
1092;16;4;2009;13.79;0
1093;15;4;2009;13.75;200
1094;13;4;2009;13.1;1200
1095;9;4;2009;12.51;200
1096;8;4;2009;13;5300
1097;6;4;2009;13.5;200
1098;2;4;2009;13.4;300
1099;1;4;2009;13.99;1100
1100;31;3;2009;14;800
1101;30;3;2009;13.8;500
1102;27;3;2009;14.5;200
1103;26;3;2009;14.5;100
1104;25;3;2009;15.3;0
1105;24;3;2009;14.9;300
1106;23;3;2009;14.2;0
1107;20;3;2009;13.65;0
1108;19;3;2009;13.2;0
1109;18;3;2009;13.85;0
1110;17;3;2009;13.3;0
1111;16;3;2009;13.95;0
1112;13;3;2009;13.4;0
1113;9;3;2009;13.1;100
1114;6;3;2009;12.5;0
1115;5;3;2009;13;0
1116;4;3;2009;13.65;0
1117;3;3;2009;14.35;0
1118;27;2;2009;15.1;1800
1119;25;2;2009;14.5;0
1120;20;2;2009;14.57;0
1121;19;2;2009;13.98;0
1122;18;2;2009;14.2;0
1123;17;2;2009;13.54;0
1124;16;2;2009;14.25;800
1125;13;2;2009;14.99;1600
1126;12;2;2009;14.96;1600
1127;11;2;2009;14.95;0
1128;10;2;2009;14.38;0
1129;9;2;2009;13.73;0
1130;6;2;2009;14.45;0
1131;5;2;2009;14;0
1132;4;2;2009;13.5;100
1133;2;2;2009;13.5;0
1134;30;1;2009;13.24;0
1135;29;1;2009;13.75;0
1136;28;1;2009;14.4;0
1137;27;1;2009;15.15;0
1138;19;1;2009;14.45;0
1139;13;1;2009;13.87;0
1140;9;1;2009;14;0
1141;2;1;2009;13.96;0
1142;1;1;2009;14.04;0
1143;31;12;2008;14.19;100
1144;24;12;2008;13.8;0
1145;23;12;2008;13.33;100
1146;22;12;2008;13.35;0
1147;19;12;2008;12.88;300
1148;18;12;2008;12.31;100
1149;17;12;2008;11.74;1000
1150;16;12;2008;11.21;0
1151;15;12;2008;10.68;0
1152;12;12;2008;10.18;200
1153;8;12;2008;9.22;0
1154;5;12;2008;9.65;2200
1155;28;11;2008;10.13;0
1156;24;11;2008;10.65;1200
1157;21;11;2008;11.2;400
1158;20;11;2008;11.77;0
1159;19;11;2008;11.21;300
1160;18;11;2008;11.76;200
1161;17;11;2008;12.35;0
1162;14;11;2008;12.99;1000
1163;12;11;2008;11.67;0
1164;7;11;2008;12.2;200
1165;6;11;2008;12.83;100
1166;5;11;2008;13.5;0
1167;4;11;2008;12.95;0
1168;3;11;2008;12.34;100
1169;28;10;2008;13;0
1170;23;10;2008;13.65;200
1171;22;10;2008;14;0
1172;21;10;2008;14.2;0
1173;20;10;2008;13.64;0
1174;17;10;2008;13.08;0
1175;16;10;2008;12.5;200
1176;15;10;2008;12;0
1177;14;10;2008;12.27;0
1178;13;10;2008;11.7;100
1179;10;10;2008;12;1900
1180;8;10;2008;11.95;400
1181;7;10;2008;12.56;400
1182;3;10;2008;14.5;0
1183;1;10;2008;13.87;1000
1184;30;9;2008;14.59;300
1185;29;9;2008;13.97;600
1186;26;9;2008;14.7;5900
1187;25;9;2008;14;0
1188;24;9;2008;14.3;300
1189;23;9;2008;13.62;1500
1190;22;9;2008;12.98;0
1191;19;9;2008;12.37;500
1192;18;9;2008;11.79;600
1193;17;9;2008;12.4;1000
1194;16;9;2008;13.05;500
1195;15;9;2008;13.18;1400
1196;12;9;2008;12.62;600
1197;11;9;2008;13.07;100
1198;10;9;2008;13.75;0
1199;8;9;2008;13.28;100
1200;5;9;2008;12.66;500
1201;4;9;2008;12.07;300
1202;2;9;2008;12.69;0
1203;1;9;2008;12.1;0
1204;29;8;2008;11.55;0
1205;28;8;2008;11.9;200
1206;21;8;2008;12.5;700
1207;20;8;2008;13.1;100
1208;19;8;2008;13.73;300
1209;13;8;2008;14.45;0
1210;11;8;2008;13.65;1000
1211;7;8;2008;14.94;1600
1212;6;8;2008;15.01;4400
1213;5;8;2008;15.04;2400
1214;4;8;2008;14.33;5200
1215;1;8;2008;13.65;0
1216;31;7;2008;13.1;1200
1217;30;7;2008;12.5;1400
1218;29;7;2008;12.8;400
1219;28;7;2008;13.9;500
1220;25;7;2008;13.4;0
1221;23;7;2008;12.8;200
1222;21;7;2008;12.2;1000
1223;18;7;2008;12.8;600
1224;17;7;2008;13.45;300
1225;16;7;2008;14.15;700
1226;15;7;2008;14.85;0
1227;14;7;2008;15.6;0
1228;11;7;2008;15.05;200
1229;10;7;2008;15.7;900
1230;9;7;2008;16.5;100
1231;8;7;2008;15.8;0
1232;7;7;2008;15.25;0
1233;4;7;2008;15.25;25000
1234;3;7;2008;16;0
1235;2;7;2008;15.5;200
1236;1;7;2008;16.3;300
1237;30;6;2008;15.8;200
1238;27;6;2008;15.05;0
1239;25;6;2008;14.6;100
1240;24;6;2008;14;0
1241;23;6;2008;14.65;0
1242;20;6;2008;15.4;0
1243;19;6;2008;14.85;0
1244;17;6;2008;14.15;0
1245;16;6;2008;13.5;200
1246;13;6;2008;14.2;0
1247;12;6;2008;13.55;0
1248;11;6;2008;12.95;200
1249;9;6;2008;13.6;100
1250;6;6;2008;14.3;200
1251;4;6;2008;15;0
1252;3;6;2008;15.75;100
1253;2;6;2008;16.55;0
1254;27;5;2008;15.97;0
1255;26;5;2008;15.21;0
1256;23;5;2008;14.5;200
1257;22;5;2008;15.2;800
1258;21;5;2008;15.52;2800
1259;20;5;2008;15.02;300
1260;16;5;2008;15.25;0
1261;15;5;2008;14.7;1400
1262;14;5;2008;15.47;100
1263;13;5;2008;14.82;1000
1264;12;5;2008;15.59;1300
1265;9;5;2008;16.4;700
1266;8;5;2008;16.4;900
1267;7;5;2008;16;200
1268;6;5;2008;15.29;700
1269;5;5;2008;14.57;800
1270;2;5;2008;15.22;1500
1271;30;4;2008;14.5;1500
1272;29;4;2008;14.65;500
1273;28;4;2008;13.96;200
1274;24;4;2008;13.85;400
1275;23;4;2008;13.76;700
1276;22;4;2008;13.12;500
1277;17;4;2008;13.8;1300
1278;16;4;2008;13.18;300
1279;11;4;2008;13.87;1400
1280;10;4;2008;14.59;0
1281;9;4;2008;15.35;1100
1282;8;4;2008;15.24;400
1283;7;4;2008;14.58;0
1284;3;4;2008;13.9;500
1285;2;4;2008;13.37;200
1286;31;3;2008;14.05;300
1287;28;3;2008;13.4;400
1288;27;3;2008;13.55;0
1289;26;3;2008;12.95;200
1290;25;3;2008;13.6;3100
1291;18;3;2008;14.3;0
1292;13;3;2008;15;500
1293;12;3;2008;14.5;0
1294;11;3;2008;14.75;200
1295;10;3;2008;14.75;0
1296;7;3;2008;14.15;0
1297;5;3;2008;14.15;1100
1298;4;3;2008;14.85;800
1299;3;3;2008;15;1100
1300;29;2;2008;15.55;0
1301;28;2;2008;15.1;5700
1302;27;2;2008;14.75;100
1303;26;2;2008;14.6;4000
1304;25;2;2008;14.7;600
1305;22;2;2008;15.45;600
1306;21;2;2008;16.25;200
1307;20;2;2008;17.1;0
1308;19;2;2008;17.95;700
1309;18;2;2008;17.4;300
1310;15;2;2008;18.3;100
1311;14;2;2008;18.9;0
1312;13;2;2008;18.25;1000
1313;12;2;2008;19.2;200
1314;11;2;2008;19;0
1315;8;2;2008;18.5;100
1316;7;2;2008;18.5;500
1317;6;2;2008;18.8;1100
1318;5;2;2008;18.6;0
1319;4;2;2008;18.4;0
1320;1;2;2008;18;0
1321;31;1;2008;17.7;0
1322;30;1;2008;17.85;300
1323;29;1;2008;17;3100
1324;28;1;2008;17.85;100
1325;25;1;2008;17.5;0
1326;24;1;2008;18.1;0
1327;23;1;2008;18.1;2500
1328;21;1;2008;19;200
1329;18;1;2008;18.1;3100
1330;17;1;2008;19;500
1331;16;1;2008;19.5;5700
1332;15;1;2008;20.5;2300
1333;14;1;2008;21.55;1600
1334;11;1;2008;21.5;3800
1335;10;1;2008;21.6;7400
1336;9;1;2008;22.8;14700
1337;8;1;2008;23.1;21000
1338;7;1;2008;22.85;4400
1339;4;1;2008;21.8;6000
1340;3;1;2008;20.8;3300
1341;2;1;2008;19.85;6200
1342;1;1;2008;18.95;4600
1343;31;12;2007;18.06;900
1344;28;12;2007;17.2;200
1345;27;12;2007;16.39;2400
1346;26;12;2007;15.61;1700
1347;24;12;2007;15.95;1500
1348;20;12;2007;16;4200
1349;19;12;2007;15.9;2400
1350;18;12;2007;15.83;6100
1351;17;12;2007;16.95;7800
1352;14;12;2007;16.41;8100
1353;13;12;2007;15.63;7300
1354;12;12;2007;14.89;2100
1355;11;12;2007;14.19;1500
1356;10;12;2007;13.52;4700
1357;7;12;2007;12.88;6300
1358;6;12;2007;12.27;1600
1359;5;12;2007;11.69;1300
1360;4;12;2007;11.14;1600
1361;3;12;2007;10.61;2000
1362;29;11;2007;10.11;700
1363;28;11;2007;10.41;2800
1364;27;11;2007;10.32;1400
1365;26;11;2007;10.63;800
1366;23;11;2007;10.13;500
1367;22;11;2007;10.48;600
1368;21;11;2007;11;1600
1369;20;11;2007;11.11;5900
1370;19;11;2007;10.59;500
1371;15;11;2007;10.09;2500
1372;14;11;2007;10.62;1000
1373;13;11;2007;10.12;0
1374;12;11;2007;10.65;0
1375;8;11;2007;10.2;700
1376;7;11;2007;9.72;500
1377;6;11;2007;10.09;100
1378;5;11;2007;10.09;700
1379;2;11;2007;9.61;700
1380;1;11;2007;10;100
1381;31;10;2007;10.5;0
1382;30;10;2007;10.39;100
1383;29;10;2007;10;200
1384;26;10;2007;9.78;200
1385;25;10;2007;10.21;200
1386;24;10;2007;10.74;900
1387;23;10;2007;11.3;0
1388;22;10;2007;10.97;0
1389;18;10;2007;10.58;1300
1390;17;10;2007;10.82;1600
1391;16;10;2007;10.6;600
1392;15;10;2007;10.17;900
1393;12;10;2007;10.5;700
1394;11;10;2007;10;200
1395;10;10;2007;10.29;100
1396;9;10;2007;10.83;500
1397;8;10;2007;10.32;200
1398;5;10;2007;10.86;1000
1399;4;10;2007;10.37;1100
1400;3;10;2007;9.89;500
1401;28;9;2007;10.27;6400
1402;27;9;2007;10.79;1500
1403;26;9;2007;10.45;100
1404;25;9;2007;10.01;500
1405;24;9;2007;9.9;400
1406;21;9;2007;10;3500
1407;20;9;2007;10.06;2200
1408;19;9;2007;10.26;1500
1409;18;9;2007;10.26;100
1410;17;9;2007;10.19;900
1411;14;9;2007;10.3;900
1412;13;9;2007;9.86;100
1413;12;9;2007;10.22;1700
1414;11;9;2007;10.5;1500
1415;10;9;2007;10.93;1100
1416;7;9;2007;10.51;1000
1417;6;9;2007;10.01;500
1418;5;9;2007;10;400
1419;4;9;2007;10.09;700
1420;3;9;2007;10.59;600
1421;31;8;2007;10.12;500
1422;30;8;2007;10.54;500
1423;29;8;2007;10.05;400
1424;28;8;2007;10.55;1100
1425;27;8;2007;11.1;200
1426;24;8;2007;11.3;0
1427;23;8;2007;11.19;1000
1428;22;8;2007;11.77;1000
1429;21;8;2007;11.6;2000
1430;20;8;2007;11.79;0
1431;17;8;2007;11.5;100
1432;16;8;2007;11.27;0
1433;14;8;2007;10.75;0
1434;13;8;2007;10.5;800
1435;10;8;2007;10.75;2700
1436;9;8;2007;10.3;3200
1437;8;8;2007;10.25;2000
1438;7;8;2007;10.75;100
1439;2;8;2007;10.93;0
1440;31;7;2007;10.44;600
1441;24;7;2007;9.95;200
1442;23;7;2007;10.45;200
1443;20;7;2007;10;1000
1444;17;7;2007;9.9;300
1445;16;7;2007;9.51;400
1446;13;7;2007;10;1400
1447;12;7;2007;10.64;3700
1448;11;7;2007;10.15;900
1449;10;7;2007;10.65;0
1450;9;7;2007;11.2;1500
1451;6;7;2007;10.7;1300
1452;5;7;2007;11.2;100
1453;4;7;2007;10.8;100
1454;3;7;2007;10.8;400
1455;2;7;2007;10.86;0
1456;29;6;2007;10.36;1200
1457;28;6;2007;9.87;300
1458;22;6;2007;10.38;2200
1459;21;6;2007;9.89;400
1460;20;6;2007;10.4;800
1461;19;6;2007;10.19;1700
1462;14;6;2007;9.76;0
1463;13;6;2007;9.3;200
1464;4;6;2007;9.78;400
1465;31;5;2007;9.33;200
1466;25;5;2007;9.77;200
1467;24;5;2007;10.23;500
1468;23;5;2007;10.76;2900
1469;22;5;2007;10.34;500
1470;21;5;2007;10.88;100
1471;16;5;2007;11.45;0
1472;9;5;2007;11.45;1000
1473;8;5;2007;10.91;500
1474;7;5;2007;10.41;500
1475;4;5;2007;10.94;500
1476;3;5;2007;10.5;200
1477;30;4;2007;10.19;2400
1478;27;4;2007;10.72;1000
1479;25;4;2007;10.22;800
1480;24;4;2007;10.75;100
1481;20;4;2007;11.27;1000
1482;19;4;2007;10.78;1500
1483;18;4;2007;10.31;200
1484;17;4;2007;9.82;2900
1485;16;4;2007;9.36;100
1486;13;4;2007;9.76;100
1487;12;4;2007;10;100
1488;11;4;2007;10.5;300
1489;10;4;2007;11.02;1200
1490;9;4;2007;10.5;200
1491;5;4;2007;10.01;1900
1492;4;4;2007;9.55;500
1493;2;4;2007;9.11;0
1494;29;3;2007;9.58;800
1495;28;3;2007;10.06;200
1496;26;3;2007;10.58;200
1497;23;3;2007;11.13;100
1498;20;3;2007;11.71;1500
1499;19;3;2007;11.16;600
1500;7;3;2007;11.74;400
1501;6;3;2007;11.2;1000
1502;5;3;2007;10.67;200
1503;2;3;2007;11.23;200
1504;1;3;2007;10.7;0
1505;28;2;2007;11.2;800
1506;21;2;2007;11.78;600
1507;15;2;2007;11.23;1600
1508;14;2;2007;11.79;400
1509;9;2;2007;12.4;700
1510;8;2;2007;12.35;700
1511;7;2;2007;11.77;200
1512;6;2;2007;12.36;400
1513;5;2;2007;13;700
1514;2;2;2007;13.07;500
1515;1;2;2007;12.45;800
1516;29;1;2007;11.55;300
1517;25;1;2007;11.65;400
1518;23;1;2007;11.1;200
1519;22;1;2007;11.5;100
1520;17;1;2007;12;1000
1521;16;1;2007;12.36;400
1522;15;1;2007;13;600
1523;12;1;2007;12.5;1100
1524;11;1;2007;13.59;4000
1525;10;1;2007;13.6;1500
1526;9;1;2007;13.03;500
1527;8;1;2007;13.71;400
1528;5;1;2007;13.11;2400
1529;4;1;2007;12.49;1600
1530;3;1;2007;11.9;500
1531;2;1;2007;11.34;300
1532;29;12;2006;10.81;1400
1533;28;12;2006;11.22;200
1534;27;12;2006;10.69;400
1535;26;12;2006;9.8;500
1536;22;12;2006;10.27;2000
1537;21;12;2006;10.8;1300
1538;20;12;2006;10.29;400
1539;14;12;2006;9.8;1300
1540;13;12;2006;10.08;200
1541;12;12;2006;10.6;300
1542;11;12;2006;10.1;500
1543;8;12;2006;9.62;500
1544;7;12;2006;9.81;400
1545;6;12;2006;10.31;3500
1546;5;12;2006;10.65;2100
1547;4;12;2006;11.2;100
1548;1;12;2006;10.67;200
1549;30;11;2006;10.17;700
1550;28;11;2006;10.62;1300
1551;27;11;2006;11.16;700
1552;24;11;2006;11.69;900
1553;23;11;2006;11.15;600
1554;22;11;2006;10.62;1700
1555;21;11;2006;11.12;1700
1556;20;11;2006;11.57;800
1557;17;11;2006;11.02;400
1558;16;11;2006;11.16;600
1559;15;11;2006;10.63;100
1560;14;11;2006;11.17;700
1561;13;11;2006;11.75;400
1562;10;11;2006;11.8;0
1563;7;11;2006;11.79;2500
1564;6;11;2006;11.23;500
1565;3;11;2006;10.7;0
1566;2;11;2006;10.21;200
1567;1;11;2006;9.73;100
1568;31;10;2006;10.23;1100
1569;30;10;2006;10.75;400
1570;27;10;2006;11.31;300
1571;20;10;2006;11.9;200
1572;19;10;2006;11.88;0
1573;18;10;2006;11.32;200
1574;17;10;2006;10.86;200
1575;13;10;2006;10.35;400
1576;12;10;2006;10.52;200
1577;10;10;2006;10.5;100
1578;9;10;2006;10.35;200
1579;6;10;2006;10.5;0
1580;29;9;2006;10;200
1581;28;9;2006;9.76;900
1582;27;9;2006;9.3;600
1583;26;9;2006;9.66;600
1584;25;9;2006;9.2;300
1585;22;9;2006;9.67;500
1586;21;9;2006;10.14;1500
1587;20;9;2006;10.67;200
1588;19;9;2006;10.5;500
1589;18;9;2006;11;1100
1590;15;9;2006;11;300
1591;14;9;2006;11.5;2900
1592;13;9;2006;12.1;800
1593;12;9;2006;11.76;1700
1594;11;9;2006;11.2;200
1595;8;9;2006;11.78;1100
1596;7;9;2006;11.22;100
1597;6;9;2006;10.69;100
1598;5;9;2006;10.19;100
1599;4;9;2006;9.71;400
1600;30;8;2006;9.6;0
1601;29;8;2006;9.15;100
1602;25;8;2006;9.19;400
1603;24;8;2006;9.31;0
1604;23;8;2006;9.67;100
1605;22;8;2006;9.21;0
1606;21;8;2006;9.53;800
1607;18;8;2006;9.56;0
1608;17;8;2006;9.75;100
1609;16;8;2006;9.29;300
1610;14;8;2006;8.85;100
1611;10;8;2006;8.43;100
1612;9;8;2006;8.82;100
1613;8;8;2006;8.4;0
1614;1;8;2006;8.61;100
1615;31;7;2006;8.75;500
1616;28;7;2006;9.06;800
1617;25;7;2006;8.63;100
1618;24;7;2006;8.25;0
1619;21;7;2006;8.68;300
1620;19;7;2006;9.13;500
1621;14;7;2006;8.7;800
1622;13;7;2006;8.4;800
1623;12;7;2006;8.59;900
1624;6;7;2006;9;600
1625;5;7;2006;8.58;600
1626;27;6;2006;9.03;400
1627;14;6;2006;8.98;600
1628;13;6;2006;9.45;2300
1629;9;6;2006;9.94;8800
1630;8;6;2006;10.46;5000
1631;7;6;2006;11;2500
1632;6;6;2006;11.5;7400
1633;1;6;2006;12.1;900
1634;31;5;2006;12.13;200
1635;30;5;2006;12.85;700
1636;29;5;2006;12.4;500
1637;24;5;2006;12.8;800
1638;19;5;2006;12.73;100
1639;18;5;2006;13.39;500
1640;17;5;2006;12.8;100
1641;16;5;2006;13.1;100
1642;15;5;2006;13.6;3000
1643;12;5;2006;13.67;1400
1644;11;5;2006;13.02;2800
1645;10;5;2006;13.7;900
1646;9;5;2006;13.05;1000
1647;8;5;2006;12.7;1900
1648;5;5;2006;13;500
1649;4;5;2006;13.6;1300
1650;3;5;2006;14.1;2400
1651;2;5;2006;14;3800
1652;28;4;2006;13.6;700
1653;27;4;2006;13;1800
1654;26;4;2006;13.2;1100
1655;25;4;2006;13.05;1800
1656;24;4;2006;12.93;800
1657;21;4;2006;13.1;5700
1658;20;4;2006;13.33;2000
1659;19;4;2006;12.7;2900
1660;18;4;2006;12.1;1100
1661;17;4;2006;12;200
1662;12;4;2006;12.8;1400
1663;10;4;2006;12.81;700
1664;7;4;2006;12.2;900
1665;5;4;2006;12.7;900
1666;4;4;2006;12.1;100
1667;3;4;2006;11.9;4500
1668;29;3;2006;11.75;800
1669;28;3;2006;11.34;500
1670;27;3;2006;10.8;2000
1671;24;3;2006;11.3;2600
1672;23;3;2006;10.77;4700
1673;22;3;2006;10.26;2400
1674;21;3;2006;9.78;500
1675;20;3;2006;10.29;1200
1676;17;3;2006;10.8;1500
1677;16;3;2006;11.29;400
1678;14;3;2006;11.86;1100
1679;13;3;2006;11.4;4100
1680;9;3;2006;11.48;700
1681;8;3;2006;11.4;1400
1682;6;3;2006;11.37;500
1683;3;3;2006;11.38;1500
1684;2;3;2006;11.96;3500
1685;1;3;2006;12.57;4700
1686;28;2;2006;11.98;1100
1687;27;2;2006;11.41;600
1688;24;2;2006;12;900
1689;23;2;2006;12.45;1800
1690;22;2;2006;12.25;1900
1691;21;2;2006;13.05;5100
1692;20;2;2006;12.9;6000
1693;17;2;2006;13;18300
1694;16;2;2006;12.93;1000
1695;15;2;2006;12.32;3800
1696;14;2;2006;11.74;1700
1697;13;2;2006;11.19;1700
1698;10;2;2006;10.66;200
1699;8;2;2006;10.16;8500
1700;7;2;2006;9.81;5100
1701;6;2;2006;9.35;1700
1702;3;2;2006;8.91;1300
1703;2;2;2006;9.02;600
1704;1;2;2006;9.13;200
1705;31;1;2006;9.2;1200
1706;30;1;2006;9.41;2500
1707;27;1;2006;9.37;900
1708;25;1;2006;9.33;1000
1709;24;1;2006;9.81;1500
1710;20;1;2006;9.35;1000
1711;19;1;2006;9.45;600
1712;18;1;2006;9;1500
1713;17;1;2006;9.1;3500
1714;16;1;2006;9.33;1300
1715;12;1;2006;9.45;800
1716;10;1;2006;9.67;1100
1717;6;1;2006;9.21;200
1718;5;1;2006;9.35;1500
1719;4;1;2006;9.19;1200
1720;3;1;2006;9.5;900
1721;2;1;2006;9.05;700
1722;30;12;2005;9.03;100
1723;29;12;2005;8.97;4400
1724;28;12;2005;8.9;400
1725;23;12;2005;9.26;100
1726;22;12;2005;9.29;1600
1727;20;12;2005;8.85;900
1728;16;12;2005;9;100
1729;15;12;2005;9;500
1730;12;12;2005;9.45;700
1731;9;12;2005;9;1100
1732;8;12;2005;9.25;600
1733;7;12;2005;9.35;2000
1734;6;12;2005;9.32;500
1735;2;12;2005;9.51;1900
1736;1;12;2005;9.7;1100
1737;29;11;2005;9.5;800
1738;28;11;2005;9.41;100
1739;25;11;2005;9.7;1700
1740;24;11;2005;9.7;1300
1741;23;11;2005;9.6;300
1742;22;11;2005;9.71;300
1743;21;11;2005;10.22;900
1744;18;11;2005;9.5;4500
1745;17;11;2005;9.99;400
1746;16;11;2005;10.16;700
1747;14;11;2005;10.26;2300
1748;11;11;2005;10.06;0
1749;10;11;2005;9.64;0
1750;9;11;2005;9.33;1600
1751;8;11;2005;8.89;600
1752;7;11;2005;8.55;900
1753;2;11;2005;8.87;100
1754;1;11;2005;9.12;100
1755;31;10;2005;8.75;100
1756;28;10;2005;8.37;2500
1757;27;10;2005;8.81;100
1758;26;10;2005;9.19;1300
1759;25;10;2005;8.76;700
1760;24;10;2005;9.22;300
1761;21;10;2005;9.64;1600
1762;20;10;2005;9.31;400
1763;17;10;2005;9.79;2300
1764;14;10;2005;10.27;700
1765;11;10;2005;10.81;700
1766;10;10;2005;10.87;400
1767;7;10;2005;10.49;1500
1768;6;10;2005;10.45;900
1769;5;10;2005;10.99;0
1770;4;10;2005;10.98;1500
1771;3;10;2005;10.49;2000
1772;30;9;2005;11;3000
1773;29;9;2005;11.24;1100
1774;28;9;2005;11.83;4800
1775;27;9;2005;12.45;1000
1776;26;9;2005;12.89;1500
1777;23;9;2005;12.9;5800
1778;22;9;2005;12.69;600
1779;21;9;2005;13.31;2800
1780;20;9;2005;13.99;2400
1781;19;9;2005;13.51;6000
1782;16;9;2005;14.11;1600
1783;15;9;2005;13.9;5100
1784;14;9;2005;14.1;8400
1785;13;9;2005;14;12600
1786;12;9;2005;13.5;12400
1787;9;9;2005;14.41;1700
1788;8;9;2005;15.5;5500
1789;6;9;2005;15.25;9800
1790;5;9;2005;16;7200
1791;2;9;2005;14;5400
1792;1;9;2005;13.14;2000
1793;31;8;2005;13.11;4900
1794;30;8;2005;13.55;3000
1795;29;8;2005;12.52;500
1796;26;8;2005;13;1200
1797;25;8;2005;13;9000
1798;24;8;2005;12.5;1000
1799;23;8;2005;12.01;6500
1800;22;8;2005;12.9;6000
1801;19;8;2005;12.47;400
1802;18;8;2005;11.76;1300
1803;17;8;2005;12.5;2800
1804;16;8;2005;12.06;700
1805;12;8;2005;11.98;200
1806;11;8;2005;12.01;1900
1807;10;8;2005;12.11;1700
1808;9;8;2005;12.25;5200
1809;8;8;2005;12.45;3900
1810;5;8;2005;12.25;3800
1811;4;8;2005;12.02;300
1812;3;8;2005;12.43;3900
1813;2;8;2005;12.39;5100
1814;1;8;2005;12.89;1700
1815;29;7;2005;12.5;6100
1816;27;7;2005;12.26;700
1817;26;7;2005;12.83;700
1818;25;7;2005;12.68;3000
1819;22;7;2005;12.52;3700
1820;21;7;2005;13.25;300
1821;20;7;2005;12.32;1300
1822;19;7;2005;13;1400
1823;18;7;2005;13.24;2500
1824;15;7;2005;12.62;1800
1825;14;7;2005;13.58;3900
1826;13;7;2005;13;500
1827;12;7;2005;12.01;400
1828;11;7;2005;13;1100
1829;8;7;2005;12.75;1900
1830;7;7;2005;13;1000
1831;6;7;2005;12.7;1000
1832;5;7;2005;13.41;3400
1833;4;7;2005;13.95;1200
1834;1;7;2005;13.25;3100
1835;30;6;2005;13.14;1200
1836;29;6;2005;14;4300
1837;28;6;2005;13.25;8200
1838;27;6;2005;13.8;3600
1839;24;6;2005;13.99;2900
1840;23;6;2005;12.79;1600
1841;22;6;2005;12.24;2400
1842;21;6;2005;12.9;400
1843;20;6;2005;13.25;6000
1844;17;6;2005;12.8;2900
1845;16;6;2005;13.89;400
1846;15;6;2005;13.65;4300
1847;14;6;2005;14.35;15100
1848;13;6;2005;14.01;18000
1849;10;6;2005;13.36;20100
1850;9;6;2005;12;1800
1851;8;6;2005;12;4900
1852;7;6;2005;11.14;600
1853;2;6;2005;12;100
1854;1;6;2005;12.25;4500
1855;31;5;2005;12.23;2300
1856;30;5;2005;11.12;700
1857;27;5;2005;12.27;4600
1858;26;5;2005;11.3;2700
1859;25;5;2005;11.5;1200
1860;24;5;2005;11.24;500
1861;23;5;2005;11;1400
1862;20;5;2005;10.53;400
1863;19;5;2005;10.5;400
1864;18;5;2005;10.45;1400
1865;17;5;2005;10.8;1100
1866;16;5;2005;10.35;700
1867;13;5;2005;9.77;400
1868;12;5;2005;10.78;200
1869;11;5;2005;10.51;500
1870;10;5;2005;9.5;1100
1871;9;5;2005;9.86;200
1872;6;5;2005;10.01;200
1873;4;5;2005;10.47;600
1874;3;5;2005;9.52;200
1875;29;4;2005;10.24;1700
1876;28;4;2005;11.01;0
1877;27;4;2005;11.01;2100
1878;26;4;2005;10.73;300
1879;25;4;2005;9.72;300
1880;22;4;2005;10;200
1881;21;4;2005;10.2;400
1882;20;4;2005;10.03;200
1883;18;4;2005;10.87;100
1884;15;4;2005;10.05;300
1885;13;4;2005;11.51;700
1886;12;4;2005;10.5;1500
1887;11;4;2005;10.69;100
1888;8;4;2005;10.4;1300
1889;7;4;2005;10.89;1100
1890;6;4;2005;10.86;100
1891;5;4;2005;10.01;1500
1892;4;4;2005;10.67;800
1893;31;3;2005;9.7;700
1894;30;3;2005;9.54;4000
1895;29;3;2005;9;500
1896;28;3;2005;9.57;800
1897;24;3;2005;10.05;1200
1898;23;3;2005;10;1100
1899;22;3;2005;10.18;3900
1900;21;3;2005;10.62;200
1901;18;3;2005;11.99;2000
1902;17;3;2005;11;2800
1903;16;3;2005;11.13;2200
1904;15;3;2005;11.26;400
1905;14;3;2005;11.58;1700
1906;11;3;2005;11.15;3200
1907;10;3;2005;11.1;5900
1908;9;3;2005;10.5;2400
1909;8;3;2005;12;6300
1910;7;3;2005;11.76;2000
1911;4;3;2005;11.85;7600
1912;3;3;2005;12;600
1913;2;3;2005;11.5;1700
1914;1;3;2005;10.47;3700
1915;28;2;2005;12.99;3600
1916;25;2;2005;12.5;1000
1917;24;2;2005;12.5;1000
1918;23;2;2005;13.05;3200
1919;22;2;2005;13.75;6400
1920;21;2;2005;12.18;600
1921;18;2;2005;12;1300
1922;17;2;2005;11.05;500
1923;16;2;2005;11;600
1924;15;2;2005;11.25;800
1925;14;2;2005;11.72;1800
1926;11;2;2005;12.97;500
1927;10;2;2005;12;600
1928;9;2;2005;13.25;2700
1929;8;2;2005;13.74;4500
1930;7;2;2005;11.71;5900
1931;4;2;2005;11.27;4900
1932;3;2;2005;10.81;1900
1933;2;2;2005;10.95;3800
1934;1;2;2005;11.1;1200
1935;31;1;2005;11.02;300
1936;28;1;2005;11.33;2700
1937;27;1;2005;11.5;4200
1938;25;1;2005;11.66;1100
1939;24;1;2005;12;100
1940;20;1;2005;12.48;1500
1941;19;1;2005;12.61;2200
1942;18;1;2005;13.72;1700
1943;17;1;2005;13;300
1944;14;1;2005;13.79;1500
1945;13;1;2005;14.18;2900
1946;12;1;2005;14.65;3600
1947;11;1;2005;16.19;15200
1948;10;1;2005;15.98;17200
1949;7;1;2005;14.53;10700
1950;6;1;2005;14.2;4000
1951;5;1;2005;13.15;27300
1952;4;1;2005;12.41;21700
1953;3;1;2005;11.78;3900
1954;31;12;2004;11.5;4000
1955;30;12;2004;12;7000
1956;29;12;2004;11.15;2700
1957;28;12;2004;12.01;2800
1958;27;12;2004;12.53;10000
1959;24;12;2004;11.4;4200
1960;23;12;2004;11.66;14900
1961;22;12;2004;10.68;6100
1962;21;12;2004;9.83;1300
1963;20;12;2004;10.5;200
1964;17;12;2004;10.02;4200
1965;16;12;2004;10.77;4500
1966;15;12;2004;10.21;6300
1967;14;12;2004;10.21;5000
1968;13;12;2004;9.29;2600
1969;10;12;2004;8.57;100
1970;9;12;2004;9.33;200
1971;8;12;2004;8.9;2800
1972;6;12;2004;8.5;1800
1973;3;12;2004;8.55;1000
1974;2;12;2004;8.75;600
1975;1;12;2004;8.61;600
1976;29;11;2004;9.5;1500
1977;25;11;2004;9.33;1300
1978;24;11;2004;10;2700
1979;23;11;2004;10.37;4600
1980;22;11;2004;10.4;5900
1981;18;11;2004;9.9;6400
1982;17;11;2004;9.02;5400
1983;16;11;2004;10.7;3900
1984;12;11;2004;9.5;100
1985;11;11;2004;9.22;9100
1986;10;11;2004;7.86;5200
1987;9;11;2004;6.55;3400
1988;8;11;2004;7.23;200
1989;5;11;2004;6.2;2600
1990;4;11;2004;6.53;4800
1991;3;11;2004;7.69;200
1992;2;11;2004;6.9;1900
1993;1;11;2004;6.4;400
1994;29;10;2004;7.5;400
1995;28;10;2004;6.58;800
1996;27;10;2004;7.88;0
1997;21;10;2004;7.1;300
1998;20;10;2004;7.5;1800
1999;19;10;2004;7;1500
2000;15;10;2004;7;200
2001;14;10;2004;7.1;800
2002;12;10;2004;7.02;500
2003;11;10;2004;7.01;800
2004;7;10;2004;7;1900
2005;6;10;2004;6.11;400
2006;4;10;2004;7.4;700
2007;1;10;2004;7.5;6200
2008;30;9;2004;6.42;1300
2009;29;9;2004;6;900
2010;28;9;2004;6;300
2011;27;9;2004;6;900
2012;24;9;2004;5.6;300
2013;23;9;2004;6.39;300
2014;22;9;2004;6.16;200
2015;21;9;2004;6.16;2100
2016;20;9;2004;5.75;2700
2017;17;9;2004;5.76;2100
2018;16;9;2004;5.76;1500
2019;15;9;2004;5.56;4600
2020;14;9;2004;6.25;200
2021;13;9;2004;6.8;2900
2022;10;9;2004;6.41;500
2023;9;9;2004;7.5;2600
2024;8;9;2004;7.88;500
2025;7;9;2004;7.65;800
2026;6;9;2004;7.32;1100
2027;3;9;2004;6.1;3000
2028;2;9;2004;6.35;1200
2029;1;9;2004;6;1300
2030;31;8;2004;6.75;400
2031;30;8;2004;6.06;2200
2032;27;8;2004;5.1;200
2033;26;8;2004;5;200
2034;24;8;2004;5;200
2035;23;8;2004;4.8;500
2036;13;8;2004;5.11;0
2037;12;8;2004;4.26;400
2038;11;8;2004;5.05;200
2039;10;8;2004;5.25;200
2040;9;8;2004;5.21;100
2041;5;8;2004;6.49;100
2042;4;8;2004;5.52;100
2043;30;7;2004;4.6;200
2044;28;7;2004;5;1000
2045;27;7;2004;5.75;0
2046;23;7;2004;4.95;200
2047;22;7;2004;4.75;300
2048;21;7;2004;4.6;100
2049;19;7;2004;5;800
2050;16;7;2004;5;300
2051;14;7;2004;5;800
2052;7;7;2004;5.1;100
2053;1;7;2004;5.1;100
2054;30;6;2004;4.25;600
2055;23;6;2004;4.77;100
2056;17;6;2004;5.95;4200
2057;15;6;2004;5.1;100
2058;14;6;2004;5.25;200
2059;9;6;2004;4.85;1500
2060;3;6;2004;6;2000
2061;1;6;2004;6.1;100
2062;26;5;2004;7.03;1300
2063;24;5;2004;6;500
2064;19;5;2004;6.6;1200
2065;18;5;2004;6;200
2066;17;5;2004;5.8;1000
2067;14;5;2004;6.25;1000
2068;7;5;2004;6.2;400
2069;6;5;2004;6.4;500
2070;5;5;2004;6.8;2600
2071;4;5;2004;6.6;300
2072;30;4;2004;6;500
2073;29;4;2004;6;1000
2074;28;4;2004;6.35;400
2075;27;4;2004;5.8;300
2076;23;4;2004;5.3;500
2077;16;4;2004;4.85;0
2078;13;4;2004;4.41;300
2079;7;4;2004;4.26;300
2080;5;4;2004;4.73;600
2081;2;4;2004;4.73;0
2082;1;4;2004;4.3;0
2083;31;3;2004;3.91;0
2084;30;3;2004;3.56;600
2085;26;3;2004;3.85;0
2086;22;3;2004;4.25;400
2087;19;3;2004;4.26;400
2088;16;3;2004;3.9;200
2089;15;3;2004;4.25;700
2090;8;3;2004;4.16;200
2091;1;3;2004;4.55;800
2092;26;2;2004;4.85;500
2093;20;2;2004;4.44;200
2094;17;2;2004;4.8;1200
2095;12;2;2004;5.11;200
2096;6;2;2004;5.5;500
2097;5;2;2004;5.01;100
2098;4;2;2004;5.45;0
2099;3;2;2004;5;700
2100;27;1;2004;5;1400
2101;23;1;2004;5.5;600
2102;22;1;2004;6;600
2103;21;1;2004;6.6;200
2104;19;1;2004;7.3;500
2105;16;1;2004;8.1;1000
2106;15;1;2004;7.5;500
2107;14;1;2004;7.5;2600
2108;13;1;2004;7.5;1400
2109;12;1;2004;8;500
2110;9;1;2004;8.35;1000
2111;8;1;2004;8.5;600
2112;7;1;2004;8.25;1200
2113;6;1;2004;9.05;200
2114;5;1;2004;8.8;1700
2115;2;1;2004;8.95;1400
2116;1;1;2004;9.35;1600
2117;30;12;2003;9.5;800
2118;29;12;2003;9.3;1100
2119;26;12;2003;10.1;5100
2120;24;12;2003;9.6;8900
2121;23;12;2003;10.5;6200
2122;22;12;2003;9.7;3600
2123;19;12;2003;9.75;3300
2124;18;12;2003;9.99;3100
2125;17;12;2003;9.8;2700
2126;16;12;2003;9.85;2300
2127;15;12;2003;9.5;9900
2128;12;12;2003;9.99;3900
2129;11;12;2003;9.5;2800
2130;10;12;2003;9.91;6700
2131;9;12;2003;9.9;10500
2132;8;12;2003;8.73;8600
2133;5;12;2003;7.3;6600
2134;4;12;2003;6.35;1100
2135;3;12;2003;5.74;1400
2136;1;12;2003;5;400
2137;28;11;2003;5;2100
2138;27;11;2003;4.6;1100
2139;25;11;2003;5;2900
2140;24;11;2003;5;1300
2141;21;11;2003;4.55;200
2142;20;11;2003;5.48;600
2143;19;11;2003;5;7000
2144;18;11;2003;4.18;400
2145;17;11;2003;5;1000
2146;13;11;2003;5;2000
2147;12;11;2003;4.49;300
2148;11;11;2003;3.81;100
2149;10;11;2003;4.49;800
2150;4;11;2003;3.92;200
2151;29;10;2003;4.5;400
2152;23;10;2003;4.5;400
2153;22;10;2003;4.58;100
2154;21;10;2003;4;300
2155;20;10;2003;4.71;200
2156;3;10;2003;4.1;300
2157;1;10;2003;4.1;100
2158;29;9;2003;4.88;400
2159;26;9;2003;4.13;300
2160;25;9;2003;4.99;200
2161;24;9;2003;4.53;700
2162;23;9;2003;5.55;700
2163;22;9;2003;4.8;0
2164;18;9;2003;5.7;0
2165;12;9;2003;5;300
2166;11;9;2003;5.49;100
2167;9;9;2003;5.9;400
2168;5;9;2003;5;1000
2169;3;9;2003;5.35;400
2170;2;9;2003;5.99;1800
2171;1;9;2003;5.8;0
2172;29;8;2003;5.5;1900
2173;28;8;2003;5.73;1200
2174;27;8;2003;4.94;900
2175;26;8;2003;5;100
2176;22;8;2003;5.08;700
2177;21;8;2003;5.11;200
2178;20;8;2003;5.97;100
2179;19;8;2003;5.5;2000
2180;18;8;2003;5.59;4100
2181;14;8;2003;5.7;1200
2182;13;8;2003;5.35;500
2183;12;8;2003;5.68;700
2184;11;8;2003;5;1000
2185;8;8;2003;5.4;900
2186;7;8;2003;5.03;200
2187;5;8;2003;5.67;500
2188;4;8;2003;5.89;500
2189;1;8;2003;5.84;0
2190;31;7;2003;5.3;200
2191;30;7;2003;6;400
2192;29;7;2003;6.2;5400
2193;28;7;2003;5.88;500
2194;25;7;2003;5.25;0
2195;24;7;2003;5.59;100
2196;23;7;2003;5.44;400
2197;22;7;2003;5.41;100
2198;18;7;2003;4.63;500
2199;17;7;2003;5.75;0
2200;16;7;2003;6;700
2201;14;7;2003;6;200
2202;11;7;2003;5.85;1300
2203;10;7;2003;5.6;1100
2204;9;7;2003;6.95;100
2205;8;7;2003;7;1000
2206;7;7;2003;7.5;0
2207;2;7;2003;6.5;800
2208;30;6;2003;6;500
2209;27;6;2003;5.74;6400
2210;26;6;2003;5.73;1700
2211;25;6;2003;7.15;0
2212;24;6;2003;6;500
2213;23;6;2003;5;300
2214;20;6;2003;4.22;200
2215;18;6;2003;5.03;300
2216;17;6;2003;5.5;1100
2217;16;6;2003;4.6;200
2218;12;6;2003;5.25;100
2219;10;6;2003;5.04;300
2220;6;6;2003;4.21;100
2221;5;6;2003;3.51;200
2222;4;6;2003;4.03;200
2223;3;6;2003;4.52;700
2224;30;5;2003;5.55;0
2225;22;5;2003;6.9;400
2226;21;5;2003;6.9;1000
2227;20;5;2003;5.75;100
2228;15;5;2003;4.8;100
2229;14;5;2003;4;300
2230;13;5;2003;3.6;500
2231;9;5;2003;3.7;900
2232;7;5;2003;3.1;200
2233;8;4;2003;3.45;200
2234;28;3;2003;4.25;200
2235;26;3;2003;4.25;200
2236;10;3;2003;4.15;2000
2237;7;3;2003;4;100
2238;5;3;2003;4.3;0
2239;26;2;2003;5.05;2700
2240;25;2;2003;6.25;200
2241;24;2;2003;5.3;0
2242;18;2;2003;4.5;100
2243;17;2;2003;5;500
2244;14;2;2003;4.7;100
2245;12;2;2003;5.85;0
2246;6;2;2003;5;0
2247;4;2;2003;4.2;1100
2248;30;1;2003;4.5;300
2249;29;1;2003;4.5;900
2250;23;1;2003;4.5;500
2251;22;1;2003;5;200
2252;21;1;2003;5.05;1000
2253;20;1;2003;6.25;300
2254;15;1;2003;5.5;1600
2255;9;1;2003;4.65;300
2256;8;1;2003;4.25;0
2257;6;1;2003;4.35;200
2258;3;1;2003;4.9;100
2259;2;1;2003;4.15;100
2260;31;12;2002;4.1;300
2261;27;12;2002;4.6;500
2262;18;12;2002;5.6;600
2263;17;12;2002;5.25;100
2264;16;12;2002;5.55;200
2265;11;12;2002;5.9;400
2266;9;12;2002;5.25;100
2267;6;12;2002;6.4;0
2268;5;12;2002;5.5;100
2269;4;12;2002;5.45;600
2270;3;12;2002;5.5;200
2271;2;12;2002;5.5;100
2272;28;11;2002;5.6;500
2273;26;11;2002;5;100
2274;22;11;2002;4.75;300
2275;18;11;2002;5.5;1300
2276;15;11;2002;6.8;100
2277;13;11;2002;5.85;200
2278;12;11;2002;5.4;300
2279;31;10;2002;4.5;100
2280;24;10;2002;4.25;600
2281;23;10;2002;4.25;400
2282;22;10;2002;4.3;0
2283;10;10;2002;4.5;400
2284;9;10;2002;4.5;100
2285;8;10;2002;4.55;300
2286;4;10;2002;4.95;0
2287;1;10;2002;4.5;200
2288;30;9;2002;4.6;300
2289;27;9;2002;5;800
2290;25;9;2002;5.6;1000
2291;24;9;2002;4.75;500
2292;23;9;2002;5.25;100
2293;20;9;2002;6.45;300
2294;19;9;2002;6.3;500
2295;18;9;2002;5.5;800
2296;12;9;2002;6;0
2297;5;9;2002;6;100
2298;4;9;2002;5.5;1300
2299;3;9;2002;5.5;100
2300;23;8;2002;5.5;300
2301;22;8;2002;6;300
2302;13;8;2002;5;900
2303;12;8;2002;5.05;400
2304;26;6;2002;9.25;9400
2305;25;6;2002;8.1;700
2306;21;6;2002;6.75;700
2307;19;6;2002;7.5;400
2308;18;6;2002;7.25;300
2309;17;6;2002;7.05;1700
2310;11;6;2002;5.9;1200
2311;10;6;2002;4.95;1400
2312;4;6;2002;6;200
2313;16;5;2002;7;0
2314;13;5;2002;6;500
2315;10;5;2002;6;100
2316;9;5;2002;6;0
2317;8;5;2002;6;400
2318;7;5;2002;6;1600
2319;6;5;2002;6;0
2320;2;5;2002;6;100
2321;30;4;2002;5.6;0
2322;26;4;2002;5.1;0
2323;25;4;2002;5.25;0
2324;24;4;2002;5.25;100
2325;19;4;2002;5.5;0
2326;18;4;2002;5;600
2327;17;4;2002;5;0
2328;16;4;2002;5;200
2329;12;4;2002;5.85;0
2330;10;4;2002;4.9;0
2331;9;4;2002;4.1;100
2332;5;4;2002;5.1;100
2333;4;4;2002;4.5;100
2334;3;4;2002;5.5;0
2335;1;4;2002;5;0
2336;5;3;2002;5.2;500
2337;26;2;2002;5.5;100
2338;25;2;2002;5.5;100
2339;22;2;2002;5.5;0
2340;21;2;2002;5.1;200
2341;20;2;2002;5;200
2342;19;2;2002;5;0
2343;8;2;2002;5;100
2344;4;2;2002;5.55;100
2345;25;1;2002;5.65;200
2346;24;1;2002;5.65;100
2347;14;1;2002;7;400
2348;4;12;2000;7.5;300
2349;29;11;2000;7.8;100
2350;28;11;2000;6.25;1000
2351;21;11;2000;8;0
2352;20;11;2000;8;0
2353;17;11;2000;8;0
2354;16;11;2000;8;0
2355;15;11;2000;8;0
2356;14;11;2000;8;200
2357;13;11;2000;7.55;0
2358;10;11;2000;7.55;0
2359;9;11;2000;7.55;0
2360;8;11;2000;7.55;0
2361;7;11;2000;7.55;0
2362;6;11;2000;7.55;0
2363;3;11;2000;7.55;0
2364;2;11;2000;7.55;0
2365;1;11;2000;7.55;0
2366;31;10;2000;7.55;0
2367;30;10;2000;7.55;0
2368;27;10;2000;7.55;0
2369;26;10;2000;7.55;0
2370;25;10;2000;7.55;0
2371;24;10;2000;7.55;0
2372;23;10;2000;7.55;0
2373;20;10;2000;7.55;0
2374;19;10;2000;7.55;0
2375;18;10;2000;7.55;100
