1;24;10;2013;44.65;26000
2;23;10;2013;44.6;41000
3;22;10;2013;44.55;141000
4;21;10;2013;44.9;41000
5;18;10;2013;44.85;31000
6;17;10;2013;44.65;55000
7;16;10;2013;44.6;108000
8;15;10;2013;44.7;68000
9;14;10;2013;44.6;148000
10;11;10;2013;45.05;63000
11;10;10;2013;45;0
12;9;10;2013;45;86000
13;8;10;2013;45.3;105000
14;7;10;2013;45.5;115000
15;4;10;2013;45.5;61000
16;3;10;2013;45.45;118000
17;2;10;2013;45.35;72000
18;1;10;2013;45.3;73000
19;30;9;2013;46.1;25000
20;27;9;2013;46;38000
21;26;9;2013;45.9;58000
22;25;9;2013;45.8;31000
23;24;9;2013;46;20000
24;23;9;2013;46.4;24000
25;20;9;2013;46.05;0
26;18;9;2013;46.05;49000
27;17;9;2013;45.6;17000
28;16;9;2013;46.2;8000
29;13;9;2013;46.1;34000
30;12;9;2013;46.05;23000
31;11;9;2013;45.7;83000
32;10;9;2013;46.4;105000
33;9;9;2013;46.7;86000
34;6;9;2013;46.15;68000
35;5;9;2013;46.4;247000
36;4;9;2013;45.4;63000
37;3;9;2013;45.5;81000
38;2;9;2013;45.35;6000
39;30;8;2013;45.4;8000
40;29;8;2013;45;9000
41;28;8;2013;45;35000
42;27;8;2013;45.2;16000
43;26;8;2013;45.6;36000
44;23;8;2013;45.5;51000
45;22;8;2013;45.1;40000
46;21;8;2013;45.3;0
47;20;8;2013;45.3;64000
48;19;8;2013;45.8;45000
49;16;8;2013;45.8;32000
50;15;8;2013;45.8;10000
51;14;8;2013;46;16000
52;13;8;2013;46.4;17000
53;12;8;2013;46.2;9000
54;9;8;2013;46.25;20000
55;8;8;2013;46.1;12000
56;7;8;2013;46.3;24000
57;6;8;2013;46.75;36000
58;5;8;2013;46.4;17000
59;2;8;2013;46;51000
60;1;8;2013;46.1;8000
61;31;7;2013;46.35;43000
62;30;7;2013;46.5;35000
63;29;7;2013;46.65;13000
64;26;7;2013;46.75;30000
65;25;7;2013;47;16000
66;24;7;2013;47.2;60000
67;23;7;2013;46.7;27000
68;22;7;2013;47;42000
69;19;7;2013;46.6;33000
70;18;7;2013;47.2;98000
71;17;7;2013;49.9;161000
72;16;7;2013;49.3;121000
73;15;7;2013;48.6;124000
74;12;7;2013;48.45;24000
75;11;7;2013;48.5;39000
76;10;7;2013;48.45;50000
77;9;7;2013;48.3;23000
78;8;7;2013;48.15;9000
79;5;7;2013;48.15;26000
80;4;7;2013;48.1;10000
81;3;7;2013;48.1;13000
82;2;7;2013;48.25;16000
83;1;7;2013;48.35;48000
84;28;6;2013;48.4;46000
85;27;6;2013;48.8;28000
86;26;6;2013;48.5;12000
87;25;6;2013;48.4;14000
88;24;6;2013;48.8;12000
89;21;6;2013;48.6;17000
90;20;6;2013;49.25;10000
91;19;6;2013;49.5;2000
92;18;6;2013;49.4;4000
93;17;6;2013;49.3;10000
94;14;6;2013;48.95;17000
95;13;6;2013;49.65;60000
96;12;6;2013;49.3;0
97;11;6;2013;49.3;61000
98;10;6;2013;48.7;13000
99;7;6;2013;49;11000
100;6;6;2013;49.2;21000
101;5;6;2013;49.3;1000
102;4;6;2013;49.3;32000
103;3;6;2013;49.4;8000
104;31;5;2013;49.4;55000
105;30;5;2013;48.6;19000
106;29;5;2013;49.1;15000
107;28;5;2013;48.7;12000
108;27;5;2013;48.65;8000
109;24;5;2013;48.7;14000
110;23;5;2013;49.25;74000
111;22;5;2013;49.5;23000
112;21;5;2013;49.7;48000
113;20;5;2013;49.3;30000
114;17;5;2013;49.3;77000
115;16;5;2013;48.55;27000
116;15;5;2013;49;56000
117;14;5;2013;48.3;37000
118;13;5;2013;48.3;5000
119;10;5;2013;48.4;13000
120;9;5;2013;48.55;24000
121;8;5;2013;48.45;27000
122;7;5;2013;48.1;39000
123;6;5;2013;48.2;34000
124;3;5;2013;48.5;38000
125;2;5;2013;48.25;11000
126;1;5;2013;48.4;0
127;30;4;2013;48.4;31000
128;29;4;2013;48.5;29000
129;26;4;2013;48.25;44000
130;25;4;2013;48.5;8000
131;24;4;2013;48.55;46000
132;23;4;2013;48.1;28000
133;22;4;2013;48.2;46000
134;19;4;2013;48.7;19000
135;18;4;2013;48.5;27000
136;17;4;2013;48.5;65000
137;16;4;2013;49;72000
138;15;4;2013;49;43000
139;12;4;2013;49.05;49000
140;11;4;2013;49.05;13000
141;10;4;2013;48.65;13000
142;9;4;2013;49.4;39000
143;8;4;2013;49.4;30000
144;5;4;2013;50.2;0
145;4;4;2013;50.2;0
146;3;4;2013;50.2;29000
147;2;4;2013;51.1;122000
148;1;4;2013;50.5;48000
149;29;3;2013;50.5;186000
150;28;3;2013;50.3;46000
151;27;3;2013;49.8;77000
152;26;3;2013;49.6;69000
153;25;3;2013;49.2;112000
154;22;3;2013;49.2;109000
155;21;3;2013;48.3;35000
156;20;3;2013;48.7;18000
157;19;3;2013;49;114000
158;18;3;2013;49.2;83000
159;15;3;2013;49.6;47000
160;14;3;2013;49.8;181000
161;13;3;2013;49.5;87000
162;12;3;2013;49.6;66000
163;11;3;2013;49.9;190000
164;8;3;2013;48.8;108000
165;7;3;2013;48.5;52000
166;6;3;2013;48.3;28000
167;5;3;2013;48.7;60000
168;4;3;2013;48.1;101000
169;1;3;2013;47.95;102000
170;28;2;2013;46.95;0
171;27;2;2013;46.95;52000
172;26;2;2013;46.8;109000
173;25;2;2013;46.25;39000
174;22;2;2013;46.3;63000
175;21;2;2013;46.05;47000
176;20;2;2013;45.9;75000
177;19;2;2013;46;75000
178;18;2;2013;46;65000
179;15;2;2013;45;0
180;14;2;2013;45;0
181;13;2;2013;45;0
182;12;2;2013;45;0
183;11;2;2013;45;0
184;8;2;2013;45;0
185;7;2;2013;45;0
186;6;2;2013;45;24000
187;5;2;2013;45.1;22000
188;4;2;2013;44.85;93000
189;1;2;2013;45.15;14000
190;31;1;2013;45.15;10000
191;30;1;2013;45.5;46000
192;29;1;2013;45.2;8000
193;28;1;2013;45.35;18000
194;25;1;2013;45.5;10000
195;24;1;2013;45.05;75000
196;23;1;2013;45.25;14000
197;22;1;2013;45.8;28000
198;21;1;2013;46.15;36000
199;18;1;2013;45.75;27000
200;17;1;2013;45.2;50000
201;16;1;2013;45.3;30000
202;15;1;2013;45.8;11000
203;14;1;2013;45.7;17000
204;11;1;2013;45.8;18000
205;10;1;2013;45.5;36000
206;9;1;2013;45.4;17000
207;8;1;2013;45.4;49000
208;7;1;2013;45.7;29000
209;4;1;2013;45.5;48000
210;3;1;2013;45;46000
211;2;1;2013;46;12000
212;1;1;2013;45.8;0
213;31;12;2012;45.8;0
214;28;12;2012;45.8;13000
215;27;12;2012;45.85;32000
216;26;12;2012;45.4;31000
217;25;12;2012;45.3;19000
218;24;12;2012;44.85;26000
219;21;12;2012;45;17000
220;20;12;2012;45;17000
221;19;12;2012;45.05;40000
222;18;12;2012;44.5;71000
223;17;12;2012;44.75;12000
224;14;12;2012;44.35;19000
225;13;12;2012;44.7;61000
226;12;12;2012;44.3;10000
227;11;12;2012;43.55;21000
228;10;12;2012;43.95;2000
229;7;12;2012;43.6;16000
230;6;12;2012;44;13000
231;5;12;2012;44.1;31000
232;4;12;2012;43.9;15000
233;3;12;2012;43.95;49000
234;30;11;2012;43.9;42000
235;29;11;2012;43.5;30000
236;28;11;2012;42.7;38000
237;27;11;2012;43.2;9000
238;26;11;2012;43;16000
239;23;11;2012;42.7;32000
240;22;11;2012;42.05;0
241;21;11;2012;42.05;178000
242;20;11;2012;42.6;32000
243;19;11;2012;43;12000
244;16;11;2012;43.05;19000
245;15;11;2012;43.45;19000
246;14;11;2012;43.5;14000
247;13;11;2012;43.3;29000
248;12;11;2012;44.3;5000
249;9;11;2012;44.4;43000
250;8;11;2012;44;25000
251;7;11;2012;44.4;25000
252;6;11;2012;44.3;30000
253;5;11;2012;44.4;8000
254;2;11;2012;44.5;46000
255;1;11;2012;44.6;104000
256;31;10;2012;44.8;26000
257;30;10;2012;44.8;20000
258;29;10;2012;44.65;46000
259;26;10;2012;44.55;59000
260;25;10;2012;45;16000
261;24;10;2012;45.3;17000
262;23;10;2012;45.1;65000
263;22;10;2012;44.45;58000
264;19;10;2012;44.65;38000
265;18;10;2012;44.75;37000
266;17;10;2012;44.95;27000
267;16;10;2012;45.3;22000
268;15;10;2012;45;39000
269;12;10;2012;45.3;29000
270;11;10;2012;45.55;28000
271;10;10;2012;45.8;0
272;9;10;2012;45.8;25000
273;8;10;2012;46.05;33000
274;5;10;2012;46.1;17000
275;4;10;2012;46.2;27000
276;3;10;2012;46;20000
277;2;10;2012;46.3;10000
278;1;10;2012;46.2;19000
279;28;9;2012;46.3;18000
280;27;9;2012;46.65;7000
281;26;9;2012;46.25;17000
282;25;9;2012;46.65;28000
283;24;9;2012;46.75;9000
284;21;9;2012;46.7;13000
285;20;9;2012;46.5;9000
286;19;9;2012;46.8;39000
287;18;9;2012;46.65;20000
288;17;9;2012;46.5;25000
289;14;9;2012;46.3;43000
290;13;9;2012;46.25;19000
291;12;9;2012;46.2;12000
292;11;9;2012;46.5;103000
293;10;9;2012;46.35;7000
294;7;9;2012;46.3;4000
295;6;9;2012;46.5;39000
296;5;9;2012;46;28000
297;4;9;2012;46.35;4000
298;3;9;2012;46.55;50000
299;31;8;2012;46.3;15000
300;30;8;2012;46.4;5000
301;29;8;2012;46.4;4000
302;28;8;2012;46.45;24000
303;27;8;2012;46.9;29000
304;24;8;2012;46.95;15000
305;23;8;2012;46.4;16000
306;22;8;2012;46.3;11000
307;21;8;2012;46.85;30000
308;20;8;2012;46.55;4000
309;17;8;2012;46.6;43000
310;16;8;2012;47;41000
311;15;8;2012;46.4;27000
312;14;8;2012;46.35;32000
313;13;8;2012;46.3;25000
314;10;8;2012;47.5;20000
315;9;8;2012;47.4;50000
316;8;8;2012;46.25;53000
317;7;8;2012;46.5;23000
318;6;8;2012;46.8;42000
319;3;8;2012;46.6;14000
320;2;8;2012;46.9;0
321;1;8;2012;46.9;12000
322;31;7;2012;47;14000
323;30;7;2012;47;192000
324;27;7;2012;46.75;21000
325;26;7;2012;46.7;17000
326;25;7;2012;46.2;28000
327;24;7;2012;46.05;22000
328;23;7;2012;46.7;12000
329;20;7;2012;46.7;2000
330;19;7;2012;46.9;9000
331;18;7;2012;46.2;20000
332;17;7;2012;46.75;37000
333;16;7;2012;47.2;15000
334;13;7;2012;47.45;12000
335;12;7;2012;47.45;5000
336;11;7;2012;47.55;11000
337;10;7;2012;47.9;12000
338;9;7;2012;48;12000
339;6;7;2012;47.5;21000
340;5;7;2012;47.7;10000
341;4;7;2012;47.5;42000
342;3;7;2012;47.5;14000
343;2;7;2012;47.4;37000
344;29;6;2012;47.3;13000
345;28;6;2012;47.3;72000
346;27;6;2012;49.2;98000
347;26;6;2012;48.9;21000
348;25;6;2012;49.2;27000
349;22;6;2012;49.3;24000
350;21;6;2012;49.3;15000
351;20;6;2012;49.1;16000
352;19;6;2012;49.05;34000
353;18;6;2012;49;34000
354;15;6;2012;48.7;15000
355;14;6;2012;48;14000
356;13;6;2012;48.5;16000
357;12;6;2012;49;6000
358;11;6;2012;49;29000
359;8;6;2012;48.7;26000
360;7;6;2012;48.6;19000
361;6;6;2012;48;18000
362;5;6;2012;47.5;16000
363;4;6;2012;46.5;39000
364;1;6;2012;47.7;18000
365;31;5;2012;48.2;20000
366;30;5;2012;48.3;18000
367;29;5;2012;49.1;12000
368;28;5;2012;48.35;17000
369;25;5;2012;48.35;16000
370;24;5;2012;48.4;5000
371;23;5;2012;48.65;13000
372;22;5;2012;49;12000
373;21;5;2012;49;19000
374;18;5;2012;48.8;31000
375;17;5;2012;49.7;16000
376;16;5;2012;49.35;57000
377;15;5;2012;49.3;10000
378;14;5;2012;49.6;18000
379;11;5;2012;49.25;5000
380;10;5;2012;49.4;9000
381;9;5;2012;49.8;26000
382;8;5;2012;49.8;24000
383;7;5;2012;49.8;92000
384;4;5;2012;50.2;26000
385;3;5;2012;49.65;25000
386;2;5;2012;50.1;51000
387;1;5;2012;49.35;0
388;30;4;2012;49.35;23000
389;27;4;2012;49.65;34000
390;26;4;2012;50.2;32000
391;25;4;2012;50;98000
392;24;4;2012;48.95;56000
393;23;4;2012;48.95;34000
394;20;4;2012;49.2;24000
395;19;4;2012;49.3;40000
396;18;4;2012;48.9;56000
397;17;4;2012;48.1;31000
398;16;4;2012;48.55;38000
399;13;4;2012;48.55;37000
400;12;4;2012;48;36000
401;11;4;2012;48;22000
402;10;4;2012;48.65;21000
403;9;4;2012;48.5;43000
404;6;4;2012;49;79000
405;5;4;2012;48.4;89000
406;4;4;2012;48.8;0
407;3;4;2012;48.8;57000
408;2;4;2012;49;59000
409;30;3;2012;49.1;89000
410;29;3;2012;49;149000
411;28;3;2012;48.8;74000
412;27;3;2012;48.8;42000
413;26;3;2012;49.1;64000
414;23;3;2012;50;81000
415;22;3;2012;50;33000
416;21;3;2012;49.85;47000
417;20;3;2012;50;63000
418;19;3;2012;50.8;88000
419;16;3;2012;50.9;270000
420;15;3;2012;51.6;208000
421;14;3;2012;50;259000
422;13;3;2012;49.05;153000
423;12;3;2012;48.55;135000
424;9;3;2012;48.4;138000
425;8;3;2012;48.25;236000
426;7;3;2012;48.25;307000
427;6;3;2012;48.4;233000
428;5;3;2012;48.8;709000
429;2;3;2012;48;170000
430;1;3;2012;48.35;190000
431;29;2;2012;47.8;522000
432;28;2;2012;46.7;0
433;27;2;2012;46.7;0
434;24;2;2012;46.7;20000
435;23;2;2012;46.4;61000
436;22;2;2012;46.9;68000
437;21;2;2012;46.6;56000
438;20;2;2012;46.9;72000
439;17;2;2012;47;72000
440;16;2;2012;46.6;100000
441;15;2;2012;47.35;117000
442;14;2;2012;47.35;108000
443;13;2;2012;47.5;104000
444;10;2;2012;47.6;57000
445;9;2;2012;47.85;61000
446;8;2;2012;48;153000
447;7;2;2012;47.35;83000
448;6;2;2012;47.45;107000
449;3;2;2012;46.85;65000
450;2;2;2012;47.2;67000
451;1;2;2012;47.1;63000
452;31;1;2012;47.6;69000
453;30;1;2012;47.1;156000
454;27;1;2012;45.5;0
455;26;1;2012;45.5;0
456;25;1;2012;45.5;0
457;24;1;2012;45.5;0
458;23;1;2012;45.5;0
459;20;1;2012;45.5;0
460;19;1;2012;45.5;0
461;18;1;2012;45.5;72000
462;17;1;2012;45.35;46000
463;16;1;2012;44.9;29000
464;13;1;2012;44.8;111000
465;12;1;2012;44.5;46000
466;11;1;2012;44.65;43000
467;10;1;2012;44.75;33000
468;9;1;2012;44.5;29000
469;6;1;2012;44.45;45000
470;5;1;2012;44.9;0
471;4;1;2012;44.9;0
472;3;1;2012;44.9;0
473;2;1;2012;44.9;0
474;30;12;2011;44.9;27000
475;29;12;2011;45.2;35000
476;28;12;2011;45.3;33000
477;27;12;2011;45.05;6000
478;26;12;2011;45.2;51000
479;23;12;2011;45.05;98000
480;22;12;2011;45.6;34000
481;21;12;2011;46.1;83000
482;20;12;2011;44.4;16000
483;19;12;2011;43.9;41000
484;16;12;2011;44.5;18000
485;15;12;2011;44.8;19000
486;14;12;2011;44.7;26000
487;13;12;2011;44.6;23000
488;12;12;2011;45;27000
489;9;12;2011;45;29000
490;8;12;2011;45.1;17000
491;7;12;2011;45.7;71000
492;6;12;2011;45.1;64000
493;5;12;2011;45.5;113000
494;2;12;2011;44.1;67000
495;1;12;2011;44.8;307000
496;30;11;2011;41.9;70000
497;29;11;2011;42.85;77000
498;28;11;2011;42;71000
499;25;11;2011;42;147000
500;24;11;2011;41.95;107000
501;23;11;2011;42.3;433000
502;22;11;2011;42.65;217000
503;21;11;2011;44.8;112000
504;18;11;2011;45.5;105000
505;17;11;2011;46.6;171000
506;16;11;2011;47.1;89000
507;15;11;2011;48;38000
508;14;11;2011;48.4;38000
509;11;11;2011;48.3;60000
510;10;11;2011;48;66000
511;9;11;2011;49;24000
512;8;11;2011;49.25;32000
513;7;11;2011;49.15;41000
514;4;11;2011;48.85;85000
515;3;11;2011;48.5;49000
516;2;11;2011;49.2;110000
517;1;11;2011;49.75;154000
518;31;10;2011;50;141000
519;28;10;2011;49;271000
520;27;10;2011;48.5;355000
521;26;10;2011;48.4;47000
522;25;10;2011;48.4;49000
523;24;10;2011;48.4;95000
524;21;10;2011;47.75;82000
525;20;10;2011;48.3;16000
526;19;10;2011;47.8;44000
527;18;10;2011;47.5;22000
528;17;10;2011;47.25;58000
529;14;10;2011;47.2;19000
530;13;10;2011;47.4;35000
531;12;10;2011;47.6;17000
532;11;10;2011;47;99000
533;7;10;2011;46.5;1291000
534;6;10;2011;48;88000
535;5;10;2011;47.9;76000
536;4;10;2011;48;57000
537;3;10;2011;48.2;107000
538;30;9;2011;49;182000
539;29;9;2011;49.5;65000
540;28;9;2011;49.2;43000
541;27;9;2011;49.25;43000
542;26;9;2011;49.05;171000
543;23;9;2011;49.7;112000
544;22;9;2011;50.7;150000
545;21;9;2011;52;34000
546;20;9;2011;51.4;102000
547;19;9;2011;50.9;72000
548;16;9;2011;50;1290000
549;15;9;2011;49.1;756000
550;14;9;2011;52.7;97000
551;13;9;2011;53.2;17000
552;9;9;2011;53.8;93000
553;8;9;2011;53.9;78000
554;7;9;2011;53.9;54000
555;6;9;2011;53.6;144000
556;5;9;2011;54.3;119000
557;2;9;2011;54.7;123000
558;1;9;2011;53.9;630000
559;31;8;2011;52.2;8000
560;30;8;2011;52.9;41000
561;29;8;2011;52;21000
562;26;8;2011;52;40000
563;25;8;2011;52.1;44000
564;24;8;2011;52.4;44000
565;23;8;2011;52.6;170000
566;22;8;2011;51;53000
567;19;8;2011;51.2;106000
568;18;8;2011;52.2;60000
569;17;8;2011;53.1;86000
570;16;8;2011;53.8;154000
571;15;8;2011;53.4;84000
572;12;8;2011;50.8;164000
573;11;8;2011;51.7;113000
574;10;8;2011;51.6;243000
575;9;8;2011;51.7;314000
576;8;8;2011;51.9;281000
577;5;8;2011;53.9;239000
578;4;8;2011;55.9;86000
579;3;8;2011;56.7;64000
580;2;8;2011;57.1;75000
581;1;8;2011;57.7;53000
582;29;7;2011;57.1;65000
583;28;7;2011;57.2;58000
584;27;7;2011;57.8;86000
585;26;7;2011;58;179000
586;25;7;2011;58.3;69000
587;22;7;2011;58.5;245000
588;21;7;2011;58.5;546000
589;20;7;2011;58.5;115000
590;19;7;2011;58.3;118000
591;18;7;2011;58.9;187000
592;15;7;2011;57.5;71000
593;14;7;2011;58;102000
594;13;7;2011;58;167000
595;12;7;2011;57.9;82000
596;11;7;2011;58.1;303000
597;8;7;2011;58.2;386000
598;7;7;2011;55.6;76000
599;6;7;2011;55.7;59000
600;5;7;2011;55.9;69000
601;4;7;2011;56.3;93000
602;1;7;2011;55.8;150000
603;30;6;2011;56.4;125000
604;29;6;2011;55.8;374000
605;28;6;2011;58.6;506000
606;27;6;2011;58;162000
607;24;6;2011;58.6;222000
608;23;6;2011;59;518000
609;22;6;2011;57;79000
610;21;6;2011;57;62000
611;20;6;2011;56.9;148000
612;17;6;2011;56.9;44000
613;16;6;2011;57.3;123000
614;15;6;2011;58.1;308000
615;14;6;2011;58.1;680000
616;13;6;2011;55;28000
617;10;6;2011;55.5;48000
618;9;6;2011;56.3;32000
619;8;6;2011;56.6;66000
620;7;6;2011;56.5;31000
621;3;6;2011;56.7;31000
622;2;6;2011;56;48000
623;1;6;2011;56.1;50000
624;31;5;2011;56.1;72000
625;30;5;2011;56.7;164000
626;27;5;2011;54.7;60000
627;26;5;2011;54.9;98000
628;25;5;2011;55;45000
629;24;5;2011;55.9;95000
630;23;5;2011;55.5;66000
631;20;5;2011;55;114000
632;19;5;2011;55.8;40000
633;18;5;2011;55.8;65000
634;17;5;2011;55.9;62000
635;16;5;2011;56.2;101000
636;13;5;2011;56.6;202000
637;12;5;2011;57.8;255000
638;11;5;2011;57.6;338000
639;10;5;2011;58;1123000
640;9;5;2011;56.3;75000
641;6;5;2011;55.8;51000
642;5;5;2011;56.3;58000
643;4;5;2011;55.5;103000
644;3;5;2011;57;69000
645;29;4;2011;57.7;62000
646;28;4;2011;57.1;42000
647;27;4;2011;57.3;43000
648;26;4;2011;57;54000
649;25;4;2011;57.6;128000
650;22;4;2011;57.2;104000
651;21;4;2011;57.1;234000
652;20;4;2011;55.7;140000
653;19;4;2011;56;60000
654;18;4;2011;55.4;144000
655;15;4;2011;56.2;116000
656;14;4;2011;57.2;118000
657;13;4;2011;58.1;317000
658;12;4;2011;57.5;339000
659;11;4;2011;58;496000
660;8;4;2011;58.3;924000
661;7;4;2011;60.2;964000
662;6;4;2011;58;613000
663;1;4;2011;55;412000
664;31;3;2011;54.3;353000
665;30;3;2011;53.7;413000
666;29;3;2011;52.5;311000
667;28;3;2011;51.3;75000
668;25;3;2011;51.5;139000
669;24;3;2011;51.4;17000
670;23;3;2011;51.6;119000
671;22;3;2011;51;12000
672;21;3;2011;51.3;20000
673;18;3;2011;51.1;238000
674;17;3;2011;50.1;37000
675;16;3;2011;50.2;85000
676;15;3;2011;50;231000
677;14;3;2011;50.3;176000
678;11;3;2011;51.4;26000
679;10;3;2011;51.8;13000
680;9;3;2011;51.8;35000
681;8;3;2011;51.5;25000
682;7;3;2011;51.4;42000
683;4;3;2011;51.3;26000
684;3;3;2011;51.7;42000
685;2;3;2011;51.1;78000
686;1;3;2011;51.7;40000
687;25;2;2011;52.2;67000
688;24;2;2011;53.1;57000
689;23;2;2011;53.7;170000
690;22;2;2011;52.8;356000
691;21;2;2011;53.8;476000
692;18;2;2011;52.7;164000
693;17;2;2011;51.9;347000
694;16;2;2011;51.7;197000
695;15;2;2011;50.6;74000
696;14;2;2011;50.4;82000
697;11;2;2011;51;102000
698;10;2;2011;51;190000
699;9;2;2011;50.2;75000
700;8;2;2011;50.3;19000
701;28;1;2011;50.2;53000
702;27;1;2011;50.1;62000
703;26;1;2011;50.2;61000
704;25;1;2011;50.4;39000
705;24;1;2011;50.9;55000
706;21;1;2011;50.8;224000
707;20;1;2011;50.5;100000
708;19;1;2011;50.1;30000
709;18;1;2011;50.3;63000
710;17;1;2011;50;69000
711;14;1;2011;50;53000
712;13;1;2011;50.1;130000
713;12;1;2011;50.1;45000
714;11;1;2011;50.2;19000
715;10;1;2011;50;57000
716;7;1;2011;50;147000
717;6;1;2011;50.2;35000
718;5;1;2011;50;98000
719;4;1;2011;50.3;122000
720;3;1;2011;50.1;71000
721;31;12;2010;50.2;87000
722;30;12;2010;50.3;100000
723;29;12;2010;50.4;51000
724;28;12;2010;50.6;40000
725;27;12;2010;51.1;87000
726;24;12;2010;51.2;84000
727;23;12;2010;51.7;459000
728;22;12;2010;51;122000
729;21;12;2010;50.1;95000
730;20;12;2010;50.1;38000
731;17;12;2010;50.2;80000
732;16;12;2010;50;165000
733;15;12;2010;50.1;63000
734;14;12;2010;50.4;62000
735;13;12;2010;50.6;27000
736;10;12;2010;50.1;31000
737;9;12;2010;50.5;28000
738;8;12;2010;50.6;30000
739;7;12;2010;50.3;23000
740;6;12;2010;50.3;38000
741;3;12;2010;50.1;50000
742;2;12;2010;50.2;139000
743;1;12;2010;50;124000
744;30;11;2010;50.2;66000
745;29;11;2010;50.2;14000
746;26;11;2010;50;214000
747;25;11;2010;50.2;88000
748;24;11;2010;50.8;19000
749;23;11;2010;51.5;26000
750;22;11;2010;51.7;31000
751;19;11;2010;51.7;53000
752;18;11;2010;51.6;89000
753;17;11;2010;51.5;211000
754;16;11;2010;52.1;271000
755;15;11;2010;50.4;79000
756;12;11;2010;50.3;38000
757;11;11;2010;50.3;42000
758;10;11;2010;50.7;96000
759;9;11;2010;50.4;83000
760;8;11;2010;50.9;191000
761;5;11;2010;49.4;155000
762;4;11;2010;48.9;98000
763;3;11;2010;48.25;75000
764;2;11;2010;48.25;97000
765;1;11;2010;48.9;43000
766;29;10;2010;48.4;40000
767;28;10;2010;48.55;80000
768;27;10;2010;49.1;63000
769;26;10;2010;48.7;70000
770;25;10;2010;48.7;150000
771;22;10;2010;48.85;143000
772;21;10;2010;48.7;237000
773;20;10;2010;49.25;83000
774;19;10;2010;49;857000
775;18;10;2010;50.1;90000
776;15;10;2010;50.3;25000
777;14;10;2010;50.4;39000
778;13;10;2010;50.1;176000
779;12;10;2010;50.2;173000
780;11;10;2010;50;54000
781;8;10;2010;50.2;53000
782;7;10;2010;50.2;82000
783;6;10;2010;50.1;214000
784;5;10;2010;50.1;237000
785;4;10;2010;50.6;72000
786;1;10;2010;50.8;129000
787;30;9;2010;50.6;105000
788;29;9;2010;50.9;88000
789;28;9;2010;51.1;54000
790;27;9;2010;51.1;93000
791;24;9;2010;52;49000
792;23;9;2010;52.1;179000
793;21;9;2010;51.3;30000
794;20;9;2010;51.6;61000
795;17;9;2010;51.1;107000
796;16;9;2010;51.3;83000
797;15;9;2010;51.7;79000
798;14;9;2010;51.8;179000
799;13;9;2010;51.6;172000
800;10;9;2010;51.8;54000
801;9;9;2010;51.8;28000
802;8;9;2010;51.8;49000
803;7;9;2010;52;97000
804;6;9;2010;52.2;144000
805;3;9;2010;51.3;149000
806;2;9;2010;51.2;128000
807;1;9;2010;51.4;175000
808;31;8;2010;52;154000
809;30;8;2010;53.3;108000
810;27;8;2010;52.8;106000
811;26;8;2010;52.7;398000
812;25;8;2010;53.5;341000
813;24;8;2010;55;211000
814;23;8;2010;54.8;386000
815;20;8;2010;55.8;103000
816;19;8;2010;56;468000
817;18;8;2010;56.1;503000
818;17;8;2010;57.1;1465000
819;16;8;2010;55.6;1010000
820;13;8;2010;56.3;1919000
821;12;8;2010;54.1;422000
822;11;8;2010;54;414000
823;10;8;2010;53.9;490000
824;9;8;2010;54.7;1290000
825;6;8;2010;52;263000
826;5;8;2010;52.4;341000
827;4;8;2010;53.5;787000
828;3;8;2010;52.1;340000
829;2;8;2010;52.1;318000
830;30;7;2010;52.2;499000
831;29;7;2010;51.4;271000
832;28;7;2010;52;704000
833;27;7;2010;52.1;384000
834;26;7;2010;51.2;171000
835;23;7;2010;51;200000
836;22;7;2010;51;108000
837;21;7;2010;51;302000
838;20;7;2010;51.3;384000
839;19;7;2010;51.3;144000
840;16;7;2010;51.4;299000
841;15;7;2010;51.9;241000
842;14;7;2010;51.7;328000
843;13;7;2010;51.7;278000
844;12;7;2010;51.5;279000
845;9;7;2010;51.7;1228000
846;8;7;2010;53;821000
847;7;7;2010;53;2010000
848;6;7;2010;51.9;577000
849;5;7;2010;51.6;1456000
850;2;7;2010;50.5;623000
851;1;7;2010;51.6;2475000
852;30;6;2010;52;731000
853;29;6;2010;50.2;398000
854;28;6;2010;51.4;552000
855;25;6;2010;53;1715000
856;24;6;2010;51.3;798000
857;23;6;2010;51.3;2455000
858;22;6;2010;48;131000
859;21;6;2010;48;323000
860;18;6;2010;46.9;95000
861;17;6;2010;46.3;97000
862;15;6;2010;46.5;453000
863;14;6;2010;47.5;22000
864;11;6;2010;48;250000
865;10;6;2010;48.25;19000
866;9;6;2010;48.05;115000
867;8;6;2010;49;202000
868;7;6;2010;47.95;146000
869;4;6;2010;48.1;303000
870;3;6;2010;47.85;520000
871;2;6;2010;47.4;333000
872;1;6;2010;45.5;97000
873;31;5;2010;46.35;162000
874;28;5;2010;45.85;152000
875;27;5;2010;45;93000
876;26;5;2010;44.6;153000
877;25;5;2010;43.55;85000
878;24;5;2010;45.5;67000
879;21;5;2010;44.15;268000
880;20;5;2010;44.25;103000
881;19;5;2010;45;85000
882;18;5;2010;45.3;194000
883;17;5;2010;45.6;71000
884;14;5;2010;45.6;119000
885;13;5;2010;45.4;131000
886;12;5;2010;45.4;106000
887;11;5;2010;46.1;151000
888;10;5;2010;46.15;96000
889;7;5;2010;46.75;551000
890;6;5;2010;46.8;405000
891;5;5;2010;48;545000
892;4;5;2010;49.1;1207000
893;3;5;2010;48.5;1787000
894;30;4;2010;47.3;1510000
895;29;4;2010;47.35;2729000
896;28;4;2010;44.5;318000
897;27;4;2010;43.6;61000
898;26;4;2010;43.6;148000
899;23;4;2010;42.8;109000
900;22;4;2010;43;132000
901;21;4;2010;43.8;275000
902;20;4;2010;42.75;300000
903;19;4;2010;43.2;139000
904;16;4;2010;43;148000
905;15;4;2010;43.7;142000
906;14;4;2010;43.85;125000
907;13;4;2010;43.85;89000
908;12;4;2010;44.15;72000
909;9;4;2010;44.45;316000
910;8;4;2010;44.95;589000
911;7;4;2010;44.15;116000
912;6;4;2010;43.9;306000
913;2;4;2010;44;368000
914;1;4;2010;43.15;182000
915;31;3;2010;44;311000
916;30;3;2010;44.65;312000
917;29;3;2010;43.9;598000
918;26;3;2010;43.65;1412000
919;25;3;2010;44;643000
920;24;3;2010;44;2310000
921;23;3;2010;41.8;299000
922;22;3;2010;40.7;287000
923;19;3;2010;41.1;182000
924;18;3;2010;41.25;142000
925;17;3;2010;40.9;84000
926;16;3;2010;40.4;87000
927;15;3;2010;40.35;178000
928;12;3;2010;41.05;110000
929;11;3;2010;40.7;173000
930;10;3;2010;41.4;377000
931;9;3;2010;42.35;1365000
932;8;3;2010;39.6;205000
933;5;3;2010;40;461000
934;4;3;2010;37.8;34000
935;3;3;2010;38.1;55000
936;2;3;2010;38.3;137000
937;1;3;2010;38;63000
938;26;2;2010;37.9;143000
939;25;2;2010;37.9;80000
940;24;2;2010;38.2;137000
941;23;2;2010;38.55;119000
942;22;2;2010;38.75;282000
943;10;2;2010;38.4;447000
944;9;2;2010;37.7;80000
945;8;2;2010;37.8;119000
946;5;2;2010;38.75;795000
947;4;2;2010;36.25;34000
948;3;2;2010;36.1;153000
949;2;2;2010;35.8;52000
950;1;2;2010;35.85;91000
951;29;1;2010;35.8;390000
952;28;1;2010;36;266000
953;27;1;2010;35.9;356000
954;26;1;2010;35.9;476000
955;25;1;2010;36.85;103000
956;22;1;2010;36.9;192000
957;21;1;2010;37.3;118000
958;20;1;2010;36.9;115000
959;19;1;2010;37.5;173000
960;18;1;2010;37.7;157000
961;15;1;2010;37.7;217000
962;14;1;2010;37.4;137000
963;13;1;2010;37.7;107000
964;12;1;2010;38.05;615000
965;11;1;2010;36.3;124000
966;8;1;2010;36.4;140000
967;7;1;2010;37;280000
968;6;1;2010;36.75;125000
969;5;1;2010;36.5;184000
970;4;1;2010;35.9;142000
971;1;1;2010;36.1;0
972;31;12;2009;36.1;205000
973;30;12;2009;36.7;204000
974;29;12;2009;36.5;68000
975;28;12;2009;36.5;101000
976;25;12;2009;36.7;263000
977;24;12;2009;37.4;111000
978;23;12;2009;38;139000
979;22;12;2009;38.2;183000
980;21;12;2009;38.3;298000
981;18;12;2009;38.3;292000
982;17;12;2009;38.45;531000
983;16;12;2009;39.25;1476000
984;15;12;2009;39.25;1995000
985;14;12;2009;36.7;1307000
986;11;12;2009;34.3;135000
987;10;12;2009;33.7;154000
988;9;12;2009;33.9;85000
989;8;12;2009;33.05;50000
990;7;12;2009;33.2;35000
991;4;12;2009;33.1;38000
992;3;12;2009;33.4;118000
993;2;12;2009;32.9;48000
994;1;12;2009;33;33000
995;30;11;2009;33;12000
996;27;11;2009;32.75;199000
997;26;11;2009;33.2;71000
998;25;11;2009;33.4;60000
999;24;11;2009;33.4;92000
1000;23;11;2009;33.5;43000
1001;20;11;2009;33.65;36000
1002;19;11;2009;33.95;168000
1003;18;11;2009;34.15;327000
1004;17;11;2009;33.2;72000
1005;16;11;2009;33.4;86000
1006;13;11;2009;33.05;70000
1007;12;11;2009;33.35;82000
1008;11;11;2009;33.35;65000
1009;10;11;2009;33.15;173000
1010;9;11;2009;33.8;109000
1011;6;11;2009;33.9;138000
1012;5;11;2009;33.9;67000
1013;4;11;2009;34.1;228000
1014;3;11;2009;34;236000
1015;2;11;2009;34.25;454000
1016;30;10;2009;34.9;1707000
1017;29;10;2009;32.8;244000
1018;28;10;2009;32.5;282000
1019;27;10;2009;32.1;53000
1020;26;10;2009;32.1;32000
1021;23;10;2009;32.3;22000
1022;22;10;2009;32.2;36000
1023;21;10;2009;32.25;118000
1024;20;10;2009;32.15;56000
1025;19;10;2009;32.15;18000
1026;16;10;2009;32.3;30000
1027;15;10;2009;32;94000
1028;14;10;2009;32.35;136000
1029;13;10;2009;32.3;47000
1030;12;10;2009;32.3;55000
1031;9;10;2009;32.1;56000
1032;8;10;2009;32.05;78000
1033;7;10;2009;32;58000
1034;6;10;2009;32.1;75000
1035;5;10;2009;32.1;76000
1036;2;10;2009;31.95;21000
1037;1;10;2009;31.9;59000
1038;30;9;2009;32.1;81000
1039;29;9;2009;32.2;52000
1040;28;9;2009;32.55;23000
1041;25;9;2009;32.6;22000
1042;24;9;2009;32.55;11000
1043;23;9;2009;32.65;15000
1044;22;9;2009;32.7;32000
1045;21;9;2009;32.8;70000
1046;18;9;2009;32.45;42000
1047;17;9;2009;32.8;91000
1048;16;9;2009;32.8;40000
1049;15;9;2009;32.8;14000
1050;14;9;2009;32.8;30000
1051;11;9;2009;32.8;16000
1052;10;9;2009;32.6;88000
1053;9;9;2009;32.6;65000
1054;8;9;2009;32.8;132000
1055;7;9;2009;32;44000
1056;4;9;2009;32.45;50000
1057;3;9;2009;32.85;223000
1058;2;9;2009;31.75;47000
1059;1;9;2009;31.8;29000
1060;31;8;2009;31.6;5000
1061;28;8;2009;31.6;25000
1062;27;8;2009;31.4;38000
1063;26;8;2009;31.45;73000
1064;25;8;2009;31.95;41000
1065;24;8;2009;32.15;63000
1066;21;8;2009;31.4;104000
1067;20;8;2009;31.7;52000
1068;19;8;2009;32;93000
1069;18;8;2009;32;163000
1070;17;8;2009;32.6;273000
1071;14;8;2009;33.65;21000
1072;13;8;2009;33.9;134000
1073;12;8;2009;33.8;29000
1074;11;8;2009;33.65;15000
1075;10;8;2009;33.7;134000
1076;6;8;2009;34;25000
1077;5;8;2009;33.9;135000
1078;4;8;2009;34.15;243000
1079;3;8;2009;35.15;127000
1080;31;7;2009;35.2;443000
1081;30;7;2009;34.5;178000
1082;29;7;2009;34.2;171000
1083;28;7;2009;34.55;373000
1084;27;7;2009;34.7;275000
1085;24;7;2009;33.75;103000
1086;23;7;2009;34.3;272000
1087;22;7;2009;34.5;522000
1088;21;7;2009;35.3;1628000
1089;20;7;2009;33;68000
1090;17;7;2009;33.15;89000
1091;16;7;2009;32.6;142000
1092;15;7;2009;32.95;93000
1093;14;7;2009;32.95;32000
1094;13;7;2009;33;182000
1095;10;7;2009;33.25;91000
1096;9;7;2009;33.7;84000
1097;8;7;2009;33.9;83000
1098;7;7;2009;34.2;184000
1099;6;7;2009;34.75;128000
1100;3;7;2009;35.1;211000
1101;2;7;2009;34.45;164000
1102;1;7;2009;34.65;70000
1103;30;6;2009;34.6;79000
1104;29;6;2009;34.7;106000
1105;26;6;2009;35;268000
1106;25;6;2009;35.45;767000
1107;24;6;2009;33.15;180000
1108;23;6;2009;32.1;239000
1109;22;6;2009;32.9;195000
1110;19;6;2009;33.4;209000
1111;18;6;2009;34;129000
1112;17;6;2009;34.1;120000
1113;16;6;2009;34.25;289000
1114;15;6;2009;34.7;837000
1115;12;6;2009;34.6;1148000
1116;11;6;2009;33.65;135000
1117;10;6;2009;31.45;457000
1118;9;6;2009;33;262000
1119;8;6;2009;33.7;267000
1120;5;6;2009;34.5;414000
1121;4;6;2009;33.5;189000
1122;3;6;2009;33.1;370000
1123;2;6;2009;35.2;1282000
1124;1;6;2009;36.45;2246000
1125;29;5;2009;34.1;0
1126;28;5;2009;34.1;0
1127;27;5;2009;34.1;1220000
1128;26;5;2009;33.75;1332000
1129;25;5;2009;31.55;664000
1130;22;5;2009;29.5;101000
1131;21;5;2009;29.05;25000
1132;20;5;2009;29.6;83000
1133;19;5;2009;29.5;59000
1134;18;5;2009;28.75;41000
1135;15;5;2009;28.6;27000
1136;14;5;2009;28.55;71000
1137;13;5;2009;28.5;27000
1138;12;5;2009;28.5;18000
1139;11;5;2009;28.5;113000
1140;8;5;2009;28.45;108000
1141;7;5;2009;28.5;68000
1142;6;5;2009;28.4;60000
1143;5;5;2009;28.3;84000
1144;4;5;2009;28.55;160000
1145;1;5;2009;28.4;0
1146;30;4;2009;28.4;223000
1147;29;4;2009;26.55;57000
1148;28;4;2009;26.55;47000
1149;27;4;2009;26.5;82000
1150;24;4;2009;27.1;48000
1151;23;4;2009;27.1;47000
1152;22;4;2009;27.45;60000
1153;21;4;2009;27.3;21000
1154;20;4;2009;26.85;59000
1155;17;4;2009;26.5;87000
1156;16;4;2009;27.6;53000
1157;15;4;2009;27.7;61000
1158;14;4;2009;28.05;27000
1159;13;4;2009;28.4;214000
1160;10;4;2009;27.85;64000
1161;9;4;2009;28;130000
1162;8;4;2009;27;55000
1163;7;4;2009;27.5;39000
1164;6;4;2009;27.4;46000
1165;3;4;2009;27.7;114000
1166;2;4;2009;28.35;273000
1167;1;4;2009;26.5;33000
1168;31;3;2009;26.2;38000
1169;30;3;2009;26.2;17000
1170;27;3;2009;26.6;37000
1171;26;3;2009;26.6;74000
1172;25;3;2009;26.5;79000
1173;24;3;2009;26.2;52000
1174;23;3;2009;26.2;32000
1175;20;3;2009;26;29000
1176;19;3;2009;26.35;100000
1177;18;3;2009;26;26000
1178;17;3;2009;25.8;41000
1179;16;3;2009;26.1;75000
1180;13;3;2009;25.7;33000
1181;12;3;2009;25.6;10000
1182;11;3;2009;25.55;25000
1183;10;3;2009;25.6;11000
1184;9;3;2009;25.65;7000
1185;6;3;2009;25.6;7000
1186;5;3;2009;26;32000
1187;4;3;2009;25.55;7000
1188;3;3;2009;25.6;13000
1189;2;3;2009;25.6;37000
1190;27;2;2009;25.8;61000
1191;26;2;2009;25.4;23000
1192;25;2;2009;25.55;3000
1193;24;2;2009;25.5;12000
1194;23;2;2009;25.45;10000
1195;20;2;2009;25.55;13000
1196;19;2;2009;25.4;61000
1197;18;2;2009;25.4;64000
1198;17;2;2009;25.4;117000
1199;16;2;2009;25.4;46000
1200;13;2;2009;25.7;64000
1201;12;2;2009;25.75;31000
1202;11;2;2009;25.8;36000
1203;10;2;2009;25.95;22000
1204;9;2;2009;25.9;67000
1205;6;2;2009;25.8;17000
1206;5;2;2009;25.7;3000
1207;4;2;2009;25.7;4000
1208;3;2;2009;25.6;14000
1209;2;2;2009;25.55;7000
1210;21;1;2009;25.55;34000
1211;20;1;2009;25.5;12000
1212;19;1;2009;25.55;1000
1213;16;1;2009;25.5;2000
1214;15;1;2009;25.55;5000
1215;14;1;2009;25.55;7000
1216;13;1;2009;25.8;1000
1217;12;1;2009;25.5;5000
1218;9;1;2009;25.5;11000
1219;8;1;2009;25.3;8000
1220;7;1;2009;25.55;3000
1221;6;1;2009;25.55;9000
1222;5;1;2009;25.5;6000
1223;2;1;2009;25.4;0
1224;1;1;2009;25.4;0
1225;31;12;2008;25.4;11000
1226;30;12;2008;25.5;7000
1227;29;12;2008;25.4;1000
1228;26;12;2008;25.4;5000
1229;25;12;2008;25.4;10000
1230;24;12;2008;25.5;25000
1231;23;12;2008;25.4;10000
1232;22;12;2008;25.5;30000
1233;19;12;2008;25.4;3000
1234;18;12;2008;25.7;16000
1235;17;12;2008;25.6;5000
1236;16;12;2008;25.35;6000
1237;15;12;2008;25.45;14000
1238;12;12;2008;25.3;24000
1239;11;12;2008;25.55;11000
1240;10;12;2008;25.8;27000
1241;9;12;2008;25.7;24000
1242;8;12;2008;25.6;35000
1243;5;12;2008;25.6;14000
1244;4;12;2008;25.2;37000
1245;3;12;2008;25.35;18000
1246;2;12;2008;25.6;33000
1247;1;12;2008;25.8;42000
1248;28;11;2008;25.5;62000
1249;27;11;2008;25.4;22000
1250;26;11;2008;25.7;12000
1251;25;11;2008;25.7;10000
1252;24;11;2008;25.4;35000
1253;21;11;2008;25.6;46000
1254;20;11;2008;25.7;41000
1255;19;11;2008;25.45;39000
1256;18;11;2008;25.55;33000
1257;17;11;2008;25.4;29000
1258;14;11;2008;25.5;16000
1259;13;11;2008;25.4;29000
1260;12;11;2008;25.5;24000
1261;11;11;2008;26;71000
1262;10;11;2008;25.5;48000
1263;7;11;2008;25.7;174000
1264;6;11;2008;25.7;11000
1265;5;11;2008;25.75;17000
1266;4;11;2008;25.7;25000
1267;3;11;2008;25.7;37000
1268;31;10;2008;25.5;60000
1269;30;10;2008;25.8;60000
1270;29;10;2008;25.5;51000
1271;28;10;2008;25.35;61000
1272;27;10;2008;25;48000
1273;24;10;2008;25.5;145000
1274;23;10;2008;25.6;339000
1275;22;10;2008;25.7;46000
1276;21;10;2008;25.9;93000
1277;20;10;2008;25.7;70000
1278;17;10;2008;25.75;146000
1279;16;10;2008;25.7;38000
1280;15;10;2008;26.3;288000
1281;14;10;2008;26.7;39000
1282;13;10;2008;26.5;54000
1283;9;10;2008;26.9;55000
1284;8;10;2008;27;20000
1285;7;10;2008;27.5;20000
1286;6;10;2008;27.4;35000
1287;3;10;2008;28.6;104000
1288;2;10;2008;27.1;46000
1289;1;10;2008;27.1;33000
1290;30;9;2008;27.2;94000
1291;26;9;2008;27.3;17000
1292;25;9;2008;27.8;10000
1293;24;9;2008;27.8;70000
1294;23;9;2008;27.45;14000
1295;22;9;2008;27.3;75000
1296;19;9;2008;27.2;21000
1297;18;9;2008;26.95;187000
1298;17;9;2008;27.2;164000
1299;16;9;2008;27.6;124000
1300;15;9;2008;27.8;89000
1301;12;9;2008;28.4;11000
1302;11;9;2008;28.2;42000
1303;10;9;2008;28.4;10000
1304;9;9;2008;28.4;12000
1305;8;9;2008;28.9;39000
1306;5;9;2008;28.2;45000
1307;4;9;2008;28.1;102000
1308;3;9;2008;27.8;46000
1309;2;9;2008;28;69000
1310;1;9;2008;28.2;12000
1311;29;8;2008;28.1;20000
1312;28;8;2008;28.2;34000
1313;27;8;2008;27.85;16000
1314;26;8;2008;27.8;17000
1315;25;8;2008;27.85;18000
1316;22;8;2008;27.8;29000
1317;21;8;2008;27.8;62000
1318;20;8;2008;28;22000
1319;19;8;2008;28.1;15000
1320;18;8;2008;28;26000
1321;15;8;2008;28.1;11000
1322;14;8;2008;28.5;30000
1323;13;8;2008;28.1;26000
1324;12;8;2008;28.2;11000
1325;11;8;2008;28.05;24000
1326;8;8;2008;28;43000
1327;7;8;2008;28.1;24000
1328;6;8;2008;28;33000
1329;5;8;2008;27.8;58000
1330;4;8;2008;28;85000
1331;1;8;2008;28.2;12000
1332;31;7;2008;28;36000
1333;30;7;2008;28.05;18000
1334;29;7;2008;27.85;76000
1335;25;7;2008;28.3;74000
1336;24;7;2008;28.05;96000
1337;23;7;2008;28.6;31000
1338;22;7;2008;28.2;22000
1339;21;7;2008;28.05;19000
1340;18;7;2008;27.9;89000
1341;17;7;2008;28;36000
1342;16;7;2008;28;83000
1343;15;7;2008;28;120000
1344;14;7;2008;28.6;32000
1345;11;7;2008;29;38000
1346;10;7;2008;28.9;27000
1347;9;7;2008;29;40000
1348;8;7;2008;30;62000
1349;7;7;2008;30;229000
1350;4;7;2008;29.2;49000
1351;3;7;2008;29.2;418000
1352;2;7;2008;30.3;129000
1353;1;7;2008;28.7;248000
1354;30;6;2008;29.5;101000
1355;27;6;2008;29.85;372000
1356;26;6;2008;30.55;61000
1357;25;6;2008;31.05;136000
1358;24;6;2008;30.35;161000
1359;23;6;2008;31;99000
1360;20;6;2008;31;85000
1361;19;6;2008;31.45;74000
1362;18;6;2008;31.8;47000
1363;17;6;2008;31.85;49000
1364;16;6;2008;31.6;167000
1365;13;6;2008;30.7;80000
1366;12;6;2008;30.4;147000
1367;11;6;2008;30.7;194000
1368;10;6;2008;31.85;538000
1369;9;6;2008;32.35;240000
1370;6;6;2008;31.85;52000
1371;5;6;2008;31.45;85000
1372;4;6;2008;31.6;66000
1373;3;6;2008;32;155000
1374;2;6;2008;31.5;315000
1375;30;5;2008;33;616000
1376;29;5;2008;33.45;1756000
1377;28;5;2008;31.3;162000
1378;27;5;2008;31;107000
1379;26;5;2008;30.6;55000
1380;23;5;2008;30.8;22000
1381;22;5;2008;30.8;31000
1382;21;5;2008;30.8;61000
1383;20;5;2008;31.1;131000
1384;19;5;2008;31.15;78000
1385;16;5;2008;31;169000
1386;15;5;2008;30.4;51000
1387;14;5;2008;30.05;19000
1388;13;5;2008;29.8;21000
1389;12;5;2008;29.9;24000
1390;9;5;2008;29.8;25000
1391;8;5;2008;29.8;135000
1392;7;5;2008;30.85;103000
1393;6;5;2008;30.25;20000
1394;5;5;2008;30.6;23000
1395;2;5;2008;30.6;36000
1396;30;4;2008;30.4;39000
1397;29;4;2008;30.1;102000
1398;28;4;2008;30.7;52000
1399;25;4;2008;30.5;35000
1400;24;4;2008;30.8;67000
1401;23;4;2008;30.35;40000
1402;22;4;2008;30.55;46000
1403;21;4;2008;30.6;59000
1404;18;4;2008;31.2;58000
1405;17;4;2008;30.5;130000
1406;16;4;2008;31.35;119000
1407;15;4;2008;31.65;232000
1408;14;4;2008;31.2;192000
1409;11;4;2008;30.3;57000
1410;10;4;2008;30.5;37000
1411;9;4;2008;30.35;46000
1412;8;4;2008;30.45;18000
1413;7;4;2008;30.5;43000
1414;3;4;2008;30.3;23000
1415;2;4;2008;30;59000
1416;1;4;2008;29.7;27000
1417;31;3;2008;30.1;45000
1418;28;3;2008;30.5;100000
1419;27;3;2008;30;159000
1420;26;3;2008;30.8;110000
1421;25;3;2008;30.3;336000
1422;24;3;2008;29.65;418000
1423;21;3;2008;29.65;134000
1424;20;3;2008;29.15;280000
1425;19;3;2008;30;71000
1426;18;3;2008;29.75;17000
1427;17;3;2008;29.7;21000
1428;14;3;2008;29.7;47000
1429;13;3;2008;29.95;74000
1430;12;3;2008;30.3;58000
1431;11;3;2008;30.25;66000
1432;10;3;2008;30;103000
1433;7;3;2008;30;112000
1434;6;3;2008;31.6;264000
1435;5;3;2008;30.8;225000
1436;4;3;2008;29.8;115000
1437;3;3;2008;29.1;84000
1438;29;2;2008;29.3;57000
1439;27;2;2008;29.2;50000
1440;26;2;2008;29;46000
1441;25;2;2008;29.2;100000
1442;22;2;2008;28.7;7000
1443;21;2;2008;28.85;21000
1444;20;2;2008;28.55;17000
1445;19;2;2008;28.75;38000
1446;18;2;2008;28.3;31000
1447;15;2;2008;28.35;10000
1448;14;2;2008;28.3;25000
1449;13;2;2008;28.3;27000
1450;12;2;2008;28.9;24000
1451;1;2;2008;28.5;27000
1452;31;1;2008;28.5;54000
1453;30;1;2008;28.2;23000
1454;29;1;2008;28.2;19000
1455;28;1;2008;28.2;27000
1456;25;1;2008;28.2;20000
1457;24;1;2008;28.25;13000
1458;23;1;2008;28.2;47000
1459;22;1;2008;28.35;64000
1460;21;1;2008;29.1;65000
1461;18;1;2008;29;36000
1462;17;1;2008;29;32000
1463;16;1;2008;28.8;53000
1464;15;1;2008;29.1;102000
1465;14;1;2008;30;283000
1466;11;1;2008;28.55;48000
1467;10;1;2008;28.45;55000
1468;9;1;2008;29;48000
1469;8;1;2008;28.2;26000
1470;7;1;2008;28.1;40000
1471;4;1;2008;28.2;12000
1472;3;1;2008;28.2;28000
1473;2;1;2008;28.35;11000
1474;31;12;2007;28.65;20000
1475;28;12;2007;28.1;50000
1476;27;12;2007;28.1;14000
1477;26;12;2007;28.05;83000
1478;25;12;2007;28.1;43000
1479;24;12;2007;28.2;13000
1480;21;12;2007;28.1;21000
1481;20;12;2007;28;78000
1482;19;12;2007;28.1;54000
1483;18;12;2007;28;121000
1484;17;12;2007;28;248000
1485;14;12;2007;28.1;78000
1486;13;12;2007;28.2;12000
1487;12;12;2007;28.5;89000
1488;11;12;2007;28.5;31000
1489;10;12;2007;28.5;13000
1490;7;12;2007;28.6;19000
1491;6;12;2007;28.7;17000
1492;5;12;2007;28.5;20000
1493;4;12;2007;28.55;12000
1494;3;12;2007;28.55;11000
1495;30;11;2007;28.5;25000
1496;29;11;2007;28.5;24000
1497;28;11;2007;28.5;16000
1498;27;11;2007;28.3;32000
1499;26;11;2007;28.4;37000
1500;23;11;2007;28.35;37000
1501;22;11;2007;28.5;45000
1502;21;11;2007;28.25;143000
1503;20;11;2007;28;123000
1504;19;11;2007;28;186000
1505;16;11;2007;28.15;98000
1506;15;11;2007;28.2;95000
1507;14;11;2007;28.4;36000
1508;13;11;2007;28.3;38000
1509;12;11;2007;28.3;78000
1510;9;11;2007;28.3;82000
1511;8;11;2007;28.2;206000
1512;7;11;2007;28.6;56000
1513;6;11;2007;28.65;21000
1514;5;11;2007;28.5;188000
1515;2;11;2007;28.8;70000
1516;1;11;2007;28.9;160000
1517;31;10;2007;28.95;35000
1518;30;10;2007;29;35000
1519;29;10;2007;29.1;68000
1520;26;10;2007;29.1;14000
1521;25;10;2007;29.1;56000
1522;24;10;2007;28.9;66000
1523;23;10;2007;28.9;203000
1524;22;10;2007;28.9;166000
1525;19;10;2007;28.9;147000
1526;18;10;2007;29.05;19000
1527;17;10;2007;29.05;51000
1528;16;10;2007;29.3;43000
1529;15;10;2007;29.2;23000
1530;12;10;2007;29.25;21000
1531;11;10;2007;29.25;36000
1532;9;10;2007;29.2;54000
1533;8;10;2007;29.45;39000
1534;5;10;2007;29.5;27000
1535;4;10;2007;29.45;52000
1536;3;10;2007;29.3;52000
1537;2;10;2007;29.55;114000
1538;1;10;2007;29.8;70000
1539;28;9;2007;29.35;31000
1540;27;9;2007;29.5;98000
1541;26;9;2007;29.25;67000
1542;21;9;2007;29.1;71000
1543;20;9;2007;29.15;79000
1544;19;9;2007;29.25;49000
1545;17;9;2007;29.25;61000
1546;14;9;2007;29.25;35000
1547;13;9;2007;29.1;23000
1548;12;9;2007;29;128000
1549;11;9;2007;29.1;41000
1550;10;9;2007;29.15;49000
1551;7;9;2007;29.25;38000
1552;6;9;2007;29.25;23000
1553;5;9;2007;29.15;27000
1554;4;9;2007;29.1;55000
1555;3;9;2007;29.2;49000
1556;31;8;2007;29.1;145000
1557;30;8;2007;29.1;41000
1558;29;8;2007;29;132000
1559;28;8;2007;29.2;45000
1560;27;8;2007;29.3;69000
1561;24;8;2007;29.4;63000
1562;23;8;2007;29.45;51000
1563;22;8;2007;29.1;43000
1564;21;8;2007;29.05;78000
1565;20;8;2007;29.6;106000
1566;17;8;2007;29;284000
1567;16;8;2007;29;523000
1568;15;8;2007;29.2;191000
1569;14;8;2007;29.5;76000
1570;13;8;2007;29.3;107000
1571;10;8;2007;29.3;266000
1572;9;8;2007;29.4;161000
1573;8;8;2007;29.5;170000
1574;7;8;2007;29.7;65000
1575;6;8;2007;29.3;100000
1576;3;8;2007;29.5;111000
1577;2;8;2007;29.2;430000
1578;1;8;2007;29.5;287000
1579;31;7;2007;30.8;281000
1580;30;7;2007;29.3;351000
1581;27;7;2007;30;413000
1582;26;7;2007;31;329000
1583;25;7;2007;31.85;204000
1584;24;7;2007;31.65;269000
1585;23;7;2007;31.7;490000
1586;20;7;2007;31.77;747900
1587;19;7;2007;32.05;973900
1588;18;7;2007;31.06;479500
1589;17;7;2007;30.82;291700
1590;16;7;2007;31.75;427400
1591;13;7;2007;30.63;367000
1592;12;7;2007;30.73;220600
1593;11;7;2007;30.54;323500
1594;10;7;2007;31.11;309700
1595;9;7;2007;31.48;697000
1596;6;7;2007;30.87;469900
1597;5;7;2007;30.45;253500
1598;4;7;2007;30.54;344700
1599;3;7;2007;29.83;270500
1600;2;7;2007;30.16;212100
1601;29;6;2007;30.02;321400
1602;28;6;2007;29.83;136800
1603;27;6;2007;30.35;147400
1604;26;6;2007;30.96;849700
1605;25;6;2007;30.82;680000
1606;22;6;2007;29.22;289600
1607;21;6;2007;28.42;54100
1608;20;6;2007;28.33;117700
1609;15;6;2007;28.56;82700
1610;14;6;2007;28.56;103900
1611;13;6;2007;28.75;268400
1612;12;6;2007;29.03;311900
1613;11;6;2007;27.52;54100
1614;8;6;2007;27.52;33900
1615;7;6;2007;27.62;109200
1616;6;6;2007;27.43;42400
1617;5;6;2007;27.52;33900
1618;4;6;2007;27.57;123000
1619;1;6;2007;27.48;26500
1620;31;5;2007;27.43;50900
1621;30;5;2007;27.43;29700
1622;29;5;2007;27.43;21200
1623;28;5;2007;27.38;36000
1624;25;5;2007;27.71;74200
1625;24;5;2007;27.71;298100
1626;23;5;2007;27.9;80600
1627;22;5;2007;27.71;122000
1628;21;5;2007;28.09;83800
1629;18;5;2007;28.09;122000
1630;17;5;2007;28.18;103900
1631;16;5;2007;28.28;63600
1632;15;5;2007;28.23;196200
1633;14;5;2007;28.28;125100
1634;11;5;2007;28.37;51900
1635;10;5;2007;28.56;73200
1636;9;5;2007;28.75;66800
1637;8;5;2007;28.65;235500
1638;7;5;2007;28.09;59400
1639;4;5;2007;28.18;51900
1640;3;5;2007;28.04;127300
1641;2;5;2007;28.09;138900
1642;30;4;2007;28.28;135700
1643;27;4;2007;28.28;128300
1644;26;4;2007;28.33;36000
1645;25;4;2007;28.37;90100
1646;24;4;2007;28.37;154800
1647;23;4;2007;28.51;229100
1648;20;4;2007;28.8;122000
1649;19;4;2007;28.94;222700
1650;18;4;2007;29.13;146400
1651;17;4;2007;28.89;718200
1652;16;4;2007;28.89;159100
1653;13;4;2007;28.65;64700
1654;12;4;2007;28.8;103900
1655;11;4;2007;28.75;48800
1656;10;4;2007;28.84;90100
1657;9;4;2007;28.94;145300
1658;4;4;2007;29.03;98600
1659;3;4;2007;29.03;82700
1660;2;4;2007;29.13;108200
1661;30;3;2007;28.33;204700
1662;29;3;2007;28.23;143200
1663;28;3;2007;28.65;140000
1664;27;3;2007;28.94;135700
1665;26;3;2007;28.75;90100
1666;23;3;2007;28.84;138900
1667;22;3;2007;29.03;123000
1668;21;3;2007;29.46;232300
1669;20;3;2007;29.6;398800
1670;19;3;2007;28.09;138900
1671;16;3;2007;28;202600
1672;15;3;2007;27.76;351100
1673;14;3;2007;28.28;274700
1674;13;3;2007;29.22;90100
1675;12;3;2007;29.22;122000
1676;9;3;2007;29.55;146400
1677;8;3;2007;29.22;131500
1678;7;3;2007;29.22;124100
1679;6;3;2007;28.89;180300
1680;5;3;2007;28.84;288500
1681;2;3;2007;28.42;239700
1682;1;3;2007;28.33;244000
1683;27;2;2007;29.6;237600
1684;26;2;2007;30.35;662000
1685;14;2;2007;29.88;646000
1686;13;2;2007;30.54;1508600
1687;12;2;2007;30.49;1718600
1688;9;2;2007;28.51;778700
1689;8;2;2007;26.68;43400
1690;7;2;2007;26.72;13700
1691;6;2;2007;26.77;127300
1692;5;2;2007;26.96;30700
1693;2;2;2007;26.86;38100
1694;1;2;2007;26.77;27500
1695;31;1;2007;26.72;35000
1696;30;1;2007;26.96;48800
1697;29;1;2007;26.96;20100
1698;26;1;2007;27.01;44500
1699;25;1;2007;26.82;40300
1700;24;1;2007;26.96;66800
1701;23;1;2007;26.96;141100
1702;22;1;2007;26.68;82700
1703;19;1;2007;26.68;43400
1704;18;1;2007;26.68;15900
1705;17;1;2007;26.68;28600
1706;16;1;2007;26.72;33900
1707;15;1;2007;26.77;148500
1708;12;1;2007;26.58;252400
1709;11;1;2007;26.44;58300
1710;10;1;2007;26.63;81600
1711;9;1;2007;26.63;38100
1712;8;1;2007;26.63;55100
1713;5;1;2007;26.68;30700
1714;4;1;2007;26.82;47700
1715;3;1;2007;26.68;68900
1716;2;1;2007;27.05;170800
1717;29;12;2006;26.72;35000
1718;28;12;2006;26.77;81689300
1719;27;12;2006;26.86;87800
1720;26;12;2006;26.77;151700
1721;25;12;2006;26.63;196200
1722;22;12;2006;26.63;107100
1723;21;12;2006;26.72;56200
1724;20;12;2006;26.77;123000
1725;19;12;2006;26.77;66800
1726;18;12;2006;26.86;49800
1727;15;12;2006;27.01;208900
1728;14;12;2006;26.77;51900
1729;13;12;2006;26.77;560100
1730;12;12;2006;27.01;105000
1731;11;12;2006;27.1;74200
1732;8;12;2006;27.19;37100
1733;7;12;2006;27.15;20100
1734;6;12;2006;27.05;41300
1735;5;12;2006;26.91;96500
1736;4;12;2006;27.34;115600
1737;1;12;2006;27.15;118800
1738;30;11;2006;26.96;57200
1739;29;11;2006;26.91;137900
1740;28;11;2006;26.91;9500
1741;27;11;2006;26.82;70000
1742;24;11;2006;26.86;43400
1743;23;11;2006;26.77;110300
1744;22;11;2006;26.86;12700
1745;21;11;2006;27.38;36000
1746;20;11;2006;27.15;42400
1747;17;11;2006;26.86;51900
1748;16;11;2006;26.77;146400
1749;15;11;2006;26.82;32800
1750;14;11;2006;26.77;35000
1751;13;11;2006;27.05;25400
1752;10;11;2006;27.1;53000
1753;9;11;2006;26.86;66800
1754;8;11;2006;26.77;150600
1755;7;11;2006;26.91;35000
1756;6;11;2006;26.77;86900
1757;3;11;2006;26.77;80600
1758;2;11;2006;26.86;40300
1759;1;11;2006;26.82;79500
1760;31;10;2006;26.82;26500
1761;30;10;2006;26.77;63600
1762;27;10;2006;26.91;40300
1763;26;10;2006;26.86;76300
1764;25;10;2006;26.86;46600
1765;24;10;2006;26.86;90100
1766;23;10;2006;26.86;265200
1767;20;10;2006;26.91;133600
1768;19;10;2006;27.15;224900
1769;18;10;2006;27.34;46600
1770;17;10;2006;27.48;51900
1771;16;10;2006;28.09;60400
1772;13;10;2006;27.52;21200
1773;12;10;2006;27.52;41300
1774;11;10;2006;27.71;43400
1775;5;10;2006;27.52;134700
1776;4;10;2006;27.81;19000
1777;3;10;2006;27.81;36000
1778;2;10;2006;28.28;85900
1779;29;9;2006;27.34;19000
1780;28;9;2006;27.15;41300
1781;27;9;2006;27.1;35000
1782;26;9;2006;27.05;48800
1783;25;9;2006;27.52;101800
1784;22;9;2006;27.15;25400
1785;21;9;2006;27.43;55100
1786;20;9;2006;27.52;32800
1787;19;9;2006;27.43;99700
1788;18;9;2006;27.05;21200
1789;15;9;2006;26.86;19000
1790;14;9;2006;26.68;36000
1791;13;9;2006;26.86;24400
1792;12;9;2006;26.77;19000
1793;11;9;2006;26.86;35000
1794;8;9;2006;26.68;49800
1795;7;9;2006;26.77;31800
1796;6;9;2006;26.86;103900
1797;5;9;2006;27.15;27500
1798;4;9;2006;26.86;32800
1799;1;9;2006;26.63;158000
1800;31;8;2006;27.05;31800
1801;30;8;2006;26.96;30700
1802;29;8;2006;26.96;32800
1803;28;8;2006;26.86;24400
1804;25;8;2006;26.96;16900
1805;24;8;2006;26.96;21200
1806;23;8;2006;27.05;26500
1807;22;8;2006;27.43;27500
1808;21;8;2006;27.52;64700
1809;18;8;2006;27.52;117700
1810;17;8;2006;27.15;48800
1811;16;8;2006;27.15;72100
1812;15;8;2006;27.05;28600
1813;14;8;2006;26.63;24400
1814;11;8;2006;26.82;30700
1815;10;8;2006;26.39;231200
1816;9;8;2006;27.05;13700
1817;8;8;2006;26.91;19000
1818;7;8;2006;26.91;30700
1819;4;8;2006;27.29;27500
1820;3;8;2006;28;58300
1821;2;8;2006;28;51900
1822;1;8;2006;28;25400
1823;31;7;2006;27.52;26500
1824;28;7;2006;28.18;47700
1825;27;7;2006;27.71;19000
1826;26;7;2006;27.81;94400
1827;25;7;2006;27.67;56200
1828;24;7;2006;28.09;109200
1829;21;7;2006;27.9;84800
1830;20;7;2006;27.43;44500
1831;19;7;2006;26.96;63600
1832;18;7;2006;26.86;40300
1833;17;7;2006;26.39;179200
1834;14;7;2006;26.96;74200
1835;13;7;2006;27.34;46600
1836;12;7;2006;27.43;46600
1837;11;7;2006;27.62;111300
1838;10;7;2006;27.34;85900
1839;7;7;2006;27.81;157000
1840;6;7;2006;28.09;454000
1841;5;7;2006;30.82;846500
1842;4;7;2006;31.48;1082100
1843;3;7;2006;30.54;632200
1844;30;6;2006;29.31;132600
1845;29;6;2006;30.07;161200
1846;28;6;2006;28.65;45600
1847;27;6;2006;27.81;26500
1848;26;6;2006;27.71;22200
1849;23;6;2006;28.09;31800
1850;22;6;2006;27.81;25400
1851;21;6;2006;27.57;24400
1852;20;6;2006;27.81;43400
1853;19;6;2006;28.47;22200
1854;16;6;2006;27.57;58300
1855;15;6;2006;28.28;39200
1856;14;6;2006;29.13;82700
1857;13;6;2006;28.75;67800
1858;12;6;2006;28.56;50900
1859;9;6;2006;27.34;42400
1860;8;6;2006;26.86;134700
1861;7;6;2006;27.34;83800
1862;6;6;2006;27.81;90100
1863;5;6;2006;28.28;244000
1864;2;6;2006;28.98;373400
1865;1;6;2006;27.9;63600
1866;30;5;2006;28;42400
1867;29;5;2006;28.7;33900
1868;26;5;2006;28.28;73200
1869;25;5;2006;28.28;129400
1870;24;5;2006;28.51;128300
1871;23;5;2006;28.75;205800
1872;22;5;2006;28.65;102900
1873;19;5;2006;28.65;102900
1874;18;5;2006;29.03;89100
1875;17;5;2006;29.13;144200
1876;16;5;2006;30.16;291700
1877;15;5;2006;30.63;481600
1878;12;5;2006;30.63;462500
1879;11;5;2006;29.6;482700
1880;10;5;2006;29.69;1392900
1881;9;5;2006;29.6;474200
1882;8;5;2006;31.01;1006700
1883;5;5;2006;30.26;2729600
1884;4;5;2006;28.28;305500
1885;3;5;2006;28.47;503900
1886;2;5;2006;27.19;298100
1887;28;4;2006;25.45;122000
1888;27;4;2006;25.45;118800
1889;26;4;2006;24.6;42400
1890;25;4;2006;24.04;22200
1891;24;4;2006;24.04;50900
1892;21;4;2006;23.56;67800
1893;20;4;2006;23.8;41300
1894;19;4;2006;23.56;83800
1895;18;4;2006;23.28;19000
1896;17;4;2006;23;85900
1897;14;4;2006;22.91;50900
1898;13;4;2006;22.91;7400
1899;12;4;2006;22.86;5300
1900;11;4;2006;22.91;145300
1901;10;4;2006;22.62;163300
1902;7;4;2006;22.62;64700
1903;6;4;2006;22.81;24400
1904;4;4;2006;22.95;140000
1905;3;4;2006;22.95;6300
1906;31;3;2006;22.95;14800
1907;30;3;2006;23.14;61500
1908;29;3;2006;23.14;6300
1909;28;3;2006;23.38;35000
1910;27;3;2006;23.24;16900
1911;24;3;2006;23.19;25400
1912;23;3;2006;23.38;5300
1913;22;3;2006;23.38;12700
1914;21;3;2006;23.28;15900
1915;20;3;2006;23.28;67800
1916;17;3;2006;23.52;3100
1917;16;3;2006;23.47;2100
1918;15;3;2006;23.52;21200
1919;14;3;2006;23.33;14800
1920;13;3;2006;23.09;15900
1921;10;3;2006;23.28;21200
1922;9;3;2006;23.28;14800
1923;8;3;2006;23.14;10600
1924;7;3;2006;23.09;18000
1925;6;3;2006;22.91;20100
1926;3;3;2006;22.81;12700
1927;2;3;2006;22.76;11600
1928;1;3;2006;22.72;12700
1929;28;2;2006;22.72;0
1930;27;2;2006;22.72;2100
1931;24;2;2006;22.72;10600
1932;23;2;2006;22.62;57200
1933;22;2;2006;22.62;86900
1934;21;2;2006;22.67;10600
1935;20;2;2006;22.72;9500
1936;17;2;2006;22.67;11600
1937;16;2;2006;22.72;12700
1938;15;2;2006;22.62;39200
1939;14;2;2006;22.81;10600
1940;13;2;2006;22.62;16900
1941;10;2;2006;22.48;10600
1942;9;2;2006;22.43;11600
1943;8;2;2006;22.43;11600
1944;7;2;2006;22.43;16900
1945;6;2;2006;22.62;10600
1946;3;2;2006;22.62;15900
1947;2;2;2006;22.43;0
1948;1;2;2006;22.43;0
1949;31;1;2006;22.43;0
1950;30;1;2006;22.43;0
1951;27;1;2006;22.43;0
1952;26;1;2006;22.43;0
1953;25;1;2006;22.43;10600
1954;24;1;2006;22.43;10600
1955;23;1;2006;22.34;21200
1956;20;1;2006;22.39;23300
1957;19;1;2006;22.29;47700
1958;18;1;2006;22.34;16900
1959;17;1;2006;22.39;26500
1960;16;1;2006;22.29;13700
1961;13;1;2006;22.39;11600
1962;12;1;2006;22.25;10600
1963;11;1;2006;22.91;145300
1964;10;1;2006;22.34;10600
1965;9;1;2006;22.39;11600
1966;6;1;2006;22.25;10600
1967;5;1;2006;22.53;14800
1968;4;1;2006;22.34;10600
1969;3;1;2006;22.62;12700
1970;2;1;2006;22.25;10600
1971;30;12;2005;22.43;18000
1972;29;12;2005;22.34;115600
1973;28;12;2005;22.29;10600
1974;27;12;2005;22.62;13700
1975;26;12;2005;22.62;11600
1976;23;12;2005;22.25;12700
1977;22;12;2005;22.15;19000
1978;21;12;2005;22.39;11600
1979;20;12;2005;22.91;28600
1980;19;12;2005;22.34;25400
1981;16;12;2005;22.29;11600
1982;15;12;2005;22.34;4200
1983;14;12;2005;22.34;22200
1984;13;12;2005;22.39;26500
1985;12;12;2005;22.1;11600
1986;9;12;2005;22.15;11600
1987;8;12;2005;22.15;13700
1988;7;12;2005;22.34;26500
1989;6;12;2005;22.34;10600
1990;5;12;2005;22.25;18000
1991;2;12;2005;21.77;21200
1992;1;12;2005;21.63;12700
1993;30;11;2005;21.87;14800
1994;29;11;2005;21.68;11600
1995;28;11;2005;21.87;12700
1996;25;11;2005;21.49;19100
1997;24;11;2005;21.49;10600
1998;23;11;2005;21.49;11600
1999;22;11;2005;21.82;24400
2000;21;11;2005;21.68;32800
2001;18;11;2005;21.21;10600
2002;17;11;2005;21.16;15900
2003;16;11;2005;21.68;15900
2004;15;11;2005;21.49;52000
2005;14;11;2005;21.26;10700
2006;11;11;2005;21.68;19000
2007;10;11;2005;21.49;8300
2008;9;11;2005;21.68;16900
2009;8;11;2005;21.26;11600
2010;7;11;2005;21.68;8500
2011;4;11;2005;22.43;24400
2012;3;11;2005;21.49;28600
2013;2;11;2005;21.21;10600
2014;1;11;2005;21.21;10600
2015;31;10;2005;21.21;19000
2016;28;10;2005;20.93;10600
2017;27;10;2005;20.83;41300
2018;26;10;2005;21.49;71000
2019;25;10;2005;21.02;10600
2020;24;10;2005;21.11;9500
2021;21;10;2005;21.21;27500
2022;20;10;2005;21.3;133400
2023;19;10;2005;20.93;21100
2024;18;10;2005;20.93;12700
2025;17;10;2005;20.93;12900
2026;14;10;2005;20.93;19600
2027;13;10;2005;21.02;20100
2028;12;10;2005;20.93;10600
2029;11;10;2005;21.11;20100
2030;10;10;2005;21.11;0
2031;7;10;2005;21.11;54100
2032;6;10;2005;20.93;48800
2033;5;10;2005;20.93;20100
2034;4;10;2005;20.93;31800
2035;3;10;2005;20.88;32100
2036;30;9;2005;20.97;14800
2037;29;9;2005;21.02;16900
2038;28;9;2005;21.02;17000
2039;27;9;2005;21.02;10600
2040;26;9;2005;21.02;11800
2041;23;9;2005;21.02;16900
2042;22;9;2005;21.11;149900
2043;21;9;2005;21.4;11900
2044;20;9;2005;21.49;20600
2045;19;9;2005;21.87;11800
2046;16;9;2005;21.87;32600
2047;15;9;2005;21.44;19600
2048;14;9;2005;21.68;10600
2049;13;9;2005;22.34;24400
2050;12;9;2005;21.82;16900
2051;9;9;2005;21.68;23300
2052;8;9;2005;21.68;10700
2053;7;9;2005;21.68;58300
2054;6;9;2005;21.68;19000
2055;5;9;2005;21.63;12700
2056;2;9;2005;21.68;26800
2057;1;9;2005;21.49;0
2058;31;8;2005;21.49;11600
2059;30;8;2005;21.77;17100
2060;29;8;2005;22.06;33200
2061;26;8;2005;21.82;10600
2062;25;8;2005;22.06;12200
2063;24;8;2005;22.15;19100
2064;23;8;2005;22.25;60400
2065;22;8;2005;22.15;10600
2066;19;8;2005;22.34;2100
2067;18;8;2005;22.15;32000
2068;17;8;2005;22.25;37300
2069;16;8;2005;22.29;25600
2070;15;8;2005;22.53;59400
2071;12;8;2005;22.62;21600
2072;11;8;2005;22.43;16900
2073;10;8;2005;22.53;27900
2074;9;8;2005;22.53;11600
2075;8;8;2005;22.53;10600
2076;5;8;2005;22.81;0
2077;4;8;2005;22.81;19700
2078;3;8;2005;22.81;14800
2079;2;8;2005;22.72;32200
2080;1;8;2005;22.43;18900
2081;29;7;2005;22.34;18000
2082;28;7;2005;22.34;10700
2083;27;7;2005;22.81;25400
2084;26;7;2005;22.43;15100
2085;25;7;2005;22.91;26500
2086;22;7;2005;23.14;73200
2087;21;7;2005;22.48;13700
2088;20;7;2005;22.91;20100
2089;19;7;2005;22.81;53000
2090;18;7;2005;22.72;0
2091;15;7;2005;22.72;12700
2092;14;7;2005;22.39;13700
2093;13;7;2005;22.48;59500
2094;12;7;2005;22.81;39200
2095;11;7;2005;22.91;111300
2096;8;7;2005;22.62;14800
2097;7;7;2005;22.25;24300
2098;6;7;2005;22.67;10600
2099;5;7;2005;22.15;125100
2100;4;7;2005;24.13;233300
2101;1;7;2005;23.75;188800
2102;30;6;2005;23.28;98600
2103;29;6;2005;23.14;80600
2104;28;6;2005;23.14;38100
2105;27;6;2005;23;129400
2106;24;6;2005;23.05;61700
2107;23;6;2005;23;13800
2108;22;6;2005;23.09;11600
2109;21;6;2005;22.91;10600
2110;20;6;2005;23;57200
2111;17;6;2005;22.81;11500
2112;16;6;2005;22.76;35000
2113;15;6;2005;22.72;13800
2114;14;6;2005;22.34;22300
2115;13;6;2005;22.62;52000
2116;10;6;2005;23.09;50600
2117;9;6;2005;22.72;101800
2118;8;6;2005;22.39;780800
2119;7;6;2005;22.62;19100
2120;6;6;2005;22.43;32800
2121;3;6;2005;22.91;102900
2122;2;6;2005;22.43;23300
2123;1;6;2005;22.53;79800
2124;31;5;2005;22.15;53000
2125;30;5;2005;22.25;37100
2126;27;5;2005;22.29;35500
2127;26;5;2005;22.72;11600
2128;25;5;2005;22.81;45600
2129;24;5;2005;22.62;59400
2130;23;5;2005;22.62;185600
2131;20;5;2005;22.34;36200
2132;19;5;2005;22.34;53000
2133;18;5;2005;22.43;52500
2134;17;5;2005;22.58;79500
2135;16;5;2005;22.62;11600
2136;13;5;2005;22.81;31800
2137;12;5;2005;22.72;11600
2138;11;5;2005;22.53;30700
2139;10;5;2005;22.62;51100
2140;9;5;2005;22.76;38100
2141;6;5;2005;22.67;50900
2142;5;5;2005;22.91;54100
2143;4;5;2005;22.43;106000
2144;3;5;2005;22.25;13700
2145;2;5;2005;21.96;0
2146;29;4;2005;21.96;13700
2147;28;4;2005;21.96;14800
2148;27;4;2005;22.25;10600
2149;26;4;2005;21.96;81700
2150;25;4;2005;21.49;45600
2151;22;4;2005;22.25;139000
2152;21;4;2005;21.21;129800
2153;20;4;2005;22.43;14100
2154;19;4;2005;21.87;173900
2155;18;4;2005;21.35;190900
2156;15;4;2005;21.49;12600
2157;14;4;2005;21.4;11600
2158;13;4;2005;21.54;111400
2159;12;4;2005;21.4;47300
2160;11;4;2005;21.59;53300
2161;8;4;2005;21.59;54100
2162;7;4;2005;21.4;23300
2163;6;4;2005;21.4;21500
2164;5;4;2005;21.21;0
2165;4;4;2005;21.21;28400
2166;1;4;2005;21.21;17300
2167;31;3;2005;21.3;10600
2168;30;3;2005;21.3;22200
2169;29;3;2005;21.21;20300
2170;28;3;2005;21.11;10700
2171;25;3;2005;21.21;10600
2172;24;3;2005;21.11;12300
2173;23;3;2005;21.11;22100
2174;22;3;2005;21.02;32900
2175;21;3;2005;21.02;16200
2176;18;3;2005;20.93;23300
2177;17;3;2005;20.83;28200
2178;16;3;2005;21.02;234700
2179;15;3;2005;21.02;223000
2180;14;3;2005;20.93;20200
2181;11;3;2005;21.11;10600
2182;10;3;2005;21.02;15900
2183;9;3;2005;21.21;29700
2184;8;3;2005;21.21;35000
2185;7;3;2005;21.21;133000
2186;4;3;2005;21.02;15500
2187;3;3;2005;20.93;10600
2188;2;3;2005;20.93;80300
2189;1;3;2005;21.3;385100
2190;28;2;2005;22.06;0
2191;25;2;2005;22.06;691700
2192;24;2;2005;20.74;22200
2193;23;2;2005;20.64;40300
2194;22;2;2005;20.74;20200
2195;21;2;2005;20.74;83800
2196;18;2;2005;20.64;105000
2197;17;2;2005;20.64;72100
2198;16;2;2005;20.64;67900
2199;15;2;2005;20.64;54100
2200;14;2;2005;20.74;649200
2201;11;2;2005;20.74;0
2202;10;2;2005;20.74;0
2203;9;2;2005;20.74;0
2204;8;2;2005;20.74;0
2205;7;2;2005;20.74;0
2206;4;2;2005;20.74;0
2207;3;2;2005;20.74;24500
2208;2;2;2005;20.55;57200
2209;1;2;2005;20.45;20100
2210;31;1;2005;20.45;20100
2211;28;1;2005;20.64;29700
2212;27;1;2005;20.45;72200
2213;26;1;2005;20.45;23300
2214;25;1;2005;20.45;31800
2215;24;1;2005;20.55;73200
2216;21;1;2005;20.64;73200
2217;20;1;2005;20.64;93300
2218;19;1;2005;20.74;23300
2219;18;1;2005;20.64;27500
2220;17;1;2005;20.45;128300
2221;14;1;2005;20.74;22200
2222;13;1;2005;20.64;18100
2223;12;1;2005;20.74;27600
2224;11;1;2005;20.83;349000
2225;10;1;2005;21.21;32700
2226;7;1;2005;20.64;76700
2227;6;1;2005;20.64;17500
2228;5;1;2005;20.64;63000
2229;4;1;2005;20.83;37300
2230;3;1;2005;20.83;10600
2231;31;12;2004;20.64;67800
2232;30;12;2004;20.64;354100
2233;29;12;2004;20.74;109400
2234;28;12;2004;20.64;25400
2235;27;12;2004;20.74;216600
2236;24;12;2004;20.55;144700
2237;23;12;2004;20.45;163500
2238;22;12;2004;20.36;122200
2239;21;12;2004;20.27;36000
2240;20;12;2004;20.17;72100
2241;17;12;2004;20.45;27500
2242;16;12;2004;20.74;12000
2243;15;12;2004;20.55;11300
2244;14;12;2004;20.74;28600
2245;13;12;2004;20.74;41400
2246;10;12;2004;20.74;37300
2247;9;12;2004;20.64;35000
2248;8;12;2004;20.74;111300
2249;7;12;2004;20.74;135800
2250;6;12;2004;20.45;61500
2251;3;12;2004;20.27;12700
2252;2;12;2004;20.36;60300
2253;1;12;2004;19.98;13700
2254;30;11;2004;20.27;10600
2255;29;11;2004;20.27;33900
2256;26;11;2004;20.17;329900
2257;25;11;2004;19.89;13700
2258;24;11;2004;20.08;40300
2259;23;11;2004;19.98;53000
2260;22;11;2004;19.89;28600
2261;19;11;2004;20.08;41400
2262;18;11;2004;19.89;94400
2263;17;11;2004;20.08;94400
2264;16;11;2004;19.79;91200
2265;15;11;2004;19.98;13700
2266;12;11;2004;20.17;34200
2267;11;11;2004;20.17;54100
2268;10;11;2004;20.08;22300
2269;9;11;2004;19.98;26500
2270;8;11;2004;19.98;28800
2271;5;11;2004;19.98;26500
2272;4;11;2004;19.79;16900
2273;3;11;2004;19.79;14800
2274;2;11;2004;19.79;14000
2275;1;11;2004;20.17;44500
2276;29;10;2004;20.08;30700
2277;28;10;2004;20.08;60400
2278;27;10;2004;19.98;69400
2279;26;10;2004;20.17;148500
2280;22;10;2004;20.17;22600
2281;21;10;2004;20.27;18200
2282;20;10;2004;20.17;26700
2283;19;10;2004;19.98;39000
2284;18;10;2004;20.36;387200
2285;15;10;2004;20.27;38300
2286;14;10;2004;20.27;16900
2287;13;10;2004;20.55;21600
2288;12;10;2004;20.55;57700
2289;11;10;2004;21.11;60400
2290;8;10;2004;20.74;20200
2291;7;10;2004;20.74;29700
2292;6;10;2004;20.64;71600
2293;5;10;2004;20.55;133400
2294;4;10;2004;20.93;283200
2295;1;10;2004;19.61;31800
2296;30;9;2004;19.51;18400
2297;29;9;2004;19.51;36000
2298;27;9;2004;19.98;93300
2299;24;9;2004;20.36;76300
2300;23;9;2004;20.36;28600
2301;22;9;2004;20.45;256100
2302;21;9;2004;19.32;18000
2303;20;9;2004;19.61;19000
2304;17;9;2004;19.23;84800
2305;16;9;2004;19.23;9000
2306;15;9;2004;19.32;31100
2307;14;9;2004;19.13;23800
2308;13;9;2004;19.51;147500
2309;10;9;2004;19.23;8400
2310;9;9;2004;19.32;17200
2311;8;9;2004;19.23;316100
2312;7;9;2004;19.23;24500
2313;6;9;2004;19.13;24400
2314;3;9;2004;19.13;49400
2315;2;9;2004;19.51;158000
2316;1;9;2004;19.42;11300
2317;31;8;2004;19.04;28600
2318;30;8;2004;19.51;73100
2319;27;8;2004;19.61;190900
2320;26;8;2004;18.85;48800
2321;23;8;2004;18.85;26500
2322;20;8;2004;18.85;24400
2323;19;8;2004;18.76;86900
2324;18;8;2004;18.85;64700
2325;17;8;2004;18.85;81600
2326;16;8;2004;18.66;83800
2327;13;8;2004;18.47;33900
2328;12;8;2004;18.38;56500
2329;11;8;2004;18.66;19000
2330;10;8;2004;18.38;23300
2331;9;8;2004;18.47;982500
2332;6;8;2004;18.19;1015300
2333;5;8;2004;18.38;1138600
2334;4;8;2004;18.19;130700
2335;3;8;2004;18.1;14800
2336;2;8;2004;18.1;94400
2337;30;7;2004;17.91;31800
2338;29;7;2004;17.91;50000
2339;28;7;2004;17.91;183500
2340;27;7;2004;18.1;468000
2341;26;7;2004;16.97;4101500
2342;23;7;2004;15.93;206000
2343;22;7;2004;15.84;245000
2344;21;7;2004;15.84;317300
2345;20;7;2004;16.78;76400
2346;19;7;2004;17.91;2100
2347;16;7;2004;17.63;13700
2348;15;7;2004;17.63;13200
2349;14;7;2004;17.82;7100
2350;13;7;2004;17.91;20100
2351;12;7;2004;18.85;24400
2352;9;7;2004;18.47;28600
2353;8;7;2004;18.29;16900
2354;7;7;2004;18.19;2100
2355;6;7;2004;18.1;20100
2356;5;7;2004;17.91;10600
2357;2;7;2004;18;3700
2358;1;7;2004;18.29;4200
2359;30;6;2004;18.19;6500
2360;29;6;2004;18.19;39200
2361;28;6;2004;18.38;47700
2362;25;6;2004;18.66;9500
2363;24;6;2004;18.85;146500
2364;23;6;2004;18.76;17800
2365;21;6;2004;19.32;63600
2366;18;6;2004;19.42;106000
2367;17;6;2004;19.51;106000
2368;16;6;2004;19.61;128500
2369;15;6;2004;20.55;94900
2370;14;6;2004;19.51;251400
2371;11;6;2004;19.89;178400
2372;10;6;2004;20.27;147400
2373;9;6;2004;20.08;132600
2374;8;6;2004;20.17;166500
2375;7;6;2004;19.98;142600
2376;4;6;2004;20.08;133600
2377;3;6;2004;19.98;168600
2378;2;6;2004;20.08;204900
2379;1;6;2004;20.27;172900
2380;31;5;2004;20.27;135900
2381;28;5;2004;20.27;149600
2382;27;5;2004;20.36;162800
2383;26;5;2004;20.36;149600
2384;25;5;2004;20.08;288500
2385;24;5;2004;19.98;151700
2386;21;5;2004;19.89;155900
2387;20;5;2004;20.08;159100
2388;19;5;2004;20.17;181900
2389;18;5;2004;19.51;208900
2390;17;5;2004;19.61;232200
2391;14;5;2004;19.98;1397100
2392;13;5;2004;19.98;39100
2393;12;5;2004;19.51;33900
2394;11;5;2004;19.98;73200
2395;10;5;2004;20.27;108200
2396;7;5;2004;20.08;40300
2397;6;5;2004;19.98;77500
2398;5;5;2004;19.32;189900
2399;4;5;2004;20.08;63600
2400;3;5;2004;19.51;75400
2401;30;4;2004;19.61;718200
2402;29;4;2004;19.42;94400
2403;28;4;2004;19.89;131500
2404;27;4;2004;19.61;380800
2405;26;4;2004;19.61;92200
2406;23;4;2004;19.79;14800
2407;22;4;2004;19.79;49800
2408;21;4;2004;19.79;38300
2409;20;4;2004;19.61;184700
2410;19;4;2004;19.79;136300
2411;16;4;2004;19.98;37100
2412;15;4;2004;20.17;39900
2413;14;4;2004;20.17;58400
2414;13;4;2004;20.27;34000
2415;12;4;2004;20.08;71000
2416;9;4;2004;19.7;151700
2417;8;4;2004;19.7;211300
2418;7;4;2004;19.61;177100
2419;6;4;2004;19.89;95400
2420;5;4;2004;20.08;105000
2421;2;4;2004;20.08;65400
2422;1;4;2004;20.27;46500
2423;31;3;2004;20.55;55100
2424;30;3;2004;20.55;101600
2425;29;3;2004;20.55;118000
2426;26;3;2004;19.61;892200
2427;25;3;2004;19.79;245100
2428;24;3;2004;19.79;289300
2429;23;3;2004;19.89;359200
2430;22;3;2004;20.93;797200
2431;19;3;2004;20.93;515600
2432;18;3;2004;19.61;200500
2433;17;3;2004;19.79;276600
2434;16;3;2004;19.79;87600
2435;15;3;2004;19.51;79200
2436;12;3;2004;19.79;147400
2437;11;3;2004;19.7;77600
2438;10;3;2004;19.42;52100
2439;9;3;2004;19.79;158200
2440;8;3;2004;19.51;117800
2441;5;3;2004;19.7;125300
2442;4;3;2004;19.42;190100
2443;3;3;2004;19.32;143200
2444;2;3;2004;19.79;141500
2445;1;3;2004;19.51;176100
2446;27;2;2004;19.51;563000
2447;26;2;2004;19.04;101500
2448;25;2;2004;19.04;147400
2449;24;2;2004;18.95;155000
2450;23;2;2004;18.76;147600
2451;20;2;2004;18.57;92500
2452;19;2;2004;18.47;43700
2453;18;2;2004;18.38;147700
2454;17;2;2004;18.47;115600
2455;16;2;2004;18.47;200600
2456;13;2;2004;18.38;367000
2457;12;2;2004;18.38;179100
2458;11;2;2004;18.76;277900
2459;10;2;2004;18.85;364200
2460;9;2;2004;18.66;285300
2461;6;2;2004;18.29;288500
2462;5;2;2004;18.57;333100
2463;4;2;2004;18.19;399900
2464;3;2;2004;18.29;311600
2465;2;2;2004;18.1;178300
2466;30;1;2004;17.91;244000
2467;29;1;2004;17.82;740800
2468;28;1;2004;17.44;448400
2469;27;1;2004;17.06;130400
2470;16;1;2004;16.87;58100
2471;15;1;2004;16.97;55200
2472;14;1;2004;17.06;121100
2473;13;1;2004;16.78;107100
2474;12;1;2004;16.78;24500
2475;9;1;2004;16.68;102600
2476;8;1;2004;16.78;54300
2477;7;1;2004;16.78;170800
2478;6;1;2004;16.68;44500
2479;5;1;2004;16.87;80600
2480;2;1;2004;16.87;171800
2481;31;12;2003;16.59;66800
2482;30;12;2003;16.78;84800
2483;29;12;2003;16.59;137200
2484;26;12;2003;16.87;436000
2485;25;12;2003;16.5;207900
2486;24;12;2003;16.4;146400
2487;23;12;2003;16.31;21400
2488;22;12;2003;16.4;292800
2489;19;12;2003;16.21;53300
2490;18;12;2003;16.21;111400
2491;17;12;2003;16.21;163300
2492;16;12;2003;16.31;76100
2493;15;12;2003;16.21;50500
2494;12;12;2003;16.21;87600
2495;11;12;2003;16.31;250300
2496;10;12;2003;16.02;92200
2497;9;12;2003;16.02;97200
2498;8;12;2003;15.93;81700
2499;5;12;2003;15.93;51900
2500;4;12;2003;15.93;82700
2501;3;12;2003;15.84;35000
2502;2;12;2003;15.84;103900
2503;1;12;2003;15.74;47700
2504;28;11;2003;15.84;96500
2505;27;11;2003;15.74;35000
2506;26;11;2003;15.93;71000
2507;25;11;2003;15.84;55100
2508;24;11;2003;15.84;83900
2509;21;11;2003;15.93;59900
2510;20;11;2003;15.93;59400
2511;19;11;2003;15.93;38100
2512;18;11;2003;16.02;43400
2513;17;11;2003;16.02;169800
2514;14;11;2003;15.93;86900
2515;13;11;2003;16.12;224400
2516;12;11;2003;15.84;81600
2517;11;11;2003;16.12;166700
2518;10;11;2003;16.02;371400
2519;7;11;2003;16.21;284300
2520;6;11;2003;16.21;652900
2521;5;11;2003;16.87;842400
2522;4;11;2003;16.87;1462000
2523;3;11;2003;16.12;198300
2524;31;10;2003;16.02;408200
2525;30;10;2003;15.84;115900
2526;29;10;2003;15.65;112100
2527;28;10;2003;15.55;115000
2528;27;10;2003;15.74;136900
2529;24;10;2003;15.65;126100
2530;23;10;2003;15.65;113900
2531;22;10;2003;15.65;101500
2532;21;10;2003;15.65;55800
2533;20;10;2003;15.84;84800
2534;17;10;2003;15.84;108000
2535;16;10;2003;15.84;80700
2536;15;10;2003;16.12;1087500
2537;14;10;2003;15.84;103900
2538;13;10;2003;15.93;157200
2539;9;10;2003;15.84;193500
2540;8;10;2003;15.65;88100
2541;7;10;2003;15.55;35700
2542;6;10;2003;15.55;44500
2543;3;10;2003;15.65;21200
2544;2;10;2003;15.55;41500
2545;1;10;2003;15.46;72500
2546;30;9;2003;15.46;23300
2547;29;9;2003;15.46;48700
2548;26;9;2003;15.65;73600
2549;25;9;2003;15.65;71700
2550;24;9;2003;15.55;69300
2551;23;9;2003;15.55;165800
2552;22;9;2003;15.55;44500
2553;19;9;2003;15.65;68200
2554;18;9;2003;15.55;34900
2555;17;9;2003;15.65;137600
2556;16;9;2003;15.65;13200
2557;15;9;2003;15.74;38400
2558;12;9;2003;15.55;119800
2559;10;9;2003;15.55;83800
2560;9;9;2003;15.65;68900
2561;8;9;2003;15.55;95700
2562;5;9;2003;15.46;139200
2563;4;9;2003;15.65;241900
2564;3;9;2003;15.65;37700
2565;2;9;2003;15.84;51900
2566;1;9;2003;15.74;83100
2567;29;8;2003;15.55;88300
2568;28;8;2003;15.65;86200
2569;27;8;2003;15.84;64700
2570;26;8;2003;15.55;171900
2571;25;8;2003;15.74;122000
2572;22;8;2003;15.65;332000
2573;21;8;2003;15.93;131400
2574;20;8;2003;16.02;138100
2575;19;8;2003;16.02;118100
2576;18;8;2003;16.21;254600
2577;15;8;2003;15.84;80600
2578;14;8;2003;16.12;73300
2579;13;8;2003;16.21;206300
2580;12;8;2003;16.5;651900
2581;11;8;2003;16.21;388700
2582;8;8;2003;16.02;177600
2583;7;8;2003;15.84;285300
2584;6;8;2003;15.84;190900
2585;5;8;2003;15.93;77400
2586;4;8;2003;16.21;426400
2587;1;8;2003;16.5;1903100
2588;31;7;2003;15.55;272600
2589;30;7;2003;15.18;161800
2590;29;7;2003;14.99;197800
2591;28;7;2003;14.99;100700
2592;25;7;2003;14.89;22000
2593;24;7;2003;15.08;88900
2594;23;7;2003;14.89;61700
2595;22;7;2003;15.18;199700
2596;21;7;2003;14.99;27500
2597;18;7;2003;15.36;202600
2598;17;7;2003;15.08;624800
2599;16;7;2003;15.84;579200
2600;15;7;2003;15.74;538900
2601;14;7;2003;15.74;460400
2602;11;7;2003;15.93;144600
2603;10;7;2003;15.93;162100
2604;9;7;2003;15.74;229200
2605;8;7;2003;15.74;140000
2606;7;7;2003;15.84;344700
2607;4;7;2003;15.55;97700
2608;3;7;2003;15.65;247100
2609;2;7;2003;15.74;182400
2610;1;7;2003;15.65;364500
2611;30;6;2003;15.74;147400
2612;27;6;2003;15.93;119900
2613;26;6;2003;15.93;514500
2614;25;6;2003;15.93;437600
2615;24;6;2003;15.84;359700
2616;23;6;2003;15.55;181900
2617;20;6;2003;15.55;265300
2618;19;6;2003;15.84;300400
2619;18;6;2003;15.65;362900
2620;17;6;2003;15.65;268200
2621;16;6;2003;15.93;296200
2622;13;6;2003;15.65;508700
2623;12;6;2003;16.02;516800
2624;11;6;2003;16.21;532800
2625;10;6;2003;16.02;320000
2626;9;6;2003;16.5;438600
2627;6;6;2003;16.87;381900
2628;5;6;2003;16.59;529900
2629;3;6;2003;16.5;886800
2630;2;6;2003;16.78;1322000
2631;30;5;2003;17.82;2589700
2632;29;5;2003;17.25;3111000
2633;28;5;2003;16.59;1542500
2634;27;5;2003;15.55;875200
2635;26;5;2003;14.61;11600
2636;23;5;2003;14.23;57200
2637;22;5;2003;14.42;20200
2638;21;5;2003;14.23;16600
2639;20;5;2003;14.23;39000
2640;19;5;2003;14.14;66800
2641;16;5;2003;14.23;145300
2642;15;5;2003;14.42;16800
2643;14;5;2003;14.42;62600
2644;13;5;2003;14.42;16900
2645;12;5;2003;14.23;77400
2646;9;5;2003;14.42;28600
2647;8;5;2003;14.52;10700
2648;7;5;2003;14.52;4200
2649;6;5;2003;14.42;47700
2650;5;5;2003;14.42;71000
2651;2;5;2003;14.23;70100
2652;30;4;2003;14.23;43400
2653;29;4;2003;14.04;83800
2654;28;4;2003;13.95;399900
2655;25;4;2003;14.52;110700
2656;24;4;2003;14.61;83800
2657;23;4;2003;14.7;102900
2658;22;4;2003;14.89;18100
2659;21;4;2003;14.7;31800
2660;18;4;2003;14.89;10900
2661;17;4;2003;14.7;19000
2662;16;4;2003;14.8;82900
2663;15;4;2003;14.7;12700
2664;14;4;2003;14.61;33000
2665;11;4;2003;14.7;16900
2666;10;4;2003;14.7;21200
2667;9;4;2003;14.99;23300
2668;8;4;2003;14.7;2155700
2669;7;4;2003;15.08;10700
2670;4;4;2003;14.7;20100
2671;3;4;2003;14.89;14800
2672;2;4;2003;14.61;53000
2673;1;4;2003;14.23;11600
2674;31;3;2003;14.42;36000
2675;28;3;2003;14.7;5300
2676;27;3;2003;14.7;7500
2677;26;3;2003;14.61;6300
2678;25;3;2003;14.61;3900
2679;24;3;2003;14.52;3100
2680;21;3;2003;14.99;49800
2681;20;3;2003;14.99;67900
2682;19;3;2003;14.61;3200
2683;18;3;2003;14.99;32900
2684;17;3;2003;14.52;30700
2685;14;3;2003;14.89;61500
2686;13;3;2003;14.61;36000
2687;12;3;2003;14.61;88000
2688;11;3;2003;14.99;23300
2689;10;3;2003;15.46;21200
2690;7;3;2003;14.7;39200
2691;6;3;2003;14.52;10600
2692;5;3;2003;14.7;15900
2693;4;3;2003;14.61;35000
2694;3;3;2003;14.7;18000
2695;27;2;2003;14.52;62600
2696;26;2;2003;14.52;88000
2697;25;2;2003;14.61;76600
2698;24;2;2003;14.7;28600
2699;21;2;2003;14.7;97700
2700;20;2;2003;14.8;52300
2701;19;2;2003;15.08;37100
2702;18;2;2003;14.99;65700
2703;17;2;2003;15.18;154800
2704;14;2;2003;14.8;89200
2705;13;2;2003;14.8;83200
2706;12;2;2003;15.08;189900
2707;11;2;2003;14.8;131500
2708;10;2;2003;14.99;184600
2709;7;2;2003;14.7;279000
2710;6;2;2003;15.55;699100
2711;28;1;2003;16.4;1981700
2712;27;1;2003;15.55;981300
2713;24;1;2003;14.61;81800
2714;23;1;2003;14.42;245100
2715;22;1;2003;14.61;336300
2716;21;1;2003;15.18;614300
2717;20;1;2003;15.65;2753000
2718;17;1;2003;14.8;31100
2719;16;1;2003;15.08;339500
2720;15;1;2003;14.8;43400
2721;14;1;2003;14.7;30700
2722;13;1;2003;14.7;39200
2723;10;1;2003;14.61;55100
2724;9;1;2003;14.42;22600
2725;8;1;2003;14.7;25600
2726;7;1;2003;14.52;22400
2727;6;1;2003;14.42;65700
2728;3;1;2003;14.7;7400
2729;2;1;2003;14.7;54100
2730;31;12;2002;14.7;66800
2731;30;12;2002;14.23;48800
2732;27;12;2002;14.52;18000
2733;26;12;2002;14.52;27500
2734;25;12;2002;14.52;86900
2735;24;12;2002;14.61;29700
2736;23;12;2002;14.8;46600
2737;20;12;2002;14.89;43400
2738;19;12;2002;14.61;56500
2739;18;12;2002;14.99;37100
2740;17;12;2002;15.08;9500
2741;16;12;2002;14.8;13700
2742;13;12;2002;15.08;21200
2743;12;12;2002;15.08;80600
2744;11;12;2002;15.08;531500
2745;10;12;2002;14.99;93300
2746;9;12;2002;14.61;61300
2747;6;12;2002;14.61;19100
2748;5;12;2002;14.42;49800
2749;4;12;2002;14.52;11600
2750;3;12;2002;14.42;3100
2751;29;11;2002;14.42;14900
2752;28;11;2002;14.52;10100
2753;27;11;2002;14.7;1000
2754;26;11;2002;14.8;101800
2755;25;11;2002;14.8;64700
2756;22;11;2002;14.8;61500
2757;21;11;2002;14.8;26900
2758;20;11;2002;14.7;35000
2759;19;11;2002;14.99;6300
2760;18;11;2002;14.99;214300
2761;15;11;2002;14.7;146400
2762;14;11;2002;14.61;51100
2763;13;11;2002;14.61;106000
2764;12;11;2002;14.52;26500
2765;11;11;2002;14.99;166500
2766;8;11;2002;14.7;71000
2767;7;11;2002;14.23;16900
2768;6;11;2002;14.52;74200
2769;5;11;2002;14.23;61400
2770;4;11;2002;14.7;98700
2771;1;11;2002;14.52;293200
2772;31;10;2002;14.14;120900
2773;30;10;2002;13.67;22200
2774;29;10;2002;13.62;19000
2775;28;10;2002;13.62;58300
2776;25;10;2002;13.57;31800
2777;24;10;2002;13.57;11600
2778;23;10;2002;13.67;58500
2779;22;10;2002;13.57;65100
2780;21;10;2002;13.43;20200
2781;18;10;2002;13.67;22200
2782;17;10;2002;13.76;33900
2783;16;10;2002;13.76;14900
2784;15;10;2002;13.95;27700
2785;14;10;2002;13.57;10600
2786;11;10;2002;13.76;72100
2787;9;10;2002;13.76;42400
2788;8;10;2002;13.67;71300
2789;7;10;2002;13.2;35000
2790;4;10;2002;13.2;102900
2791;3;10;2002;13.34;165500
2792;2;10;2002;13.2;99700
2793;1;10;2002;13.2;37100
2794;30;9;2002;13.2;39200
2795;27;9;2002;13.38;26500
2796;26;9;2002;13.38;24300
2797;25;9;2002;13.38;77400
2798;24;9;2002;13.38;18100
2799;23;9;2002;13.34;75900
2800;20;9;2002;13.29;18000
2801;19;9;2002;13.43;16000
2802;18;9;2002;13.48;15900
2803;17;9;2002;13.53;31800
2804;16;9;2002;13.48;23300
2805;13;9;2002;13.57;2100
2806;12;9;2002;13.62;18000
2807;11;9;2002;13.57;22300
2808;10;9;2002;13.62;97600
2809;9;9;2002;13.53;84800
2810;5;9;2002;13.53;7400
2811;4;9;2002;13.71;54600
2812;3;9;2002;13.81;88000
2813;2;9;2002;13.81;58300
2814;30;8;2002;13.76;39300
2815;29;8;2002;13.9;163300
2816;28;8;2002;13.48;13200
2817;27;8;2002;13.62;24600
2818;26;8;2002;13.67;106000
2819;22;8;2002;13.67;18000
2820;21;8;2002;13.86;10600
2821;20;8;2002;13.9;76800
2822;19;8;2002;13.9;8400
2823;16;8;2002;13.86;61600
2824;15;8;2002;13.76;49800
2825;14;8;2002;13.81;5300
2826;13;8;2002;13.81;13700
2827;12;8;2002;13.81;15900
2828;9;8;2002;13.81;63700
2829;8;8;2002;13.86;22200
2830;7;8;2002;13.86;50900
2831;6;8;2002;13.95;116700
2832;5;8;2002;13.95;84800
2833;2;8;2002;14.14;13700
2834;1;8;2002;13.86;56200
2835;31;7;2002;14.14;238700
2836;30;7;2002;13.9;99700
2837;29;7;2002;13.95;31800
2838;26;7;2002;13.95;251500
2839;25;7;2002;13.86;259900
2840;24;7;2002;13.57;40400
2841;23;7;2002;13.62;32800
2842;22;7;2002;13.34;117700
2843;19;7;2002;13.43;97600
2844;18;7;2002;13.67;84800
2845;17;7;2002;13.67;138900
2846;16;7;2002;13.38;58300
2847;15;7;2002;13.48;170800
2848;12;7;2002;13.81;634400
2849;11;7;2002;13.62;647100
2850;10;7;2002;13.05;49000
2851;9;7;2002;13.1;52000
2852;8;7;2002;13.01;101800
2853;5;7;2002;13.1;106000
2854;4;7;2002;12.82;66800
2855;3;7;2002;12.87;291700
2856;2;7;2002;12.44;33900
2857;1;7;2002;12.58;64700
2858;28;6;2002;12.68;191000
2859;27;6;2002;12.54;360700
2860;26;6;2002;13.05;437000
2861;25;6;2002;13.01;349000
2862;24;6;2002;13.38;150600
2863;21;6;2002;13.29;177100
2864;20;6;2002;13.24;179200
2865;19;6;2002;12.87;537900
2866;18;6;2002;13.29;167600
2867;17;6;2002;13.38;171800
2868;14;6;2002;13.29;380800
2869;13;6;2002;13.57;1150000
2870;12;6;2002;14.04;2486700
2871;11;6;2002;13.53;392500
2872;10;6;2002;13.1;56200
2873;7;6;2002;13.2;94400
2874;6;6;2002;13.2;51900
2875;5;6;2002;13.15;217400
2876;4;6;2002;13.01;82700
2877;3;6;2002;12.82;88100
2878;31;5;2002;13.01;87000
2879;30;5;2002;13.2;124100
2880;29;5;2002;13.38;180000
2881;28;5;2002;13.38;67900
2882;27;5;2002;13.2;38100
2883;24;5;2002;13.2;91200
2884;23;5;2002;12.91;113500
2885;22;5;2002;12.63;226300
2886;21;5;2002;12.68;211200
2887;20;5;2002;12.82;397500
2888;17;5;2002;13.01;104200
2889;16;5;2002;13.24;108800
2890;15;5;2002;13.24;161200
2891;14;5;2002;13.48;216000
2892;13;5;2002;13.38;406300
2893;10;5;2002;13.62;808500
2894;9;5;2002;13.01;362000
2895;8;5;2002;12.73;226700
2896;7;5;2002;12.82;271600
2897;6;5;2002;13.2;978100
2898;3;5;2002;12.73;172300
2899;2;5;2002;12.35;230000
2900;30;4;2002;12.35;127300
2901;29;4;2002;12.35;101800
2902;26;4;2002;12.44;321400
2903;25;4;2002;12.91;1210400
2904;24;4;2002;12.82;796700
2905;23;4;2002;12.82;228400
2906;22;4;2002;12.63;167600
2907;19;4;2002;12.35;134100
2908;18;4;2002;12.07;73600
2909;17;4;2002;12.11;113000
2910;16;4;2002;12.07;63400
2911;15;4;2002;11.97;133500
2912;12;4;2002;11.97;99100
2913;11;4;2002;11.97;71600
2914;10;4;2002;11.97;124500
2915;9;4;2002;11.88;515700
2916;8;4;2002;12.44;577100
2917;4;4;2002;12.07;239700
2918;3;4;2002;11.97;69200
2919;2;4;2002;11.74;314000
2920;1;4;2002;11.83;347900
2921;29;3;2002;11.92;4181200
2922;28;3;2002;12.25;1012200
2923;27;3;2002;12.68;814100
2924;26;3;2002;11.88;365100
2925;25;3;2002;11.5;117600
2926;22;3;2002;11.55;10900
2927;21;3;2002;11.41;22400
2928;20;3;2002;11.64;72100
2929;19;3;2002;11.55;7600
2930;18;3;2002;11.55;33300
2931;15;3;2002;11.41;218500
2932;14;3;2002;11.74;44500
2933;13;3;2002;11.78;120300
2934;12;3;2002;11.64;34100
2935;11;3;2002;11.78;177200
2936;8;3;2002;11.59;28600
2937;6;3;2002;11.83;287600
2938;5;3;2002;11.69;71500
2939;4;3;2002;11.5;37200
2940;1;3;2002;11.5;25800
2941;27;2;2002;11.31;63700
2942;26;2;2002;11.22;70500
2943;25;2;2002;11.31;27800
2944;22;2;2002;11.31;44700
2945;21;2;2002;11.41;23300
2946;20;2;2002;11.45;21500
2947;19;2;2002;11.45;31800
2948;18;2;2002;11.78;31800
2949;6;2;2002;11.88;123200
2950;5;2;2002;11.69;150100
2951;4;2;2002;11.36;77400
2952;1;2;2002;11.88;414700
2953;30;1;2002;11.5;66600
2954;29;1;2002;11.17;315300
2955;28;1;2002;11.41;92700
2956;25;1;2002;11.41;37800
2957;24;1;2002;11.31;11800
2958;23;1;2002;11.12;30400
2959;22;1;2002;11.12;26500
2960;21;1;2002;11.31;54100
2961;18;1;2002;11.22;19000
2962;17;1;2002;11.31;3100
2963;16;1;2002;11.31;32800
2964;15;1;2002;11.22;23400
2965;14;1;2002;11.31;49800
2966;11;1;2002;11.31;84800
2967;10;1;2002;11.31;125000
2968;9;1;2002;11.31;63700
2969;8;1;2002;11.31;59400
2970;7;1;2002;11.31;67600
2971;4;1;2002;11.22;21300
2972;2;1;2002;11.41;36000
2973;31;12;2001;11.59;46500
2974;28;12;2001;11.74;263100
2975;27;12;2001;11.17;79500
2976;26;12;2001;11.22;11600
2977;25;12;2001;11.31;29700
2978;24;12;2001;11.12;49900
2979;21;12;2001;11.26;37100
2980;20;12;2001;11.64;32800
2981;19;12;2001;11.5;66800
2982;18;12;2001;11.69;145000
2983;17;12;2001;11.64;119500
2984;14;12;2001;11.69;33500
2985;13;12;2001;11.55;58900
2986;12;12;2001;11.59;45600
2987;11;12;2001;11.64;64800
2988;10;12;2001;11.92;336300
2989;7;12;2001;11.59;116100
2990;6;12;2001;11.41;45100
2991;5;12;2001;11.17;21200
2992;4;12;2001;11.45;40100
2993;3;12;2001;11.5;49000
2994;30;11;2001;11.03;45600
2995;29;11;2001;11.31;56200
2996;28;11;2001;11.78;428800
2997;27;11;2001;11.31;5127100
2998;26;11;2001;11.12;23500
2999;23;11;2001;11.03;9600
3000;22;11;2001;11.12;14900
3001;21;11;2001;11.12;25200
3002;20;11;2001;11.22;85900
3003;19;11;2001;11.12;76400
3004;16;11;2001;11.12;13700
3005;15;11;2001;11.26;30700
3006;14;11;2001;11.22;52800
3007;13;11;2001;11.31;15000
3008;12;11;2001;11.31;50400
3009;8;11;2001;11.22;4200
3010;7;11;2001;11.12;9500
3011;6;11;2001;11.12;29800
3012;5;11;2001;11.22;21200
3013;2;11;2001;11.12;2100
3014;1;11;2001;11.12;8400
3015;31;10;2001;11.31;7400
3016;30;10;2001;11.08;10600
3017;29;10;2001;11.5;161200
3018;26;10;2001;11.69;247200
3019;25;10;2001;11.26;73200
3020;24;10;2001;11.17;3200
3021;23;10;2001;11.03;19400
3022;22;10;2001;11.17;38200
3023;19;10;2001;10.93;46700
3024;18;10;2001;11.12;76000
3025;17;10;2001;11.22;14200
3026;16;10;2001;11.31;37100
3027;15;10;2001;11.26;15700
3028;12;10;2001;11.5;2000
3029;11;10;2001;11.41;44200
3030;9;10;2001;11.22;10600
3031;8;10;2001;11.22;10600
3032;5;10;2001;11.12;5300
3033;4;10;2001;11.12;27900
3034;3;10;2001;11.26;24800
3035;2;10;2001;11.36;49800
3036;27;9;2001;11.31;20200
3037;26;9;2001;11.64;119800
3038;25;9;2001;11.22;54100
3039;21;9;2001;11.36;27100
3040;20;9;2001;11.74;122000
3041;14;9;2001;11.03;47900
3042;13;9;2001;11.03;79200
3043;11;9;2001;11.69;42400
3044;10;9;2001;11.78;42400
3045;7;9;2001;12.11;65700
3046;6;9;2001;12.68;206800
3047;5;9;2001;12.25;205800
3048;4;9;2001;11.78;268500
3049;3;9;2001;11.41;268400
3050;31;8;2001;11.26;39000
3051;30;8;2001;11.12;210000
3052;29;8;2001;11.03;416900
3053;28;8;2001;10.75;3100
3054;27;8;2001;10.89;23400
3055;24;8;2001;10.84;25400
3056;23;8;2001;10.89;25500
3057;22;8;2001;10.79;54100
3058;21;8;2001;10.89;9500
3059;20;8;2001;10.75;101800
3060;17;8;2001;11.03;45600
3061;16;8;2001;11.31;126700
3062;15;8;2001;11.22;1170100
3063;14;8;2001;10.75;86100
3064;13;8;2001;10.46;34200
3065;10;8;2001;10.37;40300
3066;9;8;2001;10.7;73200
3067;8;8;2001;11.28;408500
3068;7;8;2001;11.11;194700
3069;6;8;2001;10.48;192400
3070;3;8;2001;9.91;86700
3071;2;8;2001;9.77;34900
3072;1;8;2001;9.64;68600
3073;31;7;2001;9.46;36000
3074;27;7;2001;9.55;159800
3075;26;7;2001;9.51;132800
3076;25;7;2001;9.46;92300
3077;24;7;2001;9.33;120400
3078;23;7;2001;9.42;39400
3079;20;7;2001;9.42;24700
3080;19;7;2001;9.51;100100
3081;18;7;2001;9.46;113200
3082;17;7;2001;9.51;55100
3083;16;7;2001;9.68;131600
3084;13;7;2001;9.73;115000
3085;12;7;2001;10;196900
3086;11;7;2001;10.26;440200
3087;10;7;2001;9.64;95600
3088;9;7;2001;9.55;54400
3089;6;7;2001;9.6;25900
3090;5;7;2001;9.42;41600
3091;4;7;2001;9.51;92500
3092;3;7;2001;9.77;68900
3093;2;7;2001;10;12400
3094;29;6;2001;9.91;96700
3095;28;6;2001;9.6;54000
3096;27;6;2001;9.6;92300
3097;26;6;2001;9.77;108100
3098;22;6;2001;10.13;19100
3099;21;6;2001;10.35;162200
3100;20;6;2001;10.04;84400
3101;19;6;2001;9.86;24700
3102;18;6;2001;9.77;165600
3103;15;6;2001;9.95;37100
3104;14;6;2001;10.04;22500
3105;13;6;2001;10.13;52000
3106;12;6;2001;10.04;23600
3107;11;6;2001;10.04;31600
3108;8;6;2001;10.04;139500
3109;7;6;2001;9.86;33700
3110;6;6;2001;10;32600
3111;5;6;2001;9.91;61900
3112;4;6;2001;9.91;31500
3113;1;6;2001;10.13;40500
3114;31;5;2001;10.13;77600
3115;30;5;2001;10.44;33600
3116;29;5;2001;10.35;101300
3117;28;5;2001;10.62;112700
3118;25;5;2001;11.24;57400
3119;24;5;2001;11.42;54000
3120;23;5;2001;11.91;143100
3121;22;5;2001;11.19;3571200
3122;21;5;2001;11.19;154100
3123;18;5;2001;11.46;2634800
3124;17;5;2001;11.37;28400
3125;16;5;2001;11.19;12400
3126;15;5;2001;11.55;18400
3127;14;5;2001;11.64;859900
3128;11;5;2001;11.19;19200
3129;10;5;2001;11.19;36000
3130;9;5;2001;11.64;69800
3131;8;5;2001;11.55;80700
3132;7;5;2001;11.55;50600
3133;4;5;2001;11.55;234200
3134;3;5;2001;11.73;6800
3135;2;5;2001;11.77;5600
3136;30;4;2001;11.95;7800
3137;27;4;2001;11.68;32900
3138;26;4;2001;11.73;27300
3139;25;4;2001;11.73;27300
3140;24;4;2001;11.99;86300
3141;23;4;2001;11.64;16800
3142;20;4;2001;12.35;58500
3143;19;4;2001;11.95;46800
3144;18;4;2001;11.82;31500
3145;17;4;2001;11.99;25900
3146;16;4;2001;12.26;25900
3147;13;4;2001;12.26;97700
3148;12;4;2001;12.26;81100
3149;11;4;2001;12.44;47300
3150;10;4;2001;12.53;169500
3151;9;4;2001;12.26;89000
3152;6;4;2001;12.79;902500
3153;4;4;2001;11.99;2444600
3154;3;4;2001;12.22;96500
3155;2;4;2001;12.44;296000
3156;30;3;2001;12.88;835700
3157;29;3;2001;13.02;859900
3158;28;3;2001;13.02;1224900
3159;27;3;2001;12.71;1601000
3160;26;3;2001;12.66;181200
3161;23;3;2001;12.62;231900
3162;22;3;2001;12.53;132800
3163;21;3;2001;12.26;1702900
3164;20;3;2001;12.44;299400
3165;19;3;2001;12.62;821600
3166;16;3;2001;12.53;123900
3167;15;3;2001;12.26;213800
3168;13;3;2001;12.17;157500
3169;12;3;2001;11.99;101300
3170;9;3;2001;11.99;36000
3171;8;3;2001;12.17;55100
3172;7;3;2001;12.08;59700
3173;6;3;2001;11.73;18000
3174;5;3;2001;11.73;21300
3175;2;3;2001;11.99;77600
3176;1;3;2001;11.99;59000
3177;27;2;2001;11.99;113600
3178;26;2;2001;12.08;191900
3179;23;2;2001;11.64;96800
3180;22;2;2001;11.64;190200
3181;21;2;2001;12.13;566200
3182;20;2;2001;11.77;501900
3183;19;2;2001;11.02;348000
3184;16;2;2001;10.88;218100
3185;15;2;2001;10.71;137400
3186;14;2;2001;10.66;457500
3187;13;2;2001;10.75;290400
3188;12;2;2001;10.71;256700
3189;9;2;2001;10.57;143400
3190;8;2;2001;10.62;36000
3191;7;2;2001;10.66;82200
3192;6;2;2001;10.97;346100
3193;5;2;2001;11.02;391500
3194;2;2;2001;10.75;132800
3195;1;2;2001;10.57;75100
3196;31;1;2001;10.57;181200
3197;30;1;2001;10.48;152200
3198;29;1;2001;10.53;302700
3199;18;1;2001;10.75;127400
3200;17;1;2001;10.48;155300
3201;16;1;2001;10.84;61900
3202;15;1;2001;10.4;102400
3203;12;1;2001;10.75;109100
3204;11;1;2001;10.75;474000
3205;10;1;2001;10.17;220600
3206;9;1;2001;10.04;49500
3207;8;1;2001;10.13;68600
3208;5;1;2001;9.95;49500
3209;4;1;2001;10.17;166500
3210;3;1;2001;9.95;55100
3211;2;1;2001;9.82;554800
3212;29;12;2000;9.6;61300
3213;28;12;2000;9.51;92300
3214;27;12;2000;9.51;145100
3215;26;12;2000;9.51;55600
3216;22;12;2000;9.51;92200
3217;21;12;2000;9.46;141200
3218;20;12;2000;9.68;63500
3219;19;12;2000;9.77;73100
3220;18;12;2000;9.82;84400
3221;15;12;2000;10.22;29200
3222;14;12;2000;10.22;136600
3223;13;12;2000;9.86;22500
3224;12;12;2000;9.86;140600
3225;11;12;2000;9.73;188400
3226;8;12;2000;9.51;124800
3227;7;12;2000;9.51;26000
3228;6;12;2000;9.51;45600
3229;5;12;2000;9.6;11900
3230;4;12;2000;9.6;27000
3231;1;12;2000;9.42;64100
3232;30;11;2000;9.51;33900
3233;29;11;2000;9.42;108500
3234;28;11;2000;9.33;10200
3235;27;11;2000;9.6;139900
3236;24;11;2000;9.6;124000
3237;23;11;2000;9.24;38200
3238;22;11;2000;9.37;20200
3239;21;11;2000;9.6;132800
3240;20;11;2000;9.42;92200
3241;17;11;2000;9.77;9500
3242;16;11;2000;9.77;159400
3243;15;11;2000;9.77;110300
3244;14;11;2000;9.68;91100
3245;13;11;2000;9.46;18000
3246;10;11;2000;9.46;36000
3247;9;11;2000;9.33;40500
3248;8;11;2000;9.55;26000
3249;7;11;2000;9.51;95700
3250;6;11;2000;9.24;196900
3251;3;11;2000;9.64;40200
3252;2;11;2000;9.51;139500
3253;1;11;2000;9.33;108000
3254;31;10;2000;9.33;155300
3255;30;10;2000;9.24;191300
3256;27;10;2000;9.28;0
3257;26;10;2000;9.28;319200
3258;25;10;2000;9.33;45100
3259;24;10;2000;9.42;249100
3260;23;10;2000;9.51;185700
3261;20;10;2000;9.77;148500
3262;19;10;2000;9.2;231800
3263;18;10;2000;9.86;227900
3264;17;10;2000;10.57;1569000
3265;16;10;2000;10.57;0
3266;13;10;2000;10.57;90100
3267;12;10;2000;10.57;849700
3268;11;10;2000;10.75;979100
3269;10;10;2000;11.11;0
3270;9;10;2000;11.11;1521600
3271;6;10;2000;10.31;130900
3272;5;10;2000;10.13;379300
3273;4;10;2000;9.51;339200
3274;3;10;2000;9.51;407700
3275;2;10;2000;8.88;122600
3276;29;9;2000;9.6;39100
3277;28;9;2000;9.51;98500
3278;27;9;2000;9.6;90100
3279;26;9;2000;9.42;140900
3280;25;9;2000;9.68;46100
3281;22;9;2000;9.51;72300
3282;21;9;2000;9.64;36000
3283;20;9;2000;9.51;144000
3284;19;9;2000;9.33;570400
3285;18;9;2000;9.95;227300
3286;15;9;2000;10.13;68100
3287;14;9;2000;10.17;116000
3288;13;9;2000;10.13;68600
3289;12;9;2000;10.13;0
3290;11;9;2000;10.13;84700
3291;8;9;2000;10.13;230700
3292;7;9;2000;9.95;123000
3293;6;9;2000;10.04;209300
3294;5;9;2000;10.31;30800
3295;4;9;2000;10.31;32600
3296;1;9;2000;10.13;123800
3297;31;8;2000;10.13;154100
3298;30;8;2000;10.04;113600
3299;29;8;2000;10.13;112500
3300;28;8;2000;10.13;108000
3301;25;8;2000;10.31;115800
3302;24;8;2000;10.31;85500
3303;23;8;2000;10.4;0
3304;22;8;2000;10.4;30000
3305;21;8;2000;10.44;239700
3306;18;8;2000;10.44;103500
3307;17;8;2000;10.22;228800
3308;16;8;2000;10.48;331700
3309;15;8;2000;10.35;147600
3310;14;8;2000;10.22;625800
3311;11;8;2000;10.48;185400
3312;10;8;2000;10.48;610800
3313;9;8;2000;10.66;474000
3314;8;8;2000;10.48;152200
3315;7;8;2000;10.48;210400
3316;4;8;2000;10.71;59700
3317;3;8;2000;10.57;210400
3318;2;8;2000;10.57;49500
3319;1;8;2000;10.66;370500
3320;31;7;2000;10.75;141800
3321;28;7;2000;10.62;212700
3322;27;7;2000;9.95;133900
3323;26;7;2000;9.86;319800
3324;25;7;2000;9.77;659500
3325;24;7;2000;10.22;554800
3326;21;7;2000;10.26;602100
3327;20;7;2000;10.66;350400
3328;19;7;2000;10.71;422400
3329;18;7;2000;10.71;422400
3330;17;7;2000;10.93;853100
3331;14;7;2000;10.53;899500
3332;13;7;2000;10.75;951300
3333;12;7;2000;10.75;1064700
3334;11;7;2000;11.24;359000
3335;10;7;2000;11.37;721400
3336;7;7;2000;11.64;549400
3337;6;7;2000;11.86;659500
3338;5;7;2000;12.08;594800
3339;4;7;2000;12.08;609400
3340;3;7;2000;12.35;614500
3341;30;6;2000;13.24;1456400
3342;29;6;2000;13.15;1642600
3343;28;6;2000;14.04;2568400
3344;27;6;2000;14.13;894800
3345;26;6;2000;14.04;818200
3346;23;6;2000;13.77;825100
3347;22;6;2000;13.59;2559400
3348;21;6;2000;13.68;1241400
3349;20;6;2000;12.39;1112800
3350;19;6;2000;11.93;720300
3351;16;6;2000;11.77;1275400
3352;15;6;2000;11.58;568100
3353;14;6;2000;10.84;480200
3354;13;6;2000;10.65;240900
3355;12;6;2000;10.42;157500
3356;9;6;2000;10.42;182000
3357;8;6;2000;10.38;119300
3358;7;6;2000;10.22;50400
3359;6;6;2000;10.3;0
3360;5;6;2000;10.3;52900
3361;2;6;2000;10.22;83900
3362;1;6;2000;10.22;82800
3363;31;5;2000;10.26;541700
3364;30;5;2000;10.42;0
3365;29;5;2000;10.42;369200
3366;26;5;2000;10.46;147300
3367;25;5;2000;10.46;419500
3368;24;5;2000;10.46;378200
3369;23;5;2000;10.65;501200
3370;22;5;2000;10.69;60600
3371;19;5;2000;10.81;105800
3372;18;5;2000;10.69;86500
3373;17;5;2000;11.04;129300
3374;16;5;2000;10.81;34800
3375;15;5;2000;10.84;136800
3376;12;5;2000;10.92;254300
3377;11;5;2000;10.46;58000
3378;10;5;2000;10.46;89000
3379;9;5;2000;10.38;0
3380;8;5;2000;10.38;127800
3381;5;5;2000;10.46;97100
3382;4;5;2000;10.46;59400
3383;3;5;2000;10.15;134200
3384;2;5;2000;10.38;157500
3385;1;5;2000;10.61;0
3386;28;4;2000;10.61;297100
3387;27;4;2000;10.38;441500
3388;26;4;2000;10.69;388500
3389;25;4;2000;11.31;740500
3390;24;4;2000;11.7;1118000
3391;21;4;2000;11.08;920900
3392;20;4;2000;10.73;82000
3393;19;4;2000;10.69;162200
3394;18;4;2000;10.61;277600
3395;17;4;2000;10.61;232300
3396;14;4;2000;10.92;247900
3397;13;4;2000;10.84;150100
3398;12;4;2000;10.73;224000
3399;11;4;2000;10.61;226000
3400;10;4;2000;10.46;495700
3401;7;4;2000;10.65;312500
3402;6;4;2000;10.77;363800
3403;5;4;2000;10.69;291700
3404;4;4;2000;10.92;0
3405;3;4;2000;10.92;0
3406;31;3;2000;10.92;214600
3407;30;3;2000;10.84;700900
3408;29;3;2000;10.92;228500
3409;28;3;2000;11;464800
3410;27;3;2000;10.73;267200
3411;24;3;2000;10.88;424800
3412;23;3;2000;11.23;667400
3413;22;3;2000;11.23;334300
3414;21;3;2000;11.62;679400
3415;20;3;2000;11.27;1083100
3416;17;3;2000;10.53;448000
3417;16;3;2000;10.15;307200
3418;15;3;2000;9.99;283200
3419;14;3;2000;9.91;330600
3420;13;3;2000;10.3;620100
3421;10;3;2000;10.84;506400
3422;9;3;2000;11.15;837200
3423;8;3;2000;11.27;361500
3424;7;3;2000;11.93;908900
3425;6;3;2000;12.78;276200
3426;3;3;2000;13.01;729300
3427;2;3;2000;12.86;1151500
3428;1;3;2000;13.32;992400
3429;29;2;2000;12.86;1220300
3430;28;2;2000;13.79;0
3431;25;2;2000;13.79;1390600
3432;24;2;2000;14.79;3258700
3433;23;2;2000;14.56;1440700
3434;22;2;2000;14.56;2474800
3435;21;2;2000;14.56;3906500
3436;18;2;2000;13.17;1002400
3437;17;2;2000;12.94;640100
3438;16;2;2000;12.63;489200
3439;15;2;2000;12.55;509600
3440;14;2;2000;12.78;349700
3441;11;2;2000;13.25;1379600
3442;10;2;2000;13.09;1298800
3443;9;2;2000;12.24;1056000
3444;8;2;2000;12.78;0
3445;7;2;2000;12.78;0
3446;4;2;2000;12.78;0
3447;3;2;2000;12.78;0
3448;2;2;2000;12.78;0
3449;1;2;2000;12.78;988900
3450;31;1;2000;13.09;2379300
3451;28;1;2000;13.63;1636200
3452;27;1;2000;13.56;4497000
3453;26;1;2000;13.09;798400
3454;25;1;2000;12.24;1931800
3455;24;1;2000;11.5;1210600
3456;21;1;2000;10.77;788800
3457;20;1;2000;10.07;206500
3458;19;1;2000;10.11;503500
3459;18;1;2000;10.22;512500
3460;17;1;2000;10.19;508600
3461;14;1;2000;9.37;284500
3462;13;1;2000;9.37;204500
3463;12;1;2000;9.6;427400
3464;11;1;2000;9.06;141300
3465;10;1;2000;9.22;126500
3466;7;1;2000;9.3;121300
3467;6;1;2000;9.14;202900
3468;5;1;2000;8.83;164100
3469;4;1;2000;8.75;59300
