1;24;10;2013;154;0
2;23;10;2013;154;400
3;22;10;2013;157;200
4;21;10;2013;154;300
5;18;10;2013;150;100
6;17;10;2013;153;200
7;16;10;2013;153;0
8;15;10;2013;153;2100
9;14;10;2013;169;0
10;11;10;2013;169;0
11;10;10;2013;162;0
12;9;10;2013;162;200
13;8;10;2013;165;0
14;7;10;2013;161;0
15;4;10;2013;165;0
16;3;10;2013;160;100
17;2;10;2013;165;0
18;1;10;2013;165;0
19;30;9;2013;165;0
20;27;9;2013;165;100
21;26;9;2013;165;400
22;25;9;2013;159;200
23;24;9;2013;162;100
24;23;9;2013;160;100
25;20;9;2013;160;300
26;19;9;2013;162;0
27;18;9;2013;169;100
28;17;9;2013;160;100
29;16;9;2013;160;100
30;13;9;2013;165;0
31;12;9;2013;166;0
32;11;9;2013;166;0
33;10;9;2013;165;0
34;9;9;2013;176;0
35;6;9;2013;176;0
36;5;9;2013;156;0
37;4;9;2013;156;0
38;3;9;2013;155;0
39;2;9;2013;150;0
40;30;8;2013;179;0
41;29;8;2013;185;0
42;28;8;2013;183;0
43;27;8;2013;169;0
44;26;8;2013;169;0
45;23;8;2013;159;300
46;22;8;2013;165;800
47;21;8;2013;165;0
48;20;8;2013;165;100
49;19;8;2013;184;0
50;16;8;2013;184;200
51;15;8;2013;169;0
52;14;8;2013;169;0
53;13;8;2013;169;0
54;12;8;2013;165;0
55;9;8;2013;167;0
56;8;8;2013;167;0
57;7;8;2013;167;100
58;6;8;2013;166;0
59;5;8;2013;165;0
60;2;8;2013;165;100
61;1;8;2013;165;0
62;31;7;2013;166;0
63;30;7;2013;165;200
64;29;7;2013;160;100
65;26;7;2013;170;0
66;25;7;2013;170;0
67;24;7;2013;170;100
68;23;7;2013;166;500
69;22;7;2013;170;100
70;19;7;2013;172;0
71;18;7;2013;172;100
72;17;7;2013;173;200
73;16;7;2013;185;0
74;15;7;2013;185;0
75;12;7;2013;185;0
76;11;7;2013;172;0
77;10;7;2013;171;200
78;9;7;2013;171;400
79;8;7;2013;182;0
80;5;7;2013;182;300
81;4;7;2013;178;2400
82;3;7;2013;170;600
83;2;7;2013;173;800
84;1;7;2013;173;300
85;28;6;2013;173;100
86;27;6;2013;170;100
87;26;6;2013;167;200
88;25;6;2013;168;2100
89;24;6;2013;168;600
90;21;6;2013;170;0
91;20;6;2013;167;100
92;19;6;2013;168;0
93;18;6;2013;164;300
94;17;6;2013;166;0
95;14;6;2013;173;200
96;13;6;2013;176;0
97;12;6;2013;176;100
98;11;6;2013;193;0
99;10;6;2013;194;200
100;7;6;2013;188;100
101;6;6;2013;190;500
102;5;6;2013;195;0
103;4;6;2013;195;100
104;3;6;2013;193;200
105;31;5;2013;199;0
106;30;5;2013;203;100
107;29;5;2013;200;200
108;28;5;2013;197;100
109;27;5;2013;205;200
110;24;5;2013;202;300
111;23;5;2013;201;300
112;22;5;2013;200;100
113;21;5;2013;200;300
114;20;5;2013;210;100
115;17;5;2013;205;300
116;16;5;2013;204;200
117;15;5;2013;195;800
118;14;5;2013;203;700
119;13;5;2013;200;1500
120;10;5;2013;203;100
121;9;5;2013;210;300
122;8;5;2013;205;300
123;7;5;2013;202;300
124;6;5;2013;202;300
125;3;5;2013;205;100
126;2;5;2013;205;200
127;1;5;2013;205;0
128;30;4;2013;205;300
129;29;4;2013;206;900
130;26;4;2013;198;700
131;25;4;2013;205;1600
132;24;4;2013;201;0
133;23;4;2013;201;1300
134;22;4;2013;200;900
135;19;4;2013;201;0
136;18;4;2013;201;600
137;17;4;2013;207;600
138;16;4;2013;208;300
139;15;4;2013;207;100
140;12;4;2013;206;400
141;11;4;2013;203;200
142;10;4;2013;206;100
143;9;4;2013;205;200
144;8;4;2013;203;900
145;5;4;2013;204;900
146;4;4;2013;206;300
147;3;4;2013;210;500
148;2;4;2013;208;1100
149;1;4;2013;209;700
150;29;3;2013;206;0
151;28;3;2013;206;1500
152;27;3;2013;216;0
153;26;3;2013;216;500
154;25;3;2013;220;11300
155;22;3;2013;238;1200
156;21;3;2013;298;2600
157;20;3;2013;244;22600
158;19;3;2013;250;12000
159;18;3;2013;245;21100
160;15;3;2013;245;18700
161;14;3;2013;243;11300
162;13;3;2013;236;600
163;12;3;2013;242;33700
164;11;3;2013;243;7000
165;8;3;2013;228;1200
166;7;3;2013;224;600
167;6;3;2013;227;2100
168;5;3;2013;221;800
169;4;3;2013;218;800
170;1;3;2013;210;2500
171;28;2;2013;219;3400
172;27;2;2013;228;1400
173;26;2;2013;231;1000
174;25;2;2013;233;700
175;22;2;2013;237;1800
176;21;2;2013;231;500
177;20;2;2013;237;200
178;19;2;2013;235;400
179;18;2;2013;237;100
180;15;2;2013;232;700
181;14;2;2013;234;400
182;13;2;2013;236;600
183;12;2;2013;236;700
184;11;2;2013;241;600
185;8;2;2013;235;500
186;7;2;2013;235;900
187;6;2;2013;235;1100
188;5;2;2013;233;9200
189;4;2;2013;241;9000
190;1;2;2013;239;3000
191;31;1;2013;243;14100
192;30;1;2013;255;20800
193;29;1;2013;243;2500
194;28;1;2013;246;6000
195;25;1;2013;239;1500
196;24;1;2013;242;9300
197;23;1;2013;242;20000
198;22;1;2013;245;72200
199;21;1;2013;207;2800
200;18;1;2013;207;3400
201;17;1;2013;207;1800
202;16;1;2013;205;500
203;15;1;2013;205;0
204;14;1;2013;205;100
205;11;1;2013;206;700
206;10;1;2013;208;300
207;9;1;2013;206;200
208;8;1;2013;208;0
209;7;1;2013;206;400
210;4;1;2013;209;300
211;3;1;2013;205;2300
212;2;1;2013;207;500
213;1;1;2013;205;1000
214;31;12;2012;211;1800
215;28;12;2012;205;900
216;27;12;2012;205;700
217;26;12;2012;205;700
218;25;12;2012;205;0
219;24;12;2012;205;1400
220;21;12;2012;205;1200
221;20;12;2012;211;3200
222;19;12;2012;207;1000
223;18;12;2012;207;200
224;17;12;2012;205;1500
225;14;12;2012;206;1800
226;13;12;2012;205;500
227;12;12;2012;207;0
228;11;12;2012;205;800
229;10;12;2012;206;700
230;7;12;2012;207;600
231;6;12;2012;206;500
232;5;12;2012;209;3800
233;4;12;2012;203;300
234;3;12;2012;204;600
235;30;11;2012;202;400
236;29;11;2012;200;700
237;28;11;2012;201;0
238;27;11;2012;201;2000
239;26;11;2012;203;1100
240;23;11;2012;201;600
241;22;11;2012;201;400
242;21;11;2012;199;700
243;20;11;2012;203;1500
244;19;11;2012;205;700
245;16;11;2012;207;2100
246;15;11;2012;212;2900
247;14;11;2012;196;0
248;13;11;2012;196;0
249;12;11;2012;196;800
250;9;11;2012;199;200
251;8;11;2012;199;300
252;7;11;2012;199;1300
253;6;11;2012;201;500
254;5;11;2012;200;1200
255;2;11;2012;202;900
256;1;11;2012;200;900
257;31;10;2012;200;200
258;30;10;2012;200;600
259;29;10;2012;205;400
260;26;10;2012;207;1200
261;25;10;2012;207;100
262;24;10;2012;208;0
263;23;10;2012;208;400
264;22;10;2012;209;600
265;19;10;2012;208;1400
266;18;10;2012;211;800
267;17;10;2012;210;900
268;16;10;2012;211;600
269;15;10;2012;211;600
270;12;10;2012;211;1900
271;11;10;2012;211;1700
272;10;10;2012;209;2900
273;9;10;2012;211;2300
274;8;10;2012;210;1900
275;5;10;2012;206;4400
276;4;10;2012;208;4700
277;3;10;2012;209;3700
278;2;10;2012;211;0
279;1;10;2012;211;8300
280;28;9;2012;211;12000
281;27;9;2012;204;31800
282;26;9;2012;215;200700
283;25;9;2012;269;178400
284;24;9;2012;230;100
285;21;9;2012;232;500
286;20;9;2012;235;100
287;19;9;2012;229;0
288;18;9;2012;229;5100
289;17;9;2012;227;700
290;14;9;2012;233;1100
291;13;9;2012;234;400
292;12;9;2012;230;400
293;11;9;2012;234;400
294;10;9;2012;234;800
295;7;9;2012;241;2200
296;6;9;2012;238;500
297;5;9;2012;241;800
298;4;9;2012;240;1000
299;3;9;2012;248;400
300;31;8;2012;252;100
301;30;8;2012;254;400
302;29;8;2012;251;200
303;28;8;2012;255;400
304;27;8;2012;254;400
305;24;8;2012;263;500
306;23;8;2012;264;900
307;22;8;2012;260;200
308;21;8;2012;263;400
309;20;8;2012;270;0
310;17;8;2012;270;1900
311;16;8;2012;252;600
312;15;8;2012;252;0
313;14;8;2012;252;800
314;13;8;2012;261;300
315;10;8;2012;276;4900
316;9;8;2012;251;3600
317;8;8;2012;235;400
318;7;8;2012;237;600
319;6;8;2012;245;700
320;3;8;2012;246;2700
321;2;8;2012;266;13100
322;1;8;2012;224;300
323;31;7;2012;224;200
324;30;7;2012;225;200
325;27;7;2012;223;200
326;26;7;2012;220;700
327;25;7;2012;233;600
328;24;7;2012;235;200
329;23;7;2012;227;200
330;20;7;2012;239;0
331;19;7;2012;244;0
332;18;7;2012;245;100
333;17;7;2012;241;400
334;16;7;2012;241;800
335;13;7;2012;240;1500
336;12;7;2012;234;1900
337;11;7;2012;231;300
338;10;7;2012;232;2200
339;9;7;2012;239;1100
340;6;7;2012;247;200
341;5;7;2012;246;1700
342;4;7;2012;236;600
343;3;7;2012;221;300
344;2;7;2012;225;100
345;29;6;2012;223;600
346;28;6;2012;214;0
347;27;6;2012;210;500
348;26;6;2012;215;300
349;25;6;2012;211;200
350;22;6;2012;212;800
351;21;6;2012;210;3400
352;20;6;2012;216;200
353;19;6;2012;211;300
354;18;6;2012;214;0
355;15;6;2012;217;100
356;14;6;2012;223;400
357;13;6;2012;221;100
358;12;6;2012;228;0
359;11;6;2012;226;400
360;8;6;2012;229;0
361;7;6;2012;229;400
362;6;6;2012;229;100
363;5;6;2012;223;0
364;4;6;2012;227;100
365;1;6;2012;218;300
366;31;5;2012;231;100
367;30;5;2012;228;100
368;29;5;2012;226;100
369;28;5;2012;228;100
370;25;5;2012;234;0
371;24;5;2012;232;200
372;23;5;2012;241;100
373;22;5;2012;232;200
374;21;5;2012;232;100
375;18;5;2012;242;0
376;17;5;2012;239;0
377;16;5;2012;238;100
378;15;5;2012;245;0
379;14;5;2012;242;100
380;11;5;2012;247;300
381;10;5;2012;241;0
382;9;5;2012;248;0
383;8;5;2012;250;100
384;7;5;2012;254;700
385;4;5;2012;258;1900
386;3;5;2012;255;500
387;2;5;2012;261;600
388;1;5;2012;274;0
389;30;4;2012;264;600
390;27;4;2012;272;2100
391;26;4;2012;258;400
392;25;4;2012;267;400
393;24;4;2012;269;500
394;23;4;2012;270;400
395;20;4;2012;271;176500
396;19;4;2012;280;1300
397;18;4;2012;277;800
398;17;4;2012;280;400
399;16;4;2012;275;100
400;13;4;2012;269;1400
401;12;4;2012;276;1100
402;11;4;2012;270;200
403;10;4;2012;264;600
404;9;4;2012;275;1100
405;6;4;2012;276;0
406;5;4;2012;276;0
407;4;4;2012;276;2900
408;3;4;2012;275;800
409;2;4;2012;276;7300
410;30;3;2012;275;4200
411;29;3;2012;229;0
412;28;3;2012;229;700
413;27;3;2012;238;3500
414;26;3;2012;218;3600
415;23;3;2012;220;1700
416;22;3;2012;200;200
417;21;3;2012;205;900
418;20;3;2012;209;100
419;19;3;2012;214;300
420;16;3;2012;215;1600
421;15;3;2012;207;1400
422;14;3;2012;214;200
423;13;3;2012;214;400
424;12;3;2012;214;0
425;9;3;2012;211;400
426;8;3;2012;218;0
427;7;3;2012;211;100
428;6;3;2012;211;600
429;5;3;2012;214;800
430;2;3;2012;214;1100
431;1;3;2012;218;400
432;29;2;2012;221;500
433;28;2;2012;217;800
434;27;2;2012;208;800
435;24;2;2012;214;3200
436;23;2;2012;214;0
437;22;2;2012;214;100
438;21;2;2012;218;400
439;20;2;2012;220;0
440;17;2;2012;220;600
441;16;2;2012;217;1700
442;15;2;2012;206;600
443;14;2;2012;211;3700
444;13;2;2012;214;900
445;10;2;2012;202;500
446;9;2;2012;208;200
447;8;2;2012;213;3500
448;7;2;2012;205;200
449;6;2;2012;209;1000
450;3;2;2012;206;900
451;2;2;2012;208;200
452;1;2;2012;205;1200
453;31;1;2012;193;200
454;30;1;2012;186;500
455;27;1;2012;196;800
456;26;1;2012;196;0
457;25;1;2012;196;300
458;24;1;2012;200;400
459;23;1;2012;203;0
460;20;1;2012;208;1600
461;19;1;2012;203;34400
462;18;1;2012;200;1200
463;17;1;2012;211;4100
464;16;1;2012;232;20500
465;13;1;2012;211;700
466;12;1;2012;217;400
467;11;1;2012;220;600
468;10;1;2012;213;1000
469;9;1;2012;204;800
470;6;1;2012;194;0
471;5;1;2012;187;0
472;4;1;2012;187;900
473;3;1;2012;179;200
474;2;1;2012;178;400
475;30;12;2011;183;600
476;29;12;2011;184;400
477;28;12;2011;187;800
478;27;12;2011;187;1200
479;26;12;2011;186;500
480;23;12;2011;177;100
481;22;12;2011;168;2500
482;21;12;2011;160;300
483;20;12;2011;168;400
484;19;12;2011;174;600
485;16;12;2011;183;200
486;15;12;2011;185;200
487;14;12;2011;195;0
488;13;12;2011;204;200
489;12;12;2011;198;1600
490;9;12;2011;208;500
491;8;12;2011;204;400
492;7;12;2011;201;300
493;6;12;2011;205;0
494;5;12;2011;205;100
495;2;12;2011;204;200
496;1;12;2011;194;0
497;30;11;2011;195;200
498;29;11;2011;205;0
499;28;11;2011;205;0
500;25;11;2011;205;700
501;24;11;2011;202;0
502;23;11;2011;208;300
503;22;11;2011;217;0
504;21;11;2011;224;100
505;18;11;2011;234;1000
506;17;11;2011;226;1500
507;16;11;2011;219;100
508;15;11;2011;227;400
509;14;11;2011;237;0
510;11;11;2011;248;0
511;9;11;2011;241;100
512;8;11;2011;241;300
513;4;11;2011;235;100
514;3;11;2011;239;200
515;2;11;2011;248;400
516;1;11;2011;253;13600
517;31;10;2011;254;100
518;28;10;2011;260;6400
519;25;10;2011;254;0
520;24;10;2011;261;24100
521;21;10;2011;263;300
522;20;10;2011;260;17600
523;19;10;2011;273;29200
524;18;10;2011;282;17100
525;17;10;2011;287;43200
526;14;10;2011;278;38600
527;13;10;2011;268;14100
528;12;10;2011;275;34400
529;11;10;2011;269;34500
530;10;10;2011;265;68300
531;7;10;2011;270;500
532;5;10;2011;263;1900
533;4;10;2011;261;900
534;3;10;2011;263;700
535;30;9;2011;264;35100
536;29;9;2011;261;40000
537;28;9;2011;264;2900
538;27;9;2011;257;600
539;26;9;2011;256;1200
540;23;9;2011;266;3800
541;22;9;2011;271;3000
542;21;9;2011;277;2200
543;20;9;2011;274;400
544;19;9;2011;275;800
545;16;9;2011;279;3600
546;15;9;2011;273;700
547;14;9;2011;276;1400
548;13;9;2011;273;1100
549;12;9;2011;276;2000
550;9;9;2011;280;3500
551;8;9;2011;267;1700
552;7;9;2011;265;2400
553;6;9;2011;264;6200
554;5;9;2011;263;7000
555;2;9;2011;273;21900
556;30;8;2011;260;16100
557;29;8;2011;248;38800
558;26;8;2011;236;100
559;25;8;2011;248;0
560;24;8;2011;262;0
561;23;8;2011;275;0
562;22;8;2011;290;0
563;19;8;2011;305;300
564;18;8;2011;321;0
565;17;8;2011;338;9700
566;16;8;2011;356;80100
567;12;8;2011;375;10800
568;11;8;2011;394;43100
569;10;8;2011;391;88000
570;9;8;2011;373;94900
571;8;8;2011;356;128100
572;5;8;2011;324;113200
573;4;8;2011;301;66700
574;3;8;2011;274;147300
575;2;8;2011;261;1259900
576;1;8;2011;218;150800
577;29;7;2011;181;4000
578;28;7;2011;182;0
579;27;7;2011;181;2300
580;26;7;2011;182;1900
581;25;7;2011;182;300
582;22;7;2011;180;600
583;21;7;2011;182;700
584;20;7;2011;186;2700
585;19;7;2011;185;1400
586;18;7;2011;182;2700
587;15;7;2011;184;700
588;14;7;2011;185;3400
589;13;7;2011;185;1400
590;12;7;2011;187;1100
591;11;7;2011;187;2800
592;8;7;2011;186;3400
593;7;7;2011;187;4600
594;6;7;2011;188;22100
595;5;7;2011;188;65400
596;4;7;2011;214;64900
597;1;7;2011;178;5400
598;30;6;2011;179;1800
599;29;6;2011;177;1400
600;28;6;2011;179;1400
601;27;6;2011;177;3900
602;24;6;2011;176;6000
603;23;6;2011;176;2100
604;22;6;2011;176;1200
605;21;6;2011;177;4200
606;20;6;2011;183;2900
607;17;6;2011;184;6800
608;16;6;2011;192;7600
609;15;6;2011;199;5900
610;14;6;2011;201;3700
611;13;6;2011;206;2000
612;10;6;2011;208;1300
613;9;6;2011;214;800
614;8;6;2011;212;1700
615;7;6;2011;216;17000
616;6;6;2011;198;1400
617;3;6;2011;199;1700
618;2;6;2011;198;2000
619;1;6;2011;205;6100
620;31;5;2011;206;9400
621;30;5;2011;217;4300
622;27;5;2011;213;600
623;26;5;2011;213;3200
624;25;5;2011;215;1400
625;24;5;2011;216;5000
626;23;5;2011;216;1600
627;20;5;2011;219;6500
628;19;5;2011;220;20500
629;18;5;2011;220;5700
630;17;5;2011;219;4500
631;16;5;2011;220;32000
632;13;5;2011;216;9300
633;12;5;2011;216;5600
634;11;5;2011;219;176900
635;10;5;2011;197;307900
636;9;5;2011;210;2900
637;6;5;2011;212;42800
638;5;5;2011;212;77900
639;4;5;2011;190;11900
640;3;5;2011;192;8200
641;2;5;2011;191;13900
642;29;4;2011;193;53600
643;28;4;2011;175;53700
644;27;4;2011;175;40900
645;26;4;2011;176;10100
646;25;4;2011;172;8000
647;21;4;2011;176;94300
648;20;4;2011;158;6000
649;19;4;2011;157;1500
650;18;4;2011;153;8500
651;15;4;2011;158;46400
652;13;4;2011;149;7000
653;11;4;2011;146;3100
654;8;4;2011;150;1300
655;7;4;2011;149;31400
656;6;4;2011;152;27500
657;5;4;2011;149;2300
658;4;4;2011;148;700
659;1;4;2011;149;2000
660;31;3;2011;148;100100
661;30;3;2011;145;2400
662;29;3;2011;145;3000
663;28;3;2011;149;11300
664;25;3;2011;152;400
665;24;3;2011;152;11200
666;23;3;2011;147;3200
667;22;3;2011;148;4900
668;21;3;2011;150;3700
669;18;3;2011;152;9600
670;17;3;2011;149;4900
671;16;3;2011;148;1600
672;15;3;2011;152;71300
673;14;3;2011;153;8100
674;11;3;2011;149;22300
675;10;3;2011;140;12800
676;9;3;2011;138;10200
677;8;3;2011;135;3000
678;7;3;2011;135;3400
679;4;3;2011;136;6600
680;3;3;2011;136;2500
681;1;3;2011;133;4600
682;28;2;2011;133;1600
683;25;2;2011;135;6800
684;24;2;2011;130;4700
685;23;2;2011;129;1000
686;22;2;2011;133;2600
687;21;2;2011;134;6500
688;18;2;2011;132;10500
689;17;2;2011;132;7300
690;16;2;2011;135;7600
691;15;2;2011;127;3000
692;14;2;2011;130;6000
693;11;2;2011;132;32000
694;10;2;2011;122;8400
695;9;2;2011;122;23100
696;8;2;2011;123;8600
697;7;2;2011;123;1100
698;4;2;2011;125;21500
699;3;2;2011;122;4600
700;2;2;2011;118;4200
701;1;2;2011;116;27100
702;31;1;2011;116;9300
703;28;1;2011;117;12200
704;27;1;2011;118;500
705;26;1;2011;120;0
706;25;1;2011;120;26300
707;24;1;2011;120;28800
708;21;1;2011;121;28900
709;20;1;2011;121;23500
710;19;1;2011;118;26600
711;18;1;2011;117;10400
712;17;1;2011;117;19800
713;14;1;2011;117;10600
714;13;1;2011;113;20000
715;12;1;2011;111;5600
716;11;1;2011;109;19700
717;10;1;2011;109;16900
718;7;1;2011;118;16800
719;6;1;2011;117;5200
720;5;1;2011;117;3000
721;4;1;2011;116;300
722;3;1;2011;117;500
723;31;12;2010;119;900
724;30;12;2010;118;800
725;29;12;2010;120;2900
726;28;12;2010;123;15300
727;27;12;2010;119;9500
728;24;12;2010;115;2800
729;23;12;2010;116;13100
730;22;12;2010;111;1900
731;21;12;2010;112;6500
732;20;12;2010;111;1200
733;17;12;2010;112;0
734;16;12;2010;112;2500
735;15;12;2010;111;2500
736;14;12;2010;111;3200
737;13;12;2010;113;2900
738;10;12;2010;112;17600
739;9;12;2010;105;11100
740;8;12;2010;110;21500
741;7;12;2010;106;3200
742;6;12;2010;110;3400
743;3;12;2010;114;20300
744;2;12;2010;111;200
745;1;12;2010;112;2500
746;30;11;2010;108;3000
747;29;11;2010;111;5300
748;26;11;2010;110;33100
749;25;11;2010;109;8100
750;24;11;2010;110;2400
751;23;11;2010;110;2000
752;22;11;2010;112;7600
753;19;11;2010;110;6800
754;18;11;2010;114;21400
755;17;11;2010;111;0
756;16;11;2010;111;19500
757;15;11;2010;115;4300
758;12;11;2010;116;25600
759;11;11;2010;113;8700
760;10;11;2010;114;6500
761;9;11;2010;114;26400
762;8;11;2010;115;5400
763;5;11;2010;116;3000
764;4;11;2010;114;14100
765;3;11;2010;113;63400
766;2;11;2010;114;84000
767;1;11;2010;114;82200
768;29;10;2010;114;31900
769;28;10;2010;112;9400
770;27;10;2010;112;8500
771;26;10;2010;111;11500
772;25;10;2010;112;18700
773;22;10;2010;114;12000
774;21;10;2010;113;23200
775;20;10;2010;111;21800
776;19;10;2010;108;11900
777;18;10;2010;104;3500
778;15;10;2010;105;9800
779;14;10;2010;101;5800
780;13;10;2010;105;6400
781;12;10;2010;104;4100
782;11;10;2010;108;1300
783;8;10;2010;108;8100
784;7;10;2010;109;316900
785;6;10;2010;116;166100
786;5;10;2010;97;13700
787;4;10;2010;95;12400
788;1;10;2010;95;23900
789;30;9;2010;94;16800
790;29;9;2010;94;6700
791;28;9;2010;95;35000
792;27;9;2010;95;11400
793;24;9;2010;94;33300
794;23;9;2010;96;3000
795;22;9;2010;96;19600
796;21;9;2010;96;2500
797;20;9;2010;98;3600
798;17;9;2010;98;9600
799;16;9;2010;99;18500
800;15;9;2010;97;5200
801;14;9;2010;99;29200
802;13;9;2010;101;31400
803;10;9;2010;98;0
804;9;9;2010;98;32500
805;8;9;2010;99;21000
806;7;9;2010;99;36700
807;6;9;2010;94;8800
808;3;9;2010;91;4800
809;2;9;2010;90;13800
810;1;9;2010;89;6600
811;31;8;2010;88;3700
812;30;8;2010;90;8500
813;27;8;2010;90;7500
814;26;8;2010;92;6300
815;25;8;2010;92;5200
816;24;8;2010;93;5700
817;23;8;2010;93;3300
818;20;8;2010;93;2100
819;19;8;2010;93;1700
820;18;8;2010;93;4800
821;17;8;2010;94;8500
822;16;8;2010;92;4700
823;13;8;2010;94;4100
824;12;8;2010;94;4400
825;11;8;2010;94;4500
826;10;8;2010;94;6600
827;9;8;2010;95;3000
828;6;8;2010;93;11000
829;5;8;2010;93;9400
830;4;8;2010;90;4400
831;3;8;2010;90;5800
832;2;8;2010;89;8400
833;30;7;2010;88;4100
834;29;7;2010;89;1100
835;28;7;2010;89;7100
836;27;7;2010;88;9000
837;26;7;2010;90;4500
838;23;7;2010;91;13200
839;22;7;2010;94;3100
840;21;7;2010;95;3600
841;20;7;2010;96;6200
842;19;7;2010;98;14600
843;16;7;2010;97;17500
844;15;7;2010;95;6000
845;14;7;2010;94;2700
846;13;7;2010;94;1500
847;12;7;2010;95;1700
848;9;7;2010;94;2100
849;8;7;2010;96;2300
850;7;7;2010;96;15400
851;6;7;2010;95;1700
852;5;7;2010;95;2100
853;2;7;2010;96;7200
854;1;7;2010;97;16500
855;30;6;2010;95;3200
856;29;6;2010;93;7800
857;28;6;2010;96;18300
858;25;6;2010;94;7700
859;24;6;2010;95;22200
860;23;6;2010;96;36600
861;22;6;2010;94;131400
862;21;6;2010;89;16600
863;18;6;2010;89;3400
864;17;6;2010;89;800
865;16;6;2010;89;1500
866;15;6;2010;90;3800
867;14;6;2010;90;5400
868;11;6;2010;90;2900
869;10;6;2010;90;2600
870;9;6;2010;88;1900
871;8;6;2010;89;6300
872;7;6;2010;89;14800
873;4;6;2010;89;3100
874;3;6;2010;89;1400
875;2;6;2010;89;900
876;1;6;2010;90;4100
877;31;5;2010;90;2900
878;28;5;2010;92;13600
879;27;5;2010;94;3900
880;26;5;2010;90;3800
881;25;5;2010;88;4000
882;24;5;2010;90;7800
883;21;5;2010;91;7300
884;20;5;2010;95;5600
885;19;5;2010;99;4200
886;18;5;2010;100;4800
887;17;5;2010;101;7400
888;14;5;2010;101;4900
889;13;5;2010;103;8100
890;12;5;2010;105;14500
891;11;5;2010;106;9900
892;10;5;2010;108;18900
893;7;5;2010;104;17100
894;6;5;2010;110;45100
895;5;5;2010;105;8800
896;4;5;2010;106;12100
897;3;5;2010;109;8400
898;30;4;2010;113;4800
899;29;4;2010;113;14100
900;28;4;2010;114;46500
901;27;4;2010;124;142600
902;26;4;2010;123;131300
903;23;4;2010;107;25000
904;22;4;2010;103;16100
905;21;4;2010;101;10000
906;20;4;2010;100;2800
907;19;4;2010;100;11100
908;16;4;2010;102;6300
909;15;4;2010;101;8300
910;14;4;2010;102;0
911;13;4;2010;102;19900
912;12;4;2010;100;35000
913;9;4;2010;94;25000
914;8;4;2010;93;11500
915;7;4;2010;94;10300
916;6;4;2010;94;6700
917;5;4;2010;94;11100
918;2;4;2010;93;0
919;1;4;2010;93;2400
920;31;3;2010;94;11000
921;30;3;2010;94;4000
922;29;3;2010;93;21700
923;26;3;2010;92;18000
924;25;3;2010;95;34500
925;24;3;2010;91;0
926;23;3;2010;91;7900
927;22;3;2010;92;5200
928;19;3;2010;93;15500
929;18;3;2010;93;4100
930;17;3;2010;92;5300
931;16;3;2010;95;9600
932;15;3;2010;92;11800
933;12;3;2010;95;15200
934;11;3;2010;96;10500
935;10;3;2010;99;18800
936;9;3;2010;99;9200
937;8;3;2010;99;13700
938;5;3;2010;99;9200
939;4;3;2010;97;7800
940;3;3;2010;96;20400
941;2;3;2010;93;4200
942;1;3;2010;89;0
943;26;2;2010;90;10500
944;25;2;2010;89;6000
945;24;2;2010;91;8000
946;23;2;2010;90;3900
947;22;2;2010;94;5500
948;19;2;2010;95;5600
949;18;2;2010;98;8100
950;17;2;2010;98;4600
951;16;2;2010;99;14400
952;15;2;2010;98;35000
953;12;2;2010;96;0
954;11;2;2010;96;9600
955;10;2;2010;96;3700
956;9;2;2010;98;8000
957;8;2;2010;96;20800
958;5;2;2010;97;8900
959;4;2;2010;101;6900
960;3;2;2010;102;11700
961;2;2;2010;102;17100
962;1;2;2010;105;23600
963;29;1;2010;99;15900
964;28;1;2010;101;11000
965;27;1;2010;101;40200
966;26;1;2010;105;0
967;25;1;2010;105;30600
968;22;1;2010;110;69800
969;21;1;2010;121;10000
970;20;1;2010;126;6100
971;19;1;2010;130;23800
972;18;1;2010;131;48700
973;15;1;2010;128;7900
974;14;1;2010;132;19700
975;13;1;2010;133;25300
976;12;1;2010;128;20700
977;11;1;2010;135;17600
978;8;1;2010;136;17000
979;7;1;2010;139;71400
980;6;1;2010;141;59100
981;5;1;2010;136;60800
982;4;1;2010;130;9300
983;31;12;2009;128;17000
984;30;12;2009;129;14200
985;24;12;2009;128;13700
986;23;12;2009;131;17500
987;22;12;2009;128;5100
988;21;12;2009;126;4400
989;18;12;2009;127;29200
990;17;12;2009;125;9000
991;16;12;2009;125;27500
992;15;12;2009;121;12200
993;14;12;2009;122;12000
994;11;12;2009;122;23600
995;10;12;2009;126;20000
996;9;12;2009;130;16800
997;8;12;2009;131;13700
998;7;12;2009;131;22200
999;4;12;2009;136;36800
1000;3;12;2009;135;52500
1001;2;12;2009;138;61800
1002;1;12;2009;142;374500
1003;30;11;2009;137;242200
1004;27;11;2009;129;199400
1005;26;11;2009;117;101100
1006;25;11;2009;115;46400
1007;24;11;2009;109;22200
1008;23;11;2009;108;22100
1009;20;11;2009;100;4700
1010;19;11;2009;101;9800
1011;18;11;2009;99;2800
1012;17;11;2009;100;2300
1013;16;11;2009;102;9000
1014;13;11;2009;100;21900
1015;12;11;2009;100;6200
1016;11;11;2009;99;2700
1017;10;11;2009;102;16800
1018;9;11;2009;105;16800
1019;6;11;2009;105;6800
1020;5;11;2009;98;2300
1021;4;11;2009;95;6100
1022;3;11;2009;94;3400
1023;2;11;2009;100;0
1024;30;10;2009;100;12400
1025;29;10;2009;99;9500
1026;28;10;2009;98;17600
1027;27;10;2009;98;4500
1028;26;10;2009;101;3400
1029;23;10;2009;103;2000
1030;22;10;2009;103;13700
1031;21;10;2009;104;3900
1032;20;10;2009;104;3200
1033;19;10;2009;104;0
1034;16;10;2009;104;9500
1035;15;10;2009;103;2700
1036;14;10;2009;102;28200
1037;13;10;2009;104;0
1038;12;10;2009;104;9300
1039;9;10;2009;105;14200
1040;8;10;2009;109;11300
1041;7;10;2009;106;8800
1042;6;10;2009;105;25500
1043;5;10;2009;103;6100
1044;2;10;2009;107;0
1045;1;10;2009;107;8500
1046;30;9;2009;109;16600
1047;29;9;2009;111;11500
1048;28;9;2009;115;0
1049;25;9;2009;115;48600
1050;24;9;2009;112;66400
1051;23;9;2009;114;100300
1052;22;9;2009;113;21000
1053;21;9;2009;109;0
1054;18;9;2009;109;6200
1055;17;9;2009;110;29700
1056;16;9;2009;108;5200
1057;15;9;2009;111;13700
1058;14;9;2009;114;31400
1059;11;9;2009;112;65900
1060;10;9;2009;108;121500
1061;9;9;2009;106;98200
1062;8;9;2009;99;10200
1063;7;9;2009;102;9000
1064;4;9;2009;104;32900
1065;3;9;2009;103;28900
1066;2;9;2009;102;16300
1067;1;9;2009;102;43800
1068;31;8;2009;98;17800
1069;28;8;2009;99;13700
1070;27;8;2009;102;47600
1071;26;8;2009;100;77800
1072;25;8;2009;99;35300
1073;24;8;2009;98;156200
1074;21;8;2009;98;174900
1075;20;8;2009;84;24100
1076;19;8;2009;88;24800
1077;18;8;2009;93;17000
1078;17;8;2009;92;58700
1079;14;8;2009;96;83400
1080;13;8;2009;92;78800
1081;12;8;2009;93;79000
1082;11;8;2009;86;10800
1083;10;8;2009;82;6900
1084;7;8;2009;84;5600
1085;6;8;2009;85;32900
1086;5;8;2009;87;31600
1087;4;8;2009;81;6200
1088;3;8;2009;87;26100
1089;31;7;2009;82;15400
1090;30;7;2009;87;53300
1091;29;7;2009;80;21400
1092;28;7;2009;77;1300
1093;27;7;2009;78;23100
1094;24;7;2009;76;9600
1095;23;7;2009;73;2000
1096;22;7;2009;73;9100
1097;21;7;2009;72;2800
1098;20;7;2009;73;3900
1099;17;7;2009;74;5100
1100;16;7;2009;73;3500
1101;15;7;2009;75;16600
1102;14;7;2009;73;8300
1103;13;7;2009;68;9500
1104;10;7;2009;72;8300
1105;9;7;2009;73;23100
1106;8;7;2009;73;24800
1107;7;7;2009;74;19700
1108;6;7;2009;70;4700
1109;3;7;2009;74;6900
1110;2;7;2009;74;13200
1111;1;7;2009;77;13000
1112;30;6;2009;76;7900
1113;29;6;2009;78;12400
1114;26;6;2009;80;25800
1115;25;6;2009;80;27700
1116;24;6;2009;84;32100
1117;23;6;2009;87;29900
1118;22;6;2009;86;44200
1119;19;6;2009;83;22200
1120;18;6;2009;83;18300
1121;17;6;2009;85;127100
1122;16;6;2009;81;10800
1123;15;6;2009;80;21000
1124;12;6;2009;81;25600
1125;11;6;2009;75;9300
1126;10;6;2009;77;7600
1127;9;6;2009;81;14100
1128;8;6;2009;76;12200
1129;5;6;2009;85;48200
1130;4;6;2009;83;15900
1131;3;6;2009;81;29400
1132;2;6;2009;79;17500
1133;1;6;2009;77;19200
1134;29;5;2009;73;12600
1135;28;5;2009;72;10600
1136;27;5;2009;74;10200
1137;26;5;2009;75;29100
1138;25;5;2009;76;14800
1139;22;5;2009;76;18100
1140;21;5;2009;79;70600
1141;20;5;2009;75;37000
1142;19;5;2009;72;38100
1143;18;5;2009;70;0
1144;15;5;2009;70;60800
1145;14;5;2009;67;17300
1146;13;5;2009;67;30200
1147;12;5;2009;69;88000
1148;11;5;2009;69;32800
1149;8;5;2009;71;107200
1150;7;5;2009;63;24900
1151;6;5;2009;61;31200
1152;5;5;2009;65;62400
1153;4;5;2009;59;30800
1154;1;5;2009;57;0
1155;30;4;2009;57;0
1156;29;4;2009;57;24300
1157;28;4;2009;53;6800
1158;27;4;2009;56;17500
1159;24;4;2009;55;11100
1160;23;4;2009;54;15200
1161;22;4;2009;51;14200
1162;21;4;2009;52;300
1163;20;4;2009;51;1500
1164;17;4;2009;52;4000
1165;16;4;2009;50;7600
1166;15;4;2009;54;7800
1167;14;4;2009;54;0
1168;13;4;2009;54;20500
1169;10;4;2009;55;0
1170;9;4;2009;55;30200
1171;8;4;2009;51;21500
1172;7;4;2009;48;0
1173;6;4;2009;48;4200
1174;3;4;2009;46;0
1175;2;4;2009;46;2100
1176;1;4;2009;47;17700
1177;31;3;2009;46;25300
1178;30;3;2009;42;0
1179;27;3;2009;42;500
1180;26;3;2009;41;1000
1181;25;3;2009;43;1300
1182;24;3;2009;43;2400
1183;23;3;2009;44;5200
1184;20;3;2009;42;4700
1185;19;3;2009;40;800
1186;18;3;2009;40;800
1187;17;3;2009;40;1000
1188;16;3;2009;40;800
1189;13;3;2009;40;2700
1190;12;3;2009;38;200
1191;11;3;2009;41;0
1192;10;3;2009;41;0
1193;9;3;2009;41;500
1194;6;3;2009;40;4000
1195;5;3;2009;41;700
1196;4;3;2009;42;400
1197;3;3;2009;40;2100
1198;2;3;2009;40;2200
1199;27;2;2009;43;3800
1200;26;2;2009;41;1300
1201;25;2;2009;39;900
1202;24;2;2009;39;1100
1203;23;2;2009;39;0
1204;20;2;2009;39;5300
1205;19;2;2009;39;900
1206;18;2;2009;40;1300
1207;17;2;2009;41;200
1208;16;2;2009;41;700
1209;13;2;2009;42;2600
1210;12;2;2009;41;2300
1211;11;2;2009;41;0
1212;10;2;2009;40;200
1213;9;2;2009;41;900
1214;6;2;2009;40;600
1215;5;2;2009;39;1300
1216;4;2;2009;41;600
1217;3;2;2009;40;600
1218;2;2;2009;41;1800
1219;30;1;2009;42;3200
1220;29;1;2009;40;0
1221;28;1;2009;41;0
1222;27;1;2009;41;200
1223;26;1;2009;41;0
1224;23;1;2009;41;200
1225;22;1;2009;39;1300
1226;21;1;2009;42;1300
1227;20;1;2009;42;1200
1228;19;1;2009;43;2000
1229;16;1;2009;42;6800
1230;15;1;2009;42;2000
1231;14;1;2009;42;3900
1232;13;1;2009;42;6800
1233;12;1;2009;41;2700
1234;9;1;2009;41;3000
1235;8;1;2009;42;0
1236;7;1;2009;42;13900
1237;6;1;2009;41;4200
1238;5;1;2009;40;3200
1239;2;1;2009;38;2500
1240;1;1;2009;40;1700
1241;31;12;2008;38;3200
1242;30;12;2008;37;1100
1243;29;12;2008;36;1000
1244;26;12;2008;36;2500
1245;25;12;2008;36;0
1246;24;12;2008;36;300
1247;23;12;2008;38;400
1248;22;12;2008;36;1300
1249;19;12;2008;37;2200
1250;18;12;2008;37;3300
1251;17;12;2008;38;2600
1252;16;12;2008;38;2400
1253;15;12;2008;38;2600
1254;12;12;2008;37;500
1255;11;12;2008;36;4300
1256;10;12;2008;36;1000
1257;9;12;2008;36;0
1258;8;12;2008;36;700
1259;5;12;2008;36;3200
1260;4;12;2008;35;200
1261;3;12;2008;35;0
1262;2;12;2008;35;1700
1263;1;12;2008;35;4000
1264;28;11;2008;35;100
1265;27;11;2008;35;0
1266;26;11;2008;35;2300
1267;25;11;2008;35;2600
1268;24;11;2008;35;6200
1269;21;11;2008;35;1500
1270;20;11;2008;34;2200
1271;19;11;2008;35;2100
1272;18;11;2008;35;2400
1273;17;11;2008;35;12400
1274;14;11;2008;35;5200
1275;13;11;2008;37;0
1276;12;11;2008;37;400
1277;11;11;2008;35;6700
1278;10;11;2008;36;16400
1279;7;11;2008;37;1500
1280;6;11;2008;34;3200
1281;5;11;2008;35;15000
1282;4;11;2008;37;500
1283;3;11;2008;35;6200
1284;31;10;2008;34;4300
1285;30;10;2008;33;0
1286;29;10;2008;33;800
1287;28;10;2008;32;900
1288;27;10;2008;31;18000
1289;24;10;2008;33;9100
1290;23;10;2008;34;9600
1291;22;10;2008;37;900
1292;21;10;2008;36;900
1293;20;10;2008;37;6800
1294;17;10;2008;36;20800
1295;16;10;2008;36;10300
1296;15;10;2008;37;10100
1297;14;10;2008;37;8800
1298;13;10;2008;36;12000
1299;10;10;2008;35;600
1300;9;10;2008;39;0
1301;8;10;2008;39;3700
1302;7;10;2008;39;900
1303;6;10;2008;39;300
1304;3;10;2008;41;6900
1305;2;10;2008;41;0
1306;1;10;2008;41;6100
1307;30;9;2008;42;900
1308;29;9;2008;42;5100
1309;26;9;2008;43;4700
1310;25;9;2008;46;2900
1311;24;9;2008;45;12000
1312;23;9;2008;44;9200
1313;22;9;2008;42;2000
1314;19;9;2008;42;8600
1315;18;9;2008;41;6700
1316;17;9;2008;43;4600
1317;16;9;2008;43;1800
1318;15;9;2008;45;1300
1319;12;9;2008;47;400
1320;11;9;2008;46;700
1321;10;9;2008;45;14600
1322;9;9;2008;46;6800
1323;8;9;2008;46;5000
1324;5;9;2008;47;2600
1325;4;9;2008;47;6100
1326;3;9;2008;48;0
1327;2;9;2008;48;4600
1328;1;9;2008;47;7700
1329;29;8;2008;47;800
1330;28;8;2008;46;1200
1331;27;8;2008;48;500
1332;26;8;2008;47;200
1333;25;8;2008;49;500
1334;22;8;2008;49;2000
1335;21;8;2008;48;3500
1336;20;8;2008;48;8200
1337;19;8;2008;48;9300
1338;18;8;2008;48;5000
1339;15;8;2008;48;0
1340;14;8;2008;48;2700
1341;13;8;2008;49;2800
1342;12;8;2008;50;3500
1343;11;8;2008;49;23800
1344;8;8;2008;50;16600
1345;7;8;2008;49;11900
1346;6;8;2008;51;21700
1347;5;8;2008;51;87700
1348;4;8;2008;48;24400
1349;1;8;2008;46;12700
1350;31;7;2008;45;19500
1351;30;7;2008;43;6400
1352;29;7;2008;43;3500
1353;28;7;2008;44;43400
1354;25;7;2008;41;3400
1355;24;7;2008;41;8600
1356;23;7;2008;39;5000
1357;22;7;2008;38;2000
1358;21;7;2008;36;1600
1359;18;7;2008;37;300
1360;17;7;2008;37;1100
1361;16;7;2008;37;600
1362;15;7;2008;38;100
1363;14;7;2008;38;1200
1364;11;7;2008;38;400
1365;10;7;2008;40;2300
1366;9;7;2008;38;2800
1367;8;7;2008;37;3300
1368;7;7;2008;38;2700
1369;4;7;2008;37;1900
1370;3;7;2008;37;4600
1371;2;7;2008;38;3300
1372;1;7;2008;39;2700
1373;30;6;2008;38;800
1374;27;6;2008;39;300
1375;26;6;2008;40;700
1376;25;6;2008;41;4300
1377;24;6;2008;38;5600
1378;23;6;2008;39;2000
1379;20;6;2008;40;3300
1380;19;6;2008;42;2200
1381;18;6;2008;43;2000
1382;17;6;2008;42;800
1383;16;6;2008;43;6700
1384;13;6;2008;42;6800
1385;12;6;2008;42;1300
1386;11;6;2008;41;2800
1387;10;6;2008;40;4900
1388;9;6;2008;40;8700
1389;6;6;2008;42;6500
1390;5;6;2008;44;1700
1391;4;6;2008;43;3900
1392;3;6;2008;47;5300
1393;2;6;2008;46;16800
1394;30;5;2008;48;14600
1395;29;5;2008;47;6200
1396;28;5;2008;48;9900
1397;27;5;2008;48;18200
1398;26;5;2008;48;9100
1399;23;5;2008;49;16700
1400;22;5;2008;52;57500
1401;21;5;2008;54;145900
1402;20;5;2008;49;5300
1403;19;5;2008;50;0
1404;16;5;2008;50;52200
1405;15;5;2008;47;2200
1406;14;5;2008;48;3500
1407;13;5;2008;47;3200
1408;12;5;2008;45;2100
1409;9;5;2008;46;25100
1410;8;5;2008;47;3300
1411;7;5;2008;48;6700
1412;6;5;2008;48;19500
1413;5;5;2008;48;6700
1414;2;5;2008;48;4400
1415;1;5;2008;48;0
1416;30;4;2008;48;8800
1417;29;4;2008;47;6400
1418;28;4;2008;48;10400
1419;25;4;2008;47;2400
1420;24;4;2008;48;15400
1421;23;4;2008;48;61200
1422;22;4;2008;48;15700
1423;21;4;2008;45;31700
1424;18;4;2008;46;0
1425;17;4;2008;46;32000
1426;16;4;2008;42;18300
1427;15;4;2008;42;1500
1428;14;4;2008;43;0
1429;11;4;2008;43;1500
1430;10;4;2008;43;2300
1431;9;4;2008;44;34400
1432;8;4;2008;42;16500
1433;7;4;2008;40;2300
1434;4;4;2008;39;18700
1435;3;4;2008;39;1700
1436;2;4;2008;39;14600
1437;1;4;2008;39;300
1438;31;3;2008;37;10600
1439;28;3;2008;41;3200
1440;27;3;2008;37;12800
1441;26;3;2008;37;3500
1442;25;3;2008;36;51000
1443;24;3;2008;35;12900
1444;21;3;2008;37;0
1445;20;3;2008;37;0
1446;19;3;2008;37;10300
1447;18;3;2008;41;7100
1448;17;3;2008;41;7200
1449;14;3;2008;44;37400
1450;13;3;2008;43;4600
1451;12;3;2008;42;1400
1452;11;3;2008;46;3600
1453;10;3;2008;44;4900
1454;7;3;2008;42;4200
1455;6;3;2008;44;0
1456;5;3;2008;44;36200
1457;4;3;2008;42;900
1458;3;3;2008;45;1600
1459;29;2;2008;44;7000
1460;28;2;2008;46;2000
1461;27;2;2008;46;11900
1462;26;2;2008;44;10500
1463;25;2;2008;42;1900
1464;22;2;2008;44;100
1465;21;2;2008;44;2400
1466;20;2;2008;44;800
1467;19;2;2008;44;3900
1468;18;2;2008;45;2300
1469;15;2;2008;43;4800
1470;14;2;2008;41;3600
1471;13;2;2008;40;1300
1472;12;2;2008;41;3000
1473;11;2;2008;42;4500
1474;8;2;2008;42;1800
1475;7;2;2008;43;5200
1476;6;2;2008;46;2300
1477;5;2;2008;47;500
1478;4;2;2008;46;1200
1479;1;2;2008;44;7400
1480;31;1;2008;43;2300
1481;30;1;2008;45;4900
1482;29;1;2008;45;4300
1483;28;1;2008;44;1200
1484;25;1;2008;45;5800
1485;24;1;2008;44;3300
1486;23;1;2008;49;5800
1487;22;1;2008;49;700
1488;21;1;2008;51;2200
1489;18;1;2008;53;5700
1490;17;1;2008;55;6300
1491;16;1;2008;55;5600
1492;15;1;2008;56;3600
1493;14;1;2008;57;8400
1494;11;1;2008;54;3500
1495;10;1;2008;56;19700
1496;9;1;2008;58;17600
1497;8;1;2008;59;24700
1498;7;1;2008;67;13700
1499;4;1;2008;66;21000
1500;3;1;2008;69;90900
1501;2;1;2008;68;71300
1502;1;1;2008;67;89900
1503;31;12;2007;68;41100
1504;28;12;2007;69;100600
1505;27;12;2007;63;163800
1506;26;12;2007;59;152400
1507;25;12;2007;53;0
1508;24;12;2007;53;13000
1509;21;12;2007;51;0
1510;20;12;2007;51;3700
1511;19;12;2007;53;15300
1512;18;12;2007;52;10200
1513;17;12;2007;53;126600
1514;14;12;2007;54;25600
1515;13;12;2007;53;55900
1516;12;12;2007;55;65200
1517;11;12;2007;51;82600
1518;10;12;2007;50;12000
1519;7;12;2007;48;22700
1520;6;12;2007;50;47600
1521;5;12;2007;47;20700
1522;4;12;2007;47;13900
1523;3;12;2007;47;5700
1524;30;11;2007;45;3900
1525;29;11;2007;45;2000
1526;28;11;2007;45;5100
1527;27;11;2007;47;6100
1528;26;11;2007;45;6400
1529;23;11;2007;46;8500
1530;22;11;2007;44;7400
1531;21;11;2007;45;7100
1532;20;11;2007;48;11300
1533;19;11;2007;50;65400
1534;16;11;2007;50;158900
1535;15;11;2007;45;12700
1536;14;11;2007;44;5600
1537;13;11;2007;44;6100
1538;12;11;2007;43;3700
1539;9;11;2007;41;800
1540;8;11;2007;41;2000
1541;7;11;2007;43;48900
1542;6;11;2007;43;17300
1543;5;11;2007;45;37200
1544;2;11;2007;43;37500
1545;1;11;2007;41;4400
1546;31;10;2007;41;47600
1547;30;10;2007;40;7600
1548;29;10;2007;40;11300
1549;26;10;2007;41;7100
1550;25;10;2007;39;3700
1551;24;10;2007;40;5200
1552;23;10;2007;40;2700
1553;22;10;2007;39;1500
1554;19;10;2007;40;2500
1555;18;10;2007;40;4400
1556;17;10;2007;41;2000
1557;16;10;2007;41;5100
1558;15;10;2007;42;25600
1559;12;10;2007;41;2300
1560;11;10;2007;42;14900
1561;10;10;2007;42;36300
1562;9;10;2007;41;3000
1563;8;10;2007;41;8100
1564;5;10;2007;43;1000
1565;4;10;2007;43;4000
1566;3;10;2007;43;4000
1567;2;10;2007;44;0
1568;1;10;2007;44;14400
1569;28;9;2007;43;6600
1570;27;9;2007;42;9000
1571;26;9;2007;43;37500
1572;25;9;2007;44;6900
1573;24;9;2007;45;13000
1574;21;9;2007;44;45700
1575;20;9;2007;43;13700
1576;19;9;2007;43;18300
1577;18;9;2007;43;2000
1578;17;9;2007;42;18100
1579;14;9;2007;43;8100
1580;13;9;2007;44;3400
1581;12;9;2007;44;4700
1582;11;9;2007;43;4500
1583;10;9;2007;45;7900
1584;7;9;2007;45;75800
1585;6;9;2007;43;33600
1586;5;9;2007;42;17500
1587;4;9;2007;40;14100
1588;3;9;2007;41;63400
1589;31;8;2007;38;16400
1590;30;8;2007;38;600
1591;29;8;2007;37;600
1592;28;8;2007;37;7600
1593;27;8;2007;37;500
1594;24;8;2007;36;19500
1595;23;8;2007;36;5600
1596;22;8;2007;37;600
1597;21;8;2007;37;7100
1598;20;8;2007;38;10300
1599;17;8;2007;37;8800
1600;16;8;2007;38;5200
1601;15;8;2007;39;0
1602;14;8;2007;40;9000
1603;13;8;2007;39;1500
1604;10;8;2007;39;4900
1605;9;8;2007;39;6800
1606;8;8;2007;40;25800
1607;7;8;2007;40;34600
1608;6;8;2007;40;6800
1609;3;8;2007;38;2500
1610;2;8;2007;39;6800
1611;1;8;2007;39;3400
1612;31;7;2007;40;1700
1613;30;7;2007;39;7300
1614;27;7;2007;40;5400
1615;26;7;2007;40;3000
1616;25;7;2007;40;300
1617;24;7;2007;41;1700
1618;23;7;2007;41;3900
1619;20;7;2007;41;5400
1620;19;7;2007;41;6100
1621;18;7;2007;39;86700
1622;17;7;2007;42;10500
1623;16;7;2007;42;13600
1624;13;7;2007;42;6100
1625;12;7;2007;43;3000
1626;11;7;2007;43;4900
1627;10;7;2007;44;2700
1628;9;7;2007;45;6800
1629;6;7;2007;44;35700
1630;5;7;2007;43;3700
1631;4;7;2007;44;3700
1632;3;7;2007;43;1100
1633;2;7;2007;43;3700
1634;29;6;2007;44;15600
1635;28;6;2007;44;13900
1636;27;6;2007;42;4200
1637;26;6;2007;43;17800
1638;25;6;2007;43;5700
1639;22;6;2007;42;12200
1640;21;6;2007;41;9000
1641;20;6;2007;41;2700
1642;19;6;2007;42;3700
1643;18;6;2007;41;1500
1644;15;6;2007;41;1500
1645;14;6;2007;41;4200
1646;13;6;2007;41;3500
1647;12;6;2007;42;5200
1648;11;6;2007;42;4500
1649;8;6;2007;42;4700
1650;7;6;2007;42;600
1651;6;6;2007;43;4200
1652;5;6;2007;42;13000
1653;4;6;2007;43;3400
1654;1;6;2007;43;0
1655;31;5;2007;43;5600
1656;30;5;2007;43;6100
1657;29;5;2007;44;18300
1658;28;5;2007;45;34300
1659;25;5;2007;43;8800
1660;24;5;2007;42;3900
1661;23;5;2007;42;2200
1662;22;5;2007;43;1300
1663;21;5;2007;43;1100
1664;18;5;2007;44;7900
1665;17;5;2007;44;6900
1666;16;5;2007;43;1500
1667;15;5;2007;43;5100
1668;14;5;2007;44;6900
1669;11;5;2007;42;3200
1670;10;5;2007;42;24300
1671;9;5;2007;42;18500
1672;8;5;2007;42;8800
1673;7;5;2007;42;5400
1674;4;5;2007;42;5600
1675;3;5;2007;44;4500
1676;2;5;2007;43;0
1677;1;5;2007;43;0
1678;30;4;2007;43;3200
1679;27;4;2007;43;2000
1680;26;4;2007;44;3900
1681;25;4;2007;46;40100
1682;24;4;2007;43;1800
1683;23;4;2007;45;2000
1684;20;4;2007;45;22100
1685;19;4;2007;44;5600
1686;18;4;2007;44;20700
1687;17;4;2007;42;3200
1688;16;4;2007;42;29900
1689;13;4;2007;41;4400
1690;12;4;2007;41;7400
1691;11;4;2007;42;12000
1692;10;4;2007;42;9300
1693;9;4;2007;43;51000
1694;6;4;2007;40;0
1695;5;4;2007;40;5100
1696;4;4;2007;39;6200
1697;3;4;2007;40;4000
1698;2;4;2007;39;9600
1699;30;3;2007;41;18100
1700;29;3;2007;42;16300
1701;28;3;2007;39;12900
1702;27;3;2007;40;0
1703;26;3;2007;40;9500
1704;23;3;2007;42;30200
1705;22;3;2007;45;20000
1706;21;3;2007;44;17000
1707;20;3;2007;47;231700
1708;19;3;2007;45;85800
1709;16;3;2007;37;15400
1710;15;3;2007;40;6400
1711;14;3;2007;37;9800
1712;13;3;2007;39;2500
1713;12;3;2007;39;24600
1714;9;3;2007;38;20000
1715;8;3;2007;39;2500
1716;7;3;2007;39;4900
1717;6;3;2007;37;2800
1718;5;3;2007;39;8100
1719;2;3;2007;40;6800
1720;1;3;2007;42;4200
1721;28;2;2007;42;5700
1722;27;2;2007;43;22200
1723;26;2;2007;41;2300
1724;23;2;2007;41;3200
1725;22;2;2007;42;6200
1726;21;2;2007;44;5200
1727;20;2;2007;44;7900
1728;19;2;2007;46;4200
1729;16;2;2007;46;0
1730;15;2;2007;46;4200
1731;14;2;2007;43;13700
1732;13;2;2007;44;18300
1733;12;2;2007;46;7600
1734;9;2;2007;48;2800
1735;8;2;2007;48;4200
1736;7;2;2007;48;9600
1737;6;2;2007;48;12000
1738;5;2;2007;50;17100
1739;2;2;2007;51;19000
1740;1;2;2007;52;7300
1741;31;1;2007;52;8500
1742;30;1;2007;53;0
1743;29;1;2007;53;4700
1744;26;1;2007;54;0
1745;25;1;2007;54;8600
1746;24;1;2007;54;15600
1747;23;1;2007;54;17600
1748;22;1;2007;54;15400
1749;19;1;2007;54;15600
1750;18;1;2007;55;22400
1751;17;1;2007;57;202100
1752;16;1;2007;55;9300
1753;15;1;2007;55;12700
1754;12;1;2007;54;23100
1755;11;1;2007;53;7900
1756;10;1;2007;53;25300
1757;9;1;2007;54;9600
1758;8;1;2007;54;54900
1759;5;1;2007;53;10500
1760;4;1;2007;52;5400
1761;3;1;2007;53;33600
1762;2;1;2007;52;13000
1763;1;1;2007;54;0
1764;29;12;2006;54;85000
1765;28;12;2006;55;310400
1766;27;12;2006;50;7300
1767;26;12;2006;49;6200
1768;25;12;2006;49;0
1769;22;12;2006;49;15100
1770;21;12;2006;48;4900
1771;20;12;2006;47;8500
1772;19;12;2006;48;6900
1773;18;12;2006;49;7600
1774;15;12;2006;49;5700
1775;14;12;2006;48;4700
1776;13;12;2006;46;1700
1777;12;12;2006;45;10700
1778;11;12;2006;48;10500
1779;8;12;2006;49;17300
1780;7;12;2006;50;23800
1781;6;12;2006;51;16100
1782;5;12;2006;52;12200
1783;4;12;2006;52;19300
1784;1;12;2006;51;11700
1785;30;11;2006;51;23600
1786;29;11;2006;52;79200
1787;28;11;2006;51;19300
1788;27;11;2006;49;16800
1789;24;11;2006;50;9000
1790;23;11;2006;51;13600
1791;22;11;2006;51;8100
1792;21;11;2006;51;7600
1793;20;11;2006;49;17500
1794;17;11;2006;49;16800
1795;16;11;2006;51;13700
1796;15;11;2006;52;12500
1797;14;11;2006;52;16600
1798;13;11;2006;53;7300
1799;10;11;2006;53;33100
1800;9;11;2006;55;6900
1801;8;11;2006;56;32300
1802;7;11;2006;56;36700
1803;6;11;2006;58;80700
1804;3;11;2006;55;35800
1805;2;11;2006;55;117100
1806;1;11;2006;53;49300
1807;31;10;2006;50;3500
1808;30;10;2006;51;8600
1809;27;10;2006;51;25600
1810;26;10;2006;51;14200
1811;25;10;2006;49;0
1812;24;10;2006;49;0
1813;23;10;2006;49;4400
1814;20;10;2006;49;15400
1815;19;10;2006;48;22100
1816;18;10;2006;50;19000
1817;17;10;2006;49;20900
1818;16;10;2006;51;13700
1819;13;10;2006;51;20900
1820;12;10;2006;53;63400
1821;11;10;2006;51;93300
1822;10;10;2006;50;27000
1823;9;10;2006;50;33300
1824;6;10;2006;51;15800
1825;5;10;2006;51;7800
1826;4;10;2006;50;18500
1827;3;10;2006;50;9800
1828;2;10;2006;52;0
1829;29;9;2006;52;19300
1830;28;9;2006;51;7100
1831;27;9;2006;50;11700
1832;26;9;2006;51;10500
1833;25;9;2006;52;25100
1834;22;9;2006;51;42800
1835;21;9;2006;53;27200
1836;20;9;2006;55;34600
1837;19;9;2006;56;78700
1838;18;9;2006;56;36500
1839;15;9;2006;54;22900
1840;14;9;2006;54;30200
1841;13;9;2006;53;23100
1842;12;9;2006;53;14400
1843;11;9;2006;54;24400
1844;8;9;2006;56;50300
1845;7;9;2006;56;42300
1846;6;9;2006;57;141600
1847;5;9;2006;59;127800
1848;4;9;2006;56;115600
1849;1;9;2006;56;215700
1850;31;8;2006;51;70500
1851;30;8;2006;50;115600
1852;29;8;2006;49;60100
1853;28;8;2006;50;221500
1854;25;8;2006;48;165000
1855;24;8;2006;46;106400
1856;23;8;2006;47;11200
1857;22;8;2006;48;47400
1858;21;8;2006;49;30000
1859;18;8;2006;50;79700
1860;17;8;2006;46;13000
1861;16;8;2006;47;19300
1862;15;8;2006;46;0
1863;14;8;2006;46;41900
1864;11;8;2006;49;289600
1865;10;8;2006;46;112500
1866;9;8;2006;42;61700
1867;8;8;2006;42;39900
1868;7;8;2006;42;32400
1869;4;8;2006;43;4400
1870;3;8;2006;45;29900
1871;2;8;2006;43;6200
1872;1;8;2006;41;3500
1873;31;7;2006;42;2300
1874;28;7;2006;42;9100
1875;27;7;2006;41;2200
1876;26;7;2006;41;2200
1877;25;7;2006;38;1700
1878;24;7;2006;37;2800
1879;21;7;2006;39;2700
1880;20;7;2006;41;1700
1881;19;7;2006;40;2300
1882;18;7;2006;44;100
1883;17;7;2006;42;3000
1884;14;7;2006;45;600
1885;13;7;2006;45;2500
1886;12;7;2006;42;1100
1887;11;7;2006;43;500
1888;10;7;2006;43;1800
1889;7;7;2006;46;800
1890;6;7;2006;46;2300
1891;5;7;2006;46;2800
1892;4;7;2006;45;3900
1893;3;7;2006;43;10700
1894;30;6;2006;45;13400
1895;29;6;2006;44;4900
1896;28;6;2006;42;1300
1897;27;6;2006;42;3700
1898;26;6;2006;45;4500
1899;23;6;2006;45;5400
1900;22;6;2006;46;11700
1901;21;6;2006;45;8500
1902;20;6;2006;45;3000
1903;19;6;2006;43;2800
1904;16;6;2006;40;0
1905;15;6;2006;40;0
1906;14;6;2006;40;3700
1907;13;6;2006;42;28200
1908;12;6;2006;44;3900
1909;9;6;2006;46;8600
1910;8;6;2006;46;1000
1911;7;6;2006;49;3900
1912;6;6;2006;51;5400
1913;5;6;2006;52;3500
1914;2;6;2006;54;4500
1915;1;6;2006;59;4000
1916;31;5;2006;61;3700
1917;30;5;2006;62;1500
1918;29;5;2006;62;7300
1919;26;5;2006;64;22700
1920;25;5;2006;61;17300
1921;24;5;2006;60;3400
1922;23;5;2006;60;3000
1923;22;5;2006;60;4000
1924;19;5;2006;63;3200
1925;18;5;2006;66;5900
1926;17;5;2006;69;6900
1927;16;5;2006;68;6900
1928;15;5;2006;70;13200
1929;12;5;2006;72;43000
1930;11;5;2006;70;22900
1931;10;5;2006;70;30200
1932;9;5;2006;67;11000
1933;8;5;2006;63;22100
1934;5;5;2006;65;3200
1935;4;5;2006;68;9500
1936;3;5;2006;68;11000
1937;2;5;2006;70;27700
1938;28;4;2006;67;4700
1939;27;4;2006;67;8500
1940;26;4;2006;70;21400
1941;25;4;2006;70;12200
1942;24;4;2006;73;13900
1943;21;4;2006;73;16600
1944;20;4;2006;74;14400
1945;19;4;2006;72;5100
1946;18;4;2006;75;38000
1947;17;4;2006;73;23600
1948;14;4;2006;69;0
1949;13;4;2006;69;8500
1950;12;4;2006;72;24300
1951;11;4;2006;74;0
1952;10;4;2006;74;8500
1953;7;4;2006;74;40400
1954;6;4;2006;71;0
1955;5;4;2006;71;9600
1956;4;4;2006;68;7800
1957;3;4;2006;71;9000
1958;31;3;2006;72;18100
1959;30;3;2006;70;10200
1960;29;3;2006;72;22100
1961;28;3;2006;68;32100
1962;27;3;2006;66;14900
1963;24;3;2006;63;14100
1964;23;3;2006;65;21200
1965;22;3;2006;63;18800
1966;21;3;2006;61;24600
1967;20;3;2006;60;12400
1968;17;3;2006;62;9500
1969;16;3;2006;63;9500
1970;15;3;2006;65;0
1971;14;3;2006;65;23400
1972;13;3;2006;67;23400
1973;10;3;2006;64;26100
1974;9;3;2006;61;17500
1975;8;3;2006;64;26800
1976;7;3;2006;68;10500
1977;6;3;2006;68;19200
1978;3;3;2006;71;30700
1979;2;3;2006;73;104800
1980;1;3;2006;75;46500
1981;28;2;2006;72;57900
1982;27;2;2006;68;77600
1983;24;2;2006;72;28900
1984;23;2;2006;76;109400
1985;22;2;2006;80;8500
1986;21;2;2006;84;63000
1987;20;2;2006;88;16800
1988;17;2;2006;93;58600
1989;16;2;2006;98;1565100
1990;15;2;2006;97;1089100
1991;14;2;2006;90;1363400
1992;13;2;2006;85;1272400
1993;10;2;2006;70;483300
1994;9;2;2006;67;0
1995;8;2;2006;67;610100
1996;7;2;2006;60;244900
1997;6;2;2006;57;168300
1998;3;2;2006;51;16300
1999;2;2;2006;50;9100
2000;1;2;2006;51;5400
2001;31;1;2006;50;2800
2002;30;1;2006;51;3200
2003;27;1;2006;51;13200
2004;26;1;2006;50;0
2005;25;1;2006;50;9100
2006;24;1;2006;50;3200
2007;23;1;2006;51;6900
2008;20;1;2006;51;7100
2009;19;1;2006;51;12200
2010;18;1;2006;48;37700
2011;17;1;2006;52;4900
2012;16;1;2006;52;7400
2013;13;1;2006;52;9800
2014;12;1;2006;51;2200
2015;11;1;2006;51;0
2016;10;1;2006;51;3000
2017;9;1;2006;52;5700
2018;6;1;2006;52;2700
2019;5;1;2006;52;9300
2020;4;1;2006;53;8500
2021;3;1;2006;53;9300
2022;2;1;2006;52;6200
2023;30;12;2005;51;3400
2024;29;12;2005;51;8600
2025;28;12;2005;49;5600
2026;27;12;2005;51;10500
2027;26;12;2005;50;2300
2028;23;12;2005;51;4500
2029;22;12;2005;50;21000
2030;21;12;2005;51;7900
2031;20;12;2005;51;6900
2032;19;12;2005;52;6100
2033;16;12;2005;51;4900
2034;15;12;2005;53;5900
2035;14;12;2005;55;31100
2036;13;12;2005;57;39900
2037;12;12;2005;52;20000
2038;9;12;2005;48;9000
2039;8;12;2005;47;1700
2040;7;12;2005;48;6800
2041;6;12;2005;47;5600
2042;5;12;2005;48;2700
2043;2;12;2005;48;3200
2044;1;12;2005;47;3000
2045;30;11;2005;47;1300
2046;29;11;2005;47;9800
2047;28;11;2005;48;8600
2048;25;11;2005;48;5900
2049;24;11;2005;46;3000
2050;23;11;2005;46;3900
2051;22;11;2005;46;800
2052;21;11;2005;46;8800
2053;18;11;2005;46;7300
2054;17;11;2005;47;6600
2055;16;11;2005;46;14100
2056;14;11;2005;46;14200
2057;11;11;2005;48;7800
2058;10;11;2005;47;1800
2059;9;11;2005;47;1800
2060;8;11;2005;49;5900
2061;7;11;2005;49;3200
2062;4;11;2005;45;0
2063;3;11;2005;45;0
2064;2;11;2005;46;2000
2065;1;11;2005;47;600
2066;31;10;2005;45;2300
2067;28;10;2005;45;3700
2068;27;10;2005;45;2800
2069;26;10;2005;47;500
2070;25;10;2005;49;3500
2071;24;10;2005;46;2700
2072;21;10;2005;45;2800
2073;20;10;2005;46;3200
2074;19;10;2005;47;2800
2075;18;10;2005;48;2200
2076;17;10;2005;48;7800
2077;14;10;2005;50;8100
2078;13;10;2005;52;2500
2079;12;10;2005;51;0
2080;11;10;2005;51;6800
2081;10;10;2005;54;4200
2082;7;10;2005;54;5400
2083;6;10;2005;56;17600
2084;5;10;2005;55;5700
2085;4;10;2005;55;5100
2086;3;10;2005;55;7100
2087;30;9;2005;53;12500
2088;29;9;2005;54;8300
2089;28;9;2005;57;5600
2090;27;9;2005;55;11700
2091;26;9;2005;57;9600
2092;23;9;2005;54;11200
2093;22;9;2005;54;15800
2094;21;9;2005;58;23600
2095;20;9;2005;60;26600
2096;19;9;2005;63;16300
2097;16;9;2005;63;13200
2098;15;9;2005;63;13700
2099;14;9;2005;62;17500
2100;13;9;2005;65;10500
2101;12;9;2005;65;15800
2102;9;9;2005;66;57800
2103;8;9;2005;67;99400
2104;7;9;2005;65;0
2105;6;9;2005;65;87700
2106;5;9;2005;62;93100
2107;2;9;2005;60;16100
2108;1;9;2005;60;15600
2109;31;8;2005;61;14600
2110;30;8;2005;60;18700
2111;29;8;2005;61;18800
2112;26;8;2005;63;29700
2113;25;8;2005;60;11000
2114;24;8;2005;58;19200
2115;23;8;2005;61;35700
2116;22;8;2005;63;44000
2117;19;8;2005;63;96200
2118;18;8;2005;61;90900
2119;17;8;2005;60;36800
2120;16;8;2005;59;32100
2121;15;8;2005;59;0
2122;12;8;2005;59;70800
2123;11;8;2005;55;27200
2124;10;8;2005;55;21500
2125;9;8;2005;53;24800
2126;8;8;2005;53;11700
2127;5;8;2005;52;33300
2128;4;8;2005;54;22400
2129;3;8;2005;52;15600
2130;2;8;2005;51;8600
2131;1;8;2005;52;10200
2132;29;7;2005;51;7600
2133;28;7;2005;54;0
2134;27;7;2005;54;6100
2135;26;7;2005;53;6200
2136;25;7;2005;54;9600
2137;22;7;2005;54;12700
2138;21;7;2005;54;4700
2139;20;7;2005;55;13900
2140;19;7;2005;55;17000
2141;18;7;2005;54;17500
2142;15;7;2005;53;8800
2143;14;7;2005;52;16800
2144;13;7;2005;53;7600
2145;12;7;2005;54;11700
2146;11;7;2005;53;11200
2147;8;7;2005;53;7800
2148;7;7;2005;52;7300
2149;6;7;2005;53;11700
2150;5;7;2005;53;23100
2151;4;7;2005;54;43600
2152;1;7;2005;56;16400
2153;30;6;2005;57;24800
2154;29;6;2005;58;52800
2155;28;6;2005;57;170600
2156;27;6;2005;57;107900
2157;24;6;2005;53;44200
2158;23;6;2005;52;12200
2159;22;6;2005;51;10300
2160;21;6;2005;51;2300
2161;20;6;2005;50;4200
2162;17;6;2005;51;9600
2163;16;6;2005;52;18100
2164;15;6;2005;53;14700
2165;14;6;2005;53;8800
2166;13;6;2005;54;15100
2167;10;6;2005;54;17000
2168;9;6;2005;54;8600
2169;8;6;2005;53;20400
2170;7;6;2005;53;18000
2171;6;6;2005;50;0
2172;3;6;2005;50;0
2173;2;6;2005;50;7400
2174;1;6;2005;50;14200
2175;31;5;2005;50;11000
2176;30;5;2005;51;4700
2177;27;5;2005;52;14900
2178;26;5;2005;53;44500
2179;25;5;2005;54;6100
2180;24;5;2005;54;16600
2181;23;5;2005;56;27500
2182;20;5;2005;54;76600
2183;19;5;2005;50;6800
2184;18;5;2005;50;4700
2185;17;5;2005;51;11500
2186;16;5;2005;51;21400
2187;13;5;2005;51;12200
2188;12;5;2005;50;9100
2189;11;5;2005;51;1500
2190;10;5;2005;50;3200
2191;9;5;2005;51;4000
2192;6;5;2005;50;1700
2193;5;5;2005;50;1300
2194;4;5;2005;49;1500
2195;3;5;2005;49;1000
2196;2;5;2005;50;4400
2197;29;4;2005;50;5600
2198;28;4;2005;51;3700
2199;27;4;2005;53;6800
2200;26;4;2005;53;300
2201;25;4;2005;53;5600
2202;22;4;2005;54;1800
2203;21;4;2005;54;2500
2204;20;4;2005;53;6400
2205;19;4;2005;54;7800
2206;18;4;2005;53;7400
2207;15;4;2005;54;23900
2208;14;4;2005;57;0
2209;13;4;2005;57;31900
2210;12;4;2005;56;17300
2211;11;4;2005;57;12500
2212;8;4;2005;57;17300
2213;7;4;2005;59;46500
2214;6;4;2005;55;19000
2215;5;4;2005;55;23900
2216;4;4;2005;54;5100
2217;1;4;2005;53;5400
2218;31;3;2005;52;2300
2219;30;3;2005;47;7900
2220;29;3;2005;47;4500
2221;28;3;2005;49;5200
2222;25;3;2005;50;0
2223;24;3;2005;50;6400
2224;23;3;2005;51;4400
2225;22;3;2005;51;5400
2226;21;3;2005;54;9500
2227;18;3;2005;52;7800
2228;17;3;2005;52;10200
2229;16;3;2005;54;82100
2230;15;3;2005;52;9100
2231;14;3;2005;52;59600
2232;11;3;2005;53;8300
2233;10;3;2005;53;14100
2234;9;3;2005;51;14400
2235;8;3;2005;53;17100
2236;7;3;2005;52;30900
2237;4;3;2005;53;15900
2238;3;3;2005;53;11200
2239;2;3;2005;53;23400
2240;1;3;2005;53;13600
2241;28;2;2005;53;35500
2242;25;2;2005;50;19200
2243;24;2;2005;52;6400
2244;23;2;2005;52;7800
2245;22;2;2005;52;9500
2246;21;2;2005;54;4900
2247;18;2;2005;53;8500
2248;17;2;2005;54;34500
2249;16;2;2005;52;20700
2250;15;2;2005;54;13900
2251;14;2;2005;56;13000
2252;11;2;2005;57;24800
2253;10;2;2005;58;17300
2254;9;2;2005;60;40600
2255;8;2;2005;58;59300
2256;7;2;2005;57;19800
2257;4;2;2005;56;20200
2258;3;2;2005;57;26800
2259;2;2;2005;56;5900
2260;1;2;2005;57;5600
2261;31;1;2005;56;14700
2262;28;1;2005;58;6100
2263;27;1;2005;59;8600
2264;26;1;2005;59;0
2265;25;1;2005;59;4900
2266;24;1;2005;56;3900
2267;21;1;2005;57;0
2268;20;1;2005;57;3700
2269;19;1;2005;58;14600
2270;18;1;2005;60;3400
2271;17;1;2005;58;9800
2272;14;1;2005;62;3900
2273;13;1;2005;62;7400
2274;12;1;2005;60;8300
2275;11;1;2005;63;12200
2276;10;1;2005;66;34500
2277;7;1;2005;66;13000
2278;6;1;2005;66;23100
2279;5;1;2005;64;81700
2280;4;1;2005;68;74400
2281;3;1;2005;63;17000
2282;31;12;2004;60;10700
2283;30;12;2004;59;18300
2284;29;12;2004;60;12500
2285;28;12;2004;62;13400
2286;27;12;2004;64;22600
2287;24;12;2004;67;90400
2288;23;12;2004;62;19800
2289;22;12;2004;61;22400
2290;21;12;2004;62;18800
2291;20;12;2004;63;39200
2292;17;12;2004;62;54000
2293;16;12;2004;61;104300
2294;15;12;2004;57;41800
2295;14;12;2004;59;141100
2296;13;12;2004;54;42600
2297;10;12;2004;52;29900
2298;9;12;2004;50;10000
2299;8;12;2004;49;12400
2300;7;12;2004;49;2800
2301;6;12;2004;49;7900
2302;3;12;2004;49;4500
2303;2;12;2004;48;4900
2304;1;12;2004;49;5100
2305;30;11;2004;48;8300
2306;29;11;2004;50;8800
2307;26;11;2004;51;0
2308;25;11;2004;51;19700
2309;24;11;2004;53;16100
2310;23;11;2004;50;24800
2311;22;11;2004;50;6900
2312;19;11;2004;52;0
2313;18;11;2004;52;45700
2314;17;11;2004;52;54700
2315;16;11;2004;48;9800
2316;15;11;2004;47;0
2317;12;11;2004;47;5200
2318;11;11;2004;47;6100
2319;10;11;2004;46;5200
2320;9;11;2004;45;4500
2321;8;11;2004;46;9500
2322;5;11;2004;46;8100
2323;4;11;2004;47;16800
2324;3;11;2004;48;11500
2325;2;11;2004;48;10800
2326;1;11;2004;47;11900
2327;29;10;2004;44;12700
2328;28;10;2004;48;6800
2329;27;10;2004;46;10000
2330;26;10;2004;48;13600
2331;25;10;2004;48;59100
2332;22;10;2004;49;0
2333;21;10;2004;49;51300
2334;20;10;2004;45;27000
2335;19;10;2004;44;70200
2336;18;10;2004;39;18100
2337;15;10;2004;37;2800
2338;14;10;2004;38;10500
2339;13;10;2004;38;0
2340;12;10;2004;38;2200
2341;11;10;2004;38;15800
2342;8;10;2004;39;8600
2343;7;10;2004;39;3700
2344;6;10;2004;39;10800
2345;5;10;2004;40;23200
2346;4;10;2004;41;19000
2347;1;10;2004;43;1700
2348;30;9;2004;43;8600
2349;29;9;2004;43;5100
2350;28;9;2004;43;4200
2351;27;9;2004;43;2800
2352;24;9;2004;43;7100
2353;23;9;2004;43;5100
2354;22;9;2004;43;14400
2355;21;9;2004;44;6100
2356;20;9;2004;44;6200
2357;17;9;2004;45;14700
2358;16;9;2004;46;33400
2359;15;9;2004;43;11200
2360;14;9;2004;43;6400
2361;13;9;2004;45;19700
2362;10;9;2004;44;17300
2363;9;9;2004;44;32900
2364;8;9;2004;45;39200
2365;7;9;2004;44;30900
2366;6;9;2004;44;93300
2367;3;9;2004;41;6400
2368;2;9;2004;41;46200
2369;1;9;2004;41;18300
2370;31;8;2004;41;30200
2371;30;8;2004;43;135600
2372;27;8;2004;38;45500
2373;26;8;2004;34;18100
2374;25;8;2004;33;4500
2375;24;8;2004;33;8800
2376;23;8;2004;32;5400
2377;20;8;2004;32;5200
2378;19;8;2004;33;9600
2379;18;8;2004;33;13900
2380;17;8;2004;33;10700
2381;16;8;2004;32;4400
2382;13;8;2004;32;3900
2383;12;8;2004;31;7100
2384;11;8;2004;32;13400
2385;10;8;2004;33;38200
2386;9;8;2004;31;4000
2387;6;8;2004;30;10800
2388;5;8;2004;31;18300
2389;4;8;2004;30;16800
2390;3;8;2004;29;3000
2391;2;8;2004;29;5700
2392;30;7;2004;29;2500
2393;29;7;2004;29;1800
2394;28;7;2004;28;2300
2395;27;7;2004;28;1300
2396;26;7;2004;29;2800
2397;23;7;2004;29;3700
2398;22;7;2004;29;4200
2399;21;7;2004;29;1700
2400;20;7;2004;30;1500
2401;19;7;2004;30;11000
2402;16;7;2004;29;2000
2403;15;7;2004;28;1100
2404;14;7;2004;28;2000
2405;13;7;2004;28;11900
2406;12;7;2004;29;800
2407;9;7;2004;27;14400
2408;8;7;2004;26;30700
2409;7;7;2004;30;93600
2410;6;7;2004;32;8600
2411;5;7;2004;33;31600
2412;2;7;2004;31;7900
2413;1;7;2004;30;1300
2414;30;6;2004;29;6200
2415;29;6;2004;30;9100
2416;28;6;2004;30;500
2417;25;6;2004;29;1800
2418;24;6;2004;28;1100
2419;23;6;2004;29;0
2420;22;6;2004;29;300
2421;21;6;2004;29;0
2422;18;6;2004;29;1800
2423;17;6;2004;29;2500
2424;16;6;2004;29;104700
2425;15;6;2004;29;1100
2426;14;6;2004;28;800
2427;11;6;2004;29;100
2428;10;6;2004;29;3400
2429;9;6;2004;29;1000
2430;8;6;2004;29;300
2431;7;6;2004;30;300
2432;4;6;2004;28;800
2433;3;6;2004;29;300
2434;2;6;2004;29;1100
2435;1;6;2004;28;5100
2436;31;5;2004;29;1000
2437;28;5;2004;29;3200
2438;27;5;2004;31;100
2439;26;5;2004;30;19500
2440;25;5;2004;34;1800
2441;24;5;2004;34;7900
2442;21;5;2004;34;8100
2443;20;5;2004;34;6800
2444;19;5;2004;31;8300
2445;18;5;2004;29;2000
2446;17;5;2004;26;800
2447;14;5;2004;28;2700
2448;13;5;2004;31;4500
2449;12;5;2004;31;1300
2450;11;5;2004;32;1300
2451;10;5;2004;33;1800
2452;7;5;2004;33;2200
2453;6;5;2004;35;3000
2454;5;5;2004;36;6900
2455;4;5;2004;36;11300
2456;3;5;2004;33;8500
2457;30;4;2004;31;3900
2458;29;4;2004;28;500
2459;28;4;2004;28;3500
2460;27;4;2004;28;3200
2461;26;4;2004;29;0
2462;23;4;2004;29;2700
2463;22;4;2004;29;500
2464;21;4;2004;28;4200
2465;20;4;2004;30;100
2466;19;4;2004;30;4200
2467;16;4;2004;33;1700
2468;15;4;2004;33;7900
2469;14;4;2004;32;0
2470;13;4;2004;32;8100
2471;12;4;2004;29;3900
2472;9;4;2004;28;0
2473;8;4;2004;28;3000
2474;7;4;2004;25;1300
2475;6;4;2004;26;100
2476;5;4;2004;27;3200
2477;2;4;2004;27;3000
2478;1;4;2004;25;3000
2479;31;3;2004;24;2500
2480;30;3;2004;24;2200
2481;29;3;2004;23;2200
2482;26;3;2004;22;2000
2483;25;3;2004;23;3700
2484;24;3;2004;23;42600
2485;23;3;2004;23;12700
2486;22;3;2004;22;6800
2487;19;3;2004;23;2800
2488;18;3;2004;24;4900
2489;17;3;2004;24;800
2490;16;3;2004;25;1300
2491;15;3;2004;25;800
2492;12;3;2004;26;2300
2493;11;3;2004;25;2700
2494;10;3;2004;26;3900
2495;9;3;2004;27;600
2496;8;3;2004;27;3500
2497;5;3;2004;28;2500
2498;4;3;2004;29;3400
2499;3;3;2004;29;800
2500;2;3;2004;29;0
2501;1;3;2004;29;300
2502;27;2;2004;30;500
2503;26;2;2004;29;1300
2504;25;2;2004;30;1300
2505;24;2;2004;30;1100
2506;23;2;2004;31;11500
2507;20;2;2004;31;3000
2508;19;2;2004;31;3400
2509;18;2;2004;31;3900
2510;17;2;2004;31;2800
2511;16;2;2004;30;300
2512;13;2;2004;30;1500
2513;12;2;2004;30;600
2514;11;2;2004;31;2000
2515;10;2;2004;30;3400
2516;9;2;2004;30;1800
2517;6;2;2004;32;7600
2518;5;2;2004;33;5600
2519;4;2;2004;30;4000
2520;3;2;2004;31;5100
2521;2;2;2004;32;0
2522;30;1;2004;32;800
2523;29;1;2004;31;1000
2524;28;1;2004;32;2700
2525;27;1;2004;32;8100
2526;26;1;2004;32;0
2527;23;1;2004;32;11300
2528;22;1;2004;31;3200
2529;21;1;2004;31;10200
2530;20;1;2004;33;6600
2531;19;1;2004;37;4400
2532;16;1;2004;38;6400
2533;15;1;2004;40;3700
2534;14;1;2004;40;2800
2535;13;1;2004;40;6900
2536;12;1;2004;41;6100
2537;9;1;2004;43;3500
2538;8;1;2004;44;6100
2539;7;1;2004;42;3200
2540;6;1;2004;44;12400
2541;5;1;2004;44;14700
2542;2;1;2004;46;15800
2543;1;1;2004;45;40800
2544;31;12;2003;42;6200
2545;30;12;2003;44;17100
2546;29;12;2003;46;12200
2547;26;12;2003;45;3500
2548;25;12;2003;44;0
2549;24;12;2003;44;8100
2550;23;12;2003;45;6900
2551;22;12;2003;47;6600
2552;19;12;2003;47;18700
2553;18;12;2003;48;21000
2554;17;12;2003;46;36000
2555;16;12;2003;48;23900
2556;15;12;2003;47;20200
2557;12;12;2003;46;48100
2558;11;12;2003;44;10800
2559;10;12;2003;45;45200
2560;9;12;2003;48;48100
2561;8;12;2003;44;78500
2562;5;12;2003;44;43000
2563;4;12;2003;39;18300
2564;3;12;2003;36;19300
2565;2;12;2003;32;10800
2566;1;12;2003;30;12500
2567;28;11;2003;31;5700
2568;27;11;2003;30;15900
2569;26;11;2003;32;0
2570;25;11;2003;32;8300
2571;24;11;2003;31;11900
2572;21;11;2003;31;10800
2573;20;11;2003;29;7100
2574;19;11;2003;28;2500
2575;18;11;2003;30;3400
2576;17;11;2003;29;3200
2577;14;11;2003;29;4700
2578;13;11;2003;29;6600
2579;12;11;2003;27;3900
2580;11;11;2003;27;8300
2581;10;11;2003;25;4700
2582;7;11;2003;24;2500
2583;6;11;2003;23;800
2584;5;11;2003;24;4700
2585;4;11;2003;24;1100
2586;3;11;2003;24;2000
2587;31;10;2003;24;800
2588;30;10;2003;24;300
2589;29;10;2003;25;500
2590;28;10;2003;24;500
2591;27;10;2003;25;500
2592;24;10;2003;25;1000
2593;23;10;2003;25;3700
2594;22;10;2003;25;2200
2595;21;10;2003;26;2200
2596;20;10;2003;26;1500
2597;17;10;2003;26;600
2598;16;10;2003;27;600
2599;15;10;2003;27;2800
2600;14;10;2003;26;1000
2601;13;10;2003;27;4400
2602;10;10;2003;27;3200
2603;9;10;2003;27;5100
2604;8;10;2003;25;4400
2605;7;10;2003;25;1100
2606;6;10;2003;25;2200
2607;3;10;2003;25;1700
2608;2;10;2003;25;0
2609;1;10;2003;25;600
2610;30;9;2003;25;600
2611;29;9;2003;26;500
2612;26;9;2003;25;1100
2613;25;9;2003;26;100
2614;24;9;2003;25;500
2615;23;9;2003;26;100
2616;22;9;2003;26;100
2617;19;9;2003;27;2800
2618;18;9;2003;27;3000
2619;17;9;2003;27;3200
2620;16;9;2003;27;3200
2621;15;9;2003;28;4700
2622;12;9;2003;28;4000
2623;11;9;2003;28;6800
2624;10;9;2003;29;2000
2625;9;9;2003;28;2700
2626;8;9;2003;29;2300
2627;5;9;2003;28;5900
2628;4;9;2003;28;4400
2629;3;9;2003;29;2700
2630;2;9;2003;29;6400
2631;1;9;2003;29;2700
2632;29;8;2003;29;4500
2633;28;8;2003;28;3700
2634;27;8;2003;29;1700
2635;26;8;2003;29;5900
2636;25;8;2003;28;4400
2637;22;8;2003;28;9500
2638;21;8;2003;29;3500
2639;20;8;2003;28;16600
2640;19;8;2003;29;10000
2641;18;8;2003;28;3700
2642;15;8;2003;27;0
2643;14;8;2003;27;6600
2644;13;8;2003;28;2800
2645;12;8;2003;27;11700
2646;11;8;2003;29;17100
2647;8;8;2003;26;4500
2648;7;8;2003;26;1500
2649;6;8;2003;25;2800
2650;5;8;2003;26;4900
2651;4;8;2003;26;4000
2652;1;8;2003;24;1500
2653;31;7;2003;24;1000
2654;30;7;2003;24;1700
2655;29;7;2003;25;2000
2656;28;7;2003;24;1700
2657;25;7;2003;25;3200
2658;24;7;2003;24;600
2659;23;7;2003;25;2200
2660;22;7;2003;24;100
2661;21;7;2003;24;800
2662;18;7;2003;24;1100
2663;17;7;2003;25;1300
2664;16;7;2003;25;1300
2665;15;7;2003;25;800
2666;14;7;2003;26;1100
2667;11;7;2003;26;5200
2668;10;7;2003;26;1800
2669;9;7;2003;27;1000
2670;8;7;2003;27;4500
2671;7;7;2003;26;1000
2672;4;7;2003;26;4700
2673;3;7;2003;26;6100
2674;2;7;2003;25;7800
2675;1;7;2003;25;7900
2676;30;6;2003;25;8600
2677;27;6;2003;23;2300
2678;26;6;2003;23;7600
2679;25;6;2003;23;7600
2680;24;6;2003;23;1800
2681;23;6;2003;23;1000
2682;20;6;2003;23;1800
2683;19;6;2003;23;1700
2684;18;6;2003;23;1100
2685;17;6;2003;23;100
2686;16;6;2003;22;300
2687;13;6;2003;22;1000
2688;12;6;2003;23;3200
2689;11;6;2003;22;1700
2690;10;6;2003;23;3400
2691;9;6;2003;23;8100
2692;6;6;2003;24;1800
2693;5;6;2003;23;1000
2694;4;6;2003;23;1300
2695;3;6;2003;23;1000
2696;2;6;2003;24;500
2697;30;5;2003;24;3000
2698;29;5;2003;25;1100
2699;28;5;2003;25;800
2700;27;5;2003;25;6100
2701;26;5;2003;25;1500
2702;23;5;2003;24;1700
2703;22;5;2003;23;3000
2704;21;5;2003;23;100
2705;20;5;2003;23;800
2706;19;5;2003;23;800
2707;16;5;2003;23;800
2708;15;5;2003;23;5400
2709;14;5;2003;21;5700
2710;13;5;2003;20;2800
2711;12;5;2003;20;5100
2712;9;5;2003;20;100
2713;8;5;2003;20;800
2714;7;5;2003;20;1800
2715;6;5;2003;20;1100
2716;5;5;2003;21;500
2717;2;5;2003;21;600
2718;1;5;2003;20;0
2719;30;4;2003;20;600
2720;29;4;2003;20;2800
2721;28;4;2003;20;3200
2722;25;4;2003;20;2500
2723;24;4;2003;21;3000
2724;23;4;2003;20;4500
2725;22;4;2003;21;1700
2726;21;4;2003;21;1100
2727;18;4;2003;22;0
2728;17;4;2003;22;0
2729;16;4;2003;22;500
2730;15;4;2003;22;100
2731;14;4;2003;22;0
2732;11;4;2003;22;0
2733;10;4;2003;21;300
2734;9;4;2003;22;1700
2735;8;4;2003;22;2300
2736;7;4;2003;23;7800
2737;4;4;2003;23;300
2738;3;4;2003;23;0
2739;2;4;2003;23;100
2740;1;4;2003;22;100
2741;31;3;2003;22;0
2742;28;3;2003;22;300
2743;27;3;2003;23;100
2744;26;3;2003;23;500
2745;25;3;2003;24;1100
2746;24;3;2003;23;500
2747;21;3;2003;22;1100
2748;20;3;2003;22;1100
2749;19;3;2003;23;2300
2750;18;3;2003;23;0
2751;17;3;2003;23;0
2752;14;3;2003;23;0
2753;13;3;2003;23;100
2754;12;3;2003;22;800
2755;11;3;2003;23;1000
2756;10;3;2003;23;500
2757;7;3;2003;24;300
2758;6;3;2003;23;100
2759;5;3;2003;23;1000
2760;4;3;2003;24;600
2761;3;3;2003;23;600
2762;28;2;2003;24;1300
2763;27;2;2003;24;600
2764;26;2;2003;24;800
2765;25;2;2003;24;1000
2766;24;2;2003;24;600
2767;21;2;2003;24;1800
2768;20;2;2003;24;7300
2769;19;2;2003;23;4500
2770;18;2;2003;23;4700
2771;17;2;2003;24;100
2772;14;2;2003;23;1100
2773;13;2;2003;24;0
2774;12;2;2003;24;1000
2775;11;2;2003;24;600
2776;10;2;2003;24;2000
2777;7;2;2003;25;500
2778;6;2;2003;25;100
2779;5;2;2003;24;800
2780;4;2;2003;26;500
2781;3;2;2003;25;800
2782;31;1;2003;24;1700
2783;30;1;2003;25;300
2784;29;1;2003;25;100
2785;28;1;2003;24;1100
2786;27;1;2003;25;500
2787;24;1;2003;25;1100
2788;23;1;2003;26;2000
2789;22;1;2003;25;300
2790;21;1;2003;25;500
2791;20;1;2003;25;800
2792;17;1;2003;26;1700
2793;16;1;2003;25;1800
2794;15;1;2003;25;1800
2795;14;1;2003;24;0
2796;13;1;2003;24;2700
2797;10;1;2003;25;500
2798;9;1;2003;24;1100
2799;8;1;2003;25;600
2800;7;1;2003;24;500
2801;6;1;2003;24;100
2802;3;1;2003;24;1100
2803;2;1;2003;24;7400
2804;1;1;2003;25;300
2805;31;12;2002;24;2800
2806;30;12;2002;24;500
2807;27;12;2002;25;1800
2808;26;12;2002;25;2200
2809;25;12;2002;25;0
2810;24;12;2002;25;1100
2811;23;12;2002;24;6800
2812;20;12;2002;25;300
2813;19;12;2002;25;500
2814;18;12;2002;25;600
2815;17;12;2002;25;300
2816;16;12;2002;25;4900
2817;13;12;2002;25;1500
2818;12;12;2002;25;1000
2819;11;12;2002;25;1100
2820;10;12;2002;26;1300
2821;9;12;2002;25;4000
2822;6;12;2002;25;100
2823;5;12;2002;25;1100
2824;4;12;2002;25;500
2825;3;12;2002;26;800
2826;2;12;2002;26;5700
2827;29;11;2002;46;0
2828;28;11;2002;25;800
2829;27;11;2002;25;2500
2830;26;11;2002;25;2000
2831;25;11;2002;25;2200
2832;22;11;2002;24;2700
2833;21;11;2002;25;1800
2834;20;11;2002;25;2300
2835;19;11;2002;46;0
2836;18;11;2002;26;1700
2837;15;11;2002;25;600
2838;14;11;2002;25;1000
2839;13;11;2002;24;600
2840;12;11;2002;24;1000
2841;11;11;2002;25;100
2842;8;11;2002;25;500
2843;7;11;2002;26;300
2844;6;11;2002;46;0
2845;5;11;2002;28;1300
2846;4;11;2002;27;100
2847;1;11;2002;24;1100
2848;31;10;2002;25;1800
2849;30;10;2002;27;1000
2850;29;10;2002;28;100
2851;28;10;2002;27;0
2852;25;10;2002;27;100
2853;24;10;2002;29;100
2854;23;10;2002;29;100
2855;22;10;2002;31;800
2856;21;10;2002;31;100
2857;18;10;2002;30;300
2858;17;10;2002;29;300
2859;16;10;2002;31;0
2860;15;10;2002;46;0
2861;14;10;2002;31;500
2862;11;10;2002;46;0
2863;10;10;2002;30;300
2864;9;10;2002;31;100
2865;8;10;2002;31;300
2866;7;10;2002;31;100
2867;4;10;2002;31;100
2868;3;10;2002;31;0
2869;2;10;2002;46;0
2870;1;10;2002;32;300
2871;30;9;2002;32;100
2872;27;9;2002;32;0
2873;26;9;2002;31;0
2874;25;9;2002;31;300
2875;24;9;2002;31;500
2876;23;9;2002;31;1800
2877;20;9;2002;32;600
2878;19;9;2002;32;100
2879;18;9;2002;32;600
2880;17;9;2002;32;1100
2881;16;9;2002;46;0
2882;13;9;2002;32;3400
2883;12;9;2002;34;500
2884;11;9;2002;32;100
2885;10;9;2002;46;0
2886;9;9;2002;32;1700
2887;6;9;2002;33;800
2888;5;9;2002;33;300
2889;4;9;2002;32;1000
2890;3;9;2002;34;600
2891;2;9;2002;34;500
2892;30;8;2002;33;1800
2893;29;8;2002;32;300
2894;28;8;2002;35;0
2895;27;8;2002;34;5600
2896;26;8;2002;36;800
2897;23;8;2002;36;500
2898;22;8;2002;36;3900
2899;21;8;2002;35;3900
2900;20;8;2002;36;4000
2901;19;8;2002;34;600
2902;16;8;2002;33;500
2903;15;8;2002;46;0
2904;14;8;2002;35;100
2905;13;8;2002;36;100
2906;12;8;2002;34;300
2907;9;8;2002;46;0
2908;8;8;2002;46;0
2909;7;8;2002;46;0
2910;6;8;2002;46;0
2911;5;8;2002;46;0
2912;2;8;2002;46;0
2913;1;8;2002;46;0
2914;31;7;2002;46;0
2915;30;7;2002;46;0
2916;29;7;2002;46;0
2917;26;7;2002;46;0
2918;25;7;2002;46;0
2919;24;7;2002;46;0
2920;23;7;2002;46;0
2921;22;7;2002;46;0
2922;19;7;2002;46;0
2923;18;7;2002;46;0
2924;17;7;2002;46;0
2925;16;7;2002;46;0
2926;15;7;2002;46;0
2927;12;7;2002;46;0
2928;11;7;2002;46;0
2929;10;7;2002;46;0
2930;9;7;2002;46;0
2931;8;7;2002;46;0
2932;5;7;2002;46;0
2933;4;7;2002;46;0
2934;3;7;2002;46;0
2935;2;7;2002;46;0
2936;1;7;2002;46;0
2937;28;6;2002;46;0
2938;27;6;2002;46;0
2939;26;6;2002;46;13400
2940;25;6;2002;45;3700
2941;24;6;2002;43;500
2942;21;6;2002;44;800
2943;20;6;2002;42;800
2944;19;6;2002;40;0
2945;18;6;2002;41;1000
2946;17;6;2002;40;1300
2947;14;6;2002;38;500
2948;13;6;2002;36;100
2949;12;6;2002;36;100
2950;11;6;2002;36;0
2951;10;6;2002;36;0
2952;7;6;2002;36;0
2953;6;6;2002;36;100
2954;5;6;2002;36;500
2955;4;6;2002;34;0
2956;3;6;2002;34;100
2957;31;5;2002;35;100
2958;30;5;2002;35;0
2959;29;5;2002;35;0
2960;28;5;2002;35;0
2961;27;5;2002;35;0
2962;24;5;2002;36;0
2963;23;5;2002;34;500
2964;22;5;2002;35;0
2965;21;5;2002;33;0
2966;20;5;2002;35;0
2967;17;5;2002;35;0
2968;16;5;2002;35;100
2969;15;5;2002;35;100
2970;14;5;2002;36;0
2971;13;5;2002;36;100
2972;10;5;2002;38;0
2973;9;5;2002;38;0
2974;8;5;2002;38;100
2975;7;5;2002;38;800
2976;6;5;2002;38;0
2977;3;5;2002;38;0
2978;2;5;2002;38;100
2979;1;5;2002;36;0
2980;30;4;2002;36;100
2981;29;4;2002;35;0
2982;26;4;2002;35;100
2983;25;4;2002;38;300
2984;24;4;2002;38;300
2985;23;4;2002;35;0
2986;22;4;2002;37;100
2987;19;4;2002;37;100
2988;18;4;2002;36;0
2989;17;4;2002;36;0
2990;16;4;2002;36;100
2991;15;4;2002;38;1000
2992;12;4;2002;38;500
2993;11;4;2002;37;1700
2994;10;4;2002;40;100
2995;9;4;2002;37;0
2996;8;4;2002;37;100
2997;5;4;2002;40;100
2998;4;4;2002;38;0
2999;3;4;2002;38;500
3000;2;4;2002;38;0
3001;1;4;2002;38;300
3002;29;3;2002;41;0
3003;28;3;2002;41;0
3004;27;3;2002;41;800
3005;26;3;2002;39;100
3006;25;3;2002;41;0
3007;22;3;2002;41;0
3008;21;3;2002;41;0
3009;20;3;2002;41;100
3010;19;3;2002;40;500
3011;18;3;2002;40;0
3012;15;3;2002;38;300
3013;14;3;2002;39;300
3014;12;3;2002;39;0
3015;11;3;2002;40;0
3016;8;3;2002;41;0
3017;7;3;2002;41;100
3018;6;3;2002;40;100
3019;5;3;2002;41;500
3020;4;3;2002;42;1000
3021;28;2;2002;40;100
3022;27;2;2002;38;300
3023;26;2;2002;37;600
3024;25;2;2002;36;100
3025;21;2;2002;37;100
3026;20;2;2002;36;100
3027;19;2;2002;36;6800
3028;18;2;2002;38;100
3029;15;2;2002;37;300
3030;14;2;2002;37;100
3031;13;2;2002;35;100
3032;12;2;2002;36;0
3033;11;2;2002;38;300
3034;8;2;2002;36;100
3035;7;2;2002;37;100
3036;6;2;2002;35;300
3037;5;2;2002;36;800
3038;4;2;2002;35;100
3039;1;2;2002;35;500
3040;31;1;2002;35;0
3041;30;1;2002;35;100
3042;29;1;2002;35;100
3043;25;1;2002;35;300
3044;24;1;2002;35;100
3045;23;1;2002;34;100
3046;22;1;2002;35;100
3047;18;1;2002;35;100
3048;17;1;2002;34;0
3049;11;1;2002;36;0
3050;10;1;2002;38;0
3051;9;1;2002;35;0
3052;8;1;2002;37;100
3053;7;1;2002;38;0
3054;4;1;2002;35;100
3055;31;12;2001;37;0
3056;15;11;2001;44;100
3057;12;10;2001;37;0
3058;21;9;2001;36;0
3059;31;8;2001;43;0
3060;8;12;2000;82;1100
3061;7;12;2000;76;3700
3062;6;12;2000;74;1500
3063;5;12;2000;76;100
3064;4;12;2000;76;1100
3065;1;12;2000;74;2000
3066;30;11;2000;69;300
3067;29;11;2000;68;600
3068;28;11;2000;67;500
3069;27;11;2000;67;0
3070;23;11;2000;68;100
3071;22;11;2000;66;0
3072;21;11;2000;61;0
3073;20;11;2000;61;100
3074;17;11;2000;64;100
3075;16;11;2000;67;300
3076;15;11;2000;69;300
3077;14;11;2000;64;300
3078;13;11;2000;59;100
3079;10;11;2000;64;600
3080;9;11;2000;59;0
3081;8;11;2000;58;0
3082;7;11;2000;59;0
3083;6;11;2000;55;0
3084;3;11;2000;55;0
3085;2;11;2000;55;0
3086;1;11;2000;55;100
3087;31;10;2000;56;0
3088;30;10;2000;56;0
3089;27;10;2000;56;0
3090;26;10;2000;56;0
3091;25;10;2000;56;0
3092;24;10;2000;56;0
3093;23;10;2000;59;0
3094;20;10;2000;59;0
3095;19;10;2000;59;300
3096;18;10;2000;55;0
3097;17;10;2000;55;0
3098;16;10;2000;55;0
3099;13;10;2000;55;0
3100;12;10;2000;51;0
3101;11;10;2000;55;0
3102;10;10;2000;55;100
3103;9;10;2000;54;0
3104;6;10;2000;59;0
3105;5;10;2000;59;0
3106;4;10;2000;59;0
3107;3;10;2000;62;0
3108;2;10;2000;62;0
3109;29;9;2000;62;0
3110;28;9;2000;62;100
3111;27;9;2000;61;0
3112;26;9;2000;61;0
3113;25;9;2000;61;0
3114;22;9;2000;61;100
3115;21;9;2000;60;0
3116;20;9;2000;60;0
3117;19;9;2000;60;0
3118;18;9;2000;60;0
3119;15;9;2000;60;0
3120;14;9;2000;60;100
3121;13;9;2000;64;0
3122;12;9;2000;60;100
3123;11;9;2000;60;0
3124;8;9;2000;64;0
3125;7;9;2000;64;0
3126;6;9;2000;64;0
3127;5;9;2000;64;0
3128;4;9;2000;64;0
3129;1;9;2000;64;0
3130;31;8;2000;64;100
3131;30;8;2000;61;0
3132;29;8;2000;61;100
3133;28;8;2000;61;0
3134;25;8;2000;61;0
3135;24;8;2000;61;0
3136;23;8;2000;61;0
3137;22;8;2000;61;0
3138;21;8;2000;61;100
3139;18;8;2000;61;300
3140;17;8;2000;67;0
3141;16;8;2000;67;0
3142;15;8;2000;67;0
3143;14;8;2000;67;500
3144;11;8;2000;62;600
3145;10;8;2000;61;100
3146;9;8;2000;57;100
3147;8;8;2000;61;0
3148;7;8;2000;61;0
3149;4;8;2000;61;0
3150;3;8;2000;61;0
3151;2;8;2000;56;0
3152;1;8;2000;56;100
3153;31;7;2000;61;0
3154;28;7;2000;61;0
3155;27;7;2000;61;0
3156;26;7;2000;61;500
3157;25;7;2000;61;0
3158;24;7;2000;61;0
3159;21;7;2000;61;0
3160;20;7;2000;61;0
3161;19;7;2000;61;100
3162;18;7;2000;57;300
3163;17;7;2000;61;0
3164;14;7;2000;62;0
3165;13;7;2000;62;100
3166;12;7;2000;60;0
3167;11;7;2000;60;100
3168;10;7;2000;64;0
3169;7;7;2000;64;0
3170;6;7;2000;64;100
3171;5;7;2000;60;100
3172;4;7;2000;62;100
3173;3;7;2000;64;0
3174;30;6;2000;64;0
3175;29;6;2000;65;300
3176;28;6;2000;64;300
3177;27;6;2000;62;300
3178;26;6;2000;62;0
3179;23;6;2000;62;1000
