1;24;10;2013;44;26000
2;23;10;2013;44;41000
3;22;10;2013;44;141000
4;21;10;2013;44;41000
5;18;10;2013;44;31000
6;17;10;2013;44;55000
7;16;10;2013;44;108000
8;15;10;2013;44;68000
9;14;10;2013;44;148000
10;11;10;2013;45;63000
11;10;10;2013;45;0
12;9;10;2013;45;86000
13;8;10;2013;45;105000
14;7;10;2013;45;115000
15;4;10;2013;45;61000
16;3;10;2013;45;118000
17;2;10;2013;45;72000
18;1;10;2013;45;73000
19;30;9;2013;46;25000
20;27;9;2013;46;38000
21;26;9;2013;45;58000
22;25;9;2013;45;31000
23;24;9;2013;46;20000
24;23;9;2013;46;24000
25;20;9;2013;46;0
26;18;9;2013;46;49000
27;17;9;2013;45;17000
28;16;9;2013;46;8000
29;13;9;2013;46;34000
30;12;9;2013;46;23000
31;11;9;2013;45;83000
32;10;9;2013;46;105000
33;9;9;2013;46;86000
34;6;9;2013;46;68000
35;5;9;2013;46;247000
36;4;9;2013;45;63000
37;3;9;2013;45;81000
38;2;9;2013;45;6000
39;30;8;2013;45;8000
40;29;8;2013;45;9000
41;28;8;2013;45;35000
42;27;8;2013;45;16000
43;26;8;2013;45;36000
44;23;8;2013;45;51000
45;22;8;2013;45;40000
46;21;8;2013;45;0
47;20;8;2013;45;64000
48;19;8;2013;45;45000
49;16;8;2013;45;32000
50;15;8;2013;45;10000
51;14;8;2013;46;16000
52;13;8;2013;46;17000
53;12;8;2013;46;9000
54;9;8;2013;46;20000
55;8;8;2013;46;12000
56;7;8;2013;46;24000
57;6;8;2013;46;36000
58;5;8;2013;46;17000
59;2;8;2013;46;51000
60;1;8;2013;46;8000
61;31;7;2013;46;43000
62;30;7;2013;46;35000
63;29;7;2013;46;13000
64;26;7;2013;46;30000
65;25;7;2013;47;16000
66;24;7;2013;47;60000
67;23;7;2013;46;27000
68;22;7;2013;47;42000
69;19;7;2013;46;33000
70;18;7;2013;47;98000
71;17;7;2013;49;161000
72;16;7;2013;49;121000
73;15;7;2013;48;124000
74;12;7;2013;48;24000
75;11;7;2013;48;39000
76;10;7;2013;48;50000
77;9;7;2013;48;23000
78;8;7;2013;48;9000
79;5;7;2013;48;26000
80;4;7;2013;48;10000
81;3;7;2013;48;13000
82;2;7;2013;48;16000
83;1;7;2013;48;48000
84;28;6;2013;48;46000
85;27;6;2013;48;28000
86;26;6;2013;48;12000
87;25;6;2013;48;14000
88;24;6;2013;48;12000
89;21;6;2013;48;17000
90;20;6;2013;49;10000
91;19;6;2013;49;2000
92;18;6;2013;49;4000
93;17;6;2013;49;10000
94;14;6;2013;48;17000
95;13;6;2013;49;60000
96;12;6;2013;49;0
97;11;6;2013;49;61000
98;10;6;2013;48;13000
99;7;6;2013;49;11000
100;6;6;2013;49;21000
101;5;6;2013;49;1000
102;4;6;2013;49;32000
103;3;6;2013;49;8000
104;31;5;2013;49;55000
105;30;5;2013;48;19000
106;29;5;2013;49;15000
107;28;5;2013;48;12000
108;27;5;2013;48;8000
109;24;5;2013;48;14000
110;23;5;2013;49;74000
111;22;5;2013;49;23000
112;21;5;2013;49;48000
113;20;5;2013;49;30000
114;17;5;2013;49;77000
115;16;5;2013;48;27000
116;15;5;2013;49;56000
117;14;5;2013;48;37000
118;13;5;2013;48;5000
119;10;5;2013;48;13000
120;9;5;2013;48;24000
121;8;5;2013;48;27000
122;7;5;2013;48;39000
123;6;5;2013;48;34000
124;3;5;2013;48;38000
125;2;5;2013;48;11000
126;1;5;2013;48;0
127;30;4;2013;48;31000
128;29;4;2013;48;29000
129;26;4;2013;48;44000
130;25;4;2013;48;8000
131;24;4;2013;48;46000
132;23;4;2013;48;28000
133;22;4;2013;48;46000
134;19;4;2013;48;19000
135;18;4;2013;48;27000
136;17;4;2013;48;65000
137;16;4;2013;49;72000
138;15;4;2013;49;43000
139;12;4;2013;49;49000
140;11;4;2013;49;13000
141;10;4;2013;48;13000
142;9;4;2013;49;39000
143;8;4;2013;49;30000
144;5;4;2013;50;0
145;4;4;2013;50;0
146;3;4;2013;50;29000
147;2;4;2013;51;122000
148;1;4;2013;50;48000
149;29;3;2013;50;186000
150;28;3;2013;50;46000
151;27;3;2013;49;77000
152;26;3;2013;49;69000
153;25;3;2013;49;112000
154;22;3;2013;49;109000
155;21;3;2013;48;35000
156;20;3;2013;48;18000
157;19;3;2013;49;114000
158;18;3;2013;49;83000
159;15;3;2013;49;47000
160;14;3;2013;49;181000
161;13;3;2013;49;87000
162;12;3;2013;49;66000
163;11;3;2013;49;190000
164;8;3;2013;48;108000
165;7;3;2013;48;52000
166;6;3;2013;48;28000
167;5;3;2013;48;60000
168;4;3;2013;48;101000
169;1;3;2013;47;102000
170;28;2;2013;46;0
171;27;2;2013;46;52000
172;26;2;2013;46;109000
173;25;2;2013;46;39000
174;22;2;2013;46;63000
175;21;2;2013;46;47000
176;20;2;2013;45;75000
177;19;2;2013;46;75000
178;18;2;2013;46;65000
179;15;2;2013;45;0
180;14;2;2013;45;0
181;13;2;2013;45;0
182;12;2;2013;45;0
183;11;2;2013;45;0
184;8;2;2013;45;0
185;7;2;2013;45;0
186;6;2;2013;45;24000
187;5;2;2013;45;22000
188;4;2;2013;44;93000
189;1;2;2013;45;14000
190;31;1;2013;45;10000
191;30;1;2013;45;46000
192;29;1;2013;45;8000
193;28;1;2013;45;18000
194;25;1;2013;45;10000
195;24;1;2013;45;75000
196;23;1;2013;45;14000
197;22;1;2013;45;28000
198;21;1;2013;46;36000
199;18;1;2013;45;27000
200;17;1;2013;45;50000
201;16;1;2013;45;30000
202;15;1;2013;45;11000
203;14;1;2013;45;17000
204;11;1;2013;45;18000
205;10;1;2013;45;36000
206;9;1;2013;45;17000
207;8;1;2013;45;49000
208;7;1;2013;45;29000
209;4;1;2013;45;48000
210;3;1;2013;45;46000
211;2;1;2013;46;12000
212;1;1;2013;45;0
213;31;12;2012;45;0
214;28;12;2012;45;13000
215;27;12;2012;45;32000
216;26;12;2012;45;31000
217;25;12;2012;45;19000
218;24;12;2012;44;26000
219;21;12;2012;45;17000
220;20;12;2012;45;17000
221;19;12;2012;45;40000
222;18;12;2012;44;71000
223;17;12;2012;44;12000
224;14;12;2012;44;19000
225;13;12;2012;44;61000
226;12;12;2012;44;10000
227;11;12;2012;43;21000
228;10;12;2012;43;2000
229;7;12;2012;43;16000
230;6;12;2012;44;13000
231;5;12;2012;44;31000
232;4;12;2012;43;15000
233;3;12;2012;43;49000
234;30;11;2012;43;42000
235;29;11;2012;43;30000
236;28;11;2012;42;38000
237;27;11;2012;43;9000
238;26;11;2012;43;16000
239;23;11;2012;42;32000
240;22;11;2012;42;0
241;21;11;2012;42;178000
242;20;11;2012;42;32000
243;19;11;2012;43;12000
244;16;11;2012;43;19000
245;15;11;2012;43;19000
246;14;11;2012;43;14000
247;13;11;2012;43;29000
248;12;11;2012;44;5000
249;9;11;2012;44;43000
250;8;11;2012;44;25000
251;7;11;2012;44;25000
252;6;11;2012;44;30000
253;5;11;2012;44;8000
254;2;11;2012;44;46000
255;1;11;2012;44;104000
256;31;10;2012;44;26000
257;30;10;2012;44;20000
258;29;10;2012;44;46000
259;26;10;2012;44;59000
260;25;10;2012;45;16000
261;24;10;2012;45;17000
262;23;10;2012;45;65000
263;22;10;2012;44;58000
264;19;10;2012;44;38000
265;18;10;2012;44;37000
266;17;10;2012;44;27000
267;16;10;2012;45;22000
268;15;10;2012;45;39000
269;12;10;2012;45;29000
270;11;10;2012;45;28000
271;10;10;2012;45;0
272;9;10;2012;45;25000
273;8;10;2012;46;33000
274;5;10;2012;46;17000
275;4;10;2012;46;27000
276;3;10;2012;46;20000
277;2;10;2012;46;10000
278;1;10;2012;46;19000
279;28;9;2012;46;18000
280;27;9;2012;46;7000
281;26;9;2012;46;17000
282;25;9;2012;46;28000
283;24;9;2012;46;9000
284;21;9;2012;46;13000
285;20;9;2012;46;9000
286;19;9;2012;46;39000
287;18;9;2012;46;20000
288;17;9;2012;46;25000
289;14;9;2012;46;43000
290;13;9;2012;46;19000
291;12;9;2012;46;12000
292;11;9;2012;46;103000
293;10;9;2012;46;7000
294;7;9;2012;46;4000
295;6;9;2012;46;39000
296;5;9;2012;46;28000
297;4;9;2012;46;4000
298;3;9;2012;46;50000
299;31;8;2012;46;15000
300;30;8;2012;46;5000
301;29;8;2012;46;4000
302;28;8;2012;46;24000
303;27;8;2012;46;29000
304;24;8;2012;46;15000
305;23;8;2012;46;16000
306;22;8;2012;46;11000
307;21;8;2012;46;30000
308;20;8;2012;46;4000
309;17;8;2012;46;43000
310;16;8;2012;47;41000
311;15;8;2012;46;27000
312;14;8;2012;46;32000
313;13;8;2012;46;25000
314;10;8;2012;47;20000
315;9;8;2012;47;50000
316;8;8;2012;46;53000
317;7;8;2012;46;23000
318;6;8;2012;46;42000
319;3;8;2012;46;14000
320;2;8;2012;46;0
321;1;8;2012;46;12000
322;31;7;2012;47;14000
323;30;7;2012;47;192000
324;27;7;2012;46;21000
325;26;7;2012;46;17000
326;25;7;2012;46;28000
327;24;7;2012;46;22000
328;23;7;2012;46;12000
329;20;7;2012;46;2000
330;19;7;2012;46;9000
331;18;7;2012;46;20000
332;17;7;2012;46;37000
333;16;7;2012;47;15000
334;13;7;2012;47;12000
335;12;7;2012;47;5000
336;11;7;2012;47;11000
337;10;7;2012;47;12000
338;9;7;2012;48;12000
339;6;7;2012;47;21000
340;5;7;2012;47;10000
341;4;7;2012;47;42000
342;3;7;2012;47;14000
343;2;7;2012;47;37000
344;29;6;2012;47;13000
345;28;6;2012;47;72000
346;27;6;2012;49;98000
347;26;6;2012;48;21000
348;25;6;2012;49;27000
349;22;6;2012;49;24000
350;21;6;2012;49;15000
351;20;6;2012;49;16000
352;19;6;2012;49;34000
353;18;6;2012;49;34000
354;15;6;2012;48;15000
355;14;6;2012;48;14000
356;13;6;2012;48;16000
357;12;6;2012;49;6000
358;11;6;2012;49;29000
359;8;6;2012;48;26000
360;7;6;2012;48;19000
361;6;6;2012;48;18000
362;5;6;2012;47;16000
363;4;6;2012;46;39000
364;1;6;2012;47;18000
365;31;5;2012;48;20000
366;30;5;2012;48;18000
367;29;5;2012;49;12000
368;28;5;2012;48;17000
369;25;5;2012;48;16000
370;24;5;2012;48;5000
371;23;5;2012;48;13000
372;22;5;2012;49;12000
373;21;5;2012;49;19000
374;18;5;2012;48;31000
375;17;5;2012;49;16000
376;16;5;2012;49;57000
377;15;5;2012;49;10000
378;14;5;2012;49;18000
379;11;5;2012;49;5000
380;10;5;2012;49;9000
381;9;5;2012;49;26000
382;8;5;2012;49;24000
383;7;5;2012;49;92000
384;4;5;2012;50;26000
385;3;5;2012;49;25000
386;2;5;2012;50;51000
387;1;5;2012;49;0
388;30;4;2012;49;23000
389;27;4;2012;49;34000
390;26;4;2012;50;32000
391;25;4;2012;50;98000
392;24;4;2012;48;56000
393;23;4;2012;48;34000
394;20;4;2012;49;24000
395;19;4;2012;49;40000
396;18;4;2012;48;56000
397;17;4;2012;48;31000
398;16;4;2012;48;38000
399;13;4;2012;48;37000
400;12;4;2012;48;36000
401;11;4;2012;48;22000
402;10;4;2012;48;21000
403;9;4;2012;48;43000
404;6;4;2012;49;79000
405;5;4;2012;48;89000
406;4;4;2012;48;0
407;3;4;2012;48;57000
408;2;4;2012;49;59000
409;30;3;2012;49;89000
410;29;3;2012;49;149000
411;28;3;2012;48;74000
412;27;3;2012;48;42000
413;26;3;2012;49;64000
414;23;3;2012;50;81000
415;22;3;2012;50;33000
416;21;3;2012;49;47000
417;20;3;2012;50;63000
418;19;3;2012;50;88000
419;16;3;2012;50;270000
420;15;3;2012;51;208000
421;14;3;2012;50;259000
422;13;3;2012;49;153000
423;12;3;2012;48;135000
424;9;3;2012;48;138000
425;8;3;2012;48;236000
426;7;3;2012;48;307000
427;6;3;2012;48;233000
428;5;3;2012;48;709000
429;2;3;2012;48;170000
430;1;3;2012;48;190000
431;29;2;2012;47;522000
432;28;2;2012;46;0
433;27;2;2012;46;0
434;24;2;2012;46;20000
435;23;2;2012;46;61000
436;22;2;2012;46;68000
437;21;2;2012;46;56000
438;20;2;2012;46;72000
439;17;2;2012;47;72000
440;16;2;2012;46;100000
441;15;2;2012;47;117000
442;14;2;2012;47;108000
443;13;2;2012;47;104000
444;10;2;2012;47;57000
445;9;2;2012;47;61000
446;8;2;2012;48;153000
447;7;2;2012;47;83000
448;6;2;2012;47;107000
449;3;2;2012;46;65000
450;2;2;2012;47;67000
451;1;2;2012;47;63000
452;31;1;2012;47;69000
453;30;1;2012;47;156000
454;27;1;2012;45;0
455;26;1;2012;45;0
456;25;1;2012;45;0
457;24;1;2012;45;0
458;23;1;2012;45;0
459;20;1;2012;45;0
460;19;1;2012;45;0
461;18;1;2012;45;72000
462;17;1;2012;45;46000
463;16;1;2012;44;29000
464;13;1;2012;44;111000
465;12;1;2012;44;46000
466;11;1;2012;44;43000
467;10;1;2012;44;33000
468;9;1;2012;44;29000
469;6;1;2012;44;45000
470;5;1;2012;44;0
471;4;1;2012;44;0
472;3;1;2012;44;0
473;2;1;2012;44;0
474;30;12;2011;44;27000
475;29;12;2011;45;35000
476;28;12;2011;45;33000
477;27;12;2011;45;6000
478;26;12;2011;45;51000
479;23;12;2011;45;98000
480;22;12;2011;45;34000
481;21;12;2011;46;83000
482;20;12;2011;44;16000
483;19;12;2011;43;41000
484;16;12;2011;44;18000
485;15;12;2011;44;19000
486;14;12;2011;44;26000
487;13;12;2011;44;23000
488;12;12;2011;45;27000
489;9;12;2011;45;29000
490;8;12;2011;45;17000
491;7;12;2011;45;71000
492;6;12;2011;45;64000
493;5;12;2011;45;113000
494;2;12;2011;44;67000
495;1;12;2011;44;307000
496;30;11;2011;41;70000
497;29;11;2011;42;77000
498;28;11;2011;42;71000
499;25;11;2011;42;147000
500;24;11;2011;41;107000
501;23;11;2011;42;433000
502;22;11;2011;42;217000
503;21;11;2011;44;112000
504;18;11;2011;45;105000
505;17;11;2011;46;171000
506;16;11;2011;47;89000
507;15;11;2011;48;38000
508;14;11;2011;48;38000
509;11;11;2011;48;60000
510;10;11;2011;48;66000
511;9;11;2011;49;24000
512;8;11;2011;49;32000
513;7;11;2011;49;41000
514;4;11;2011;48;85000
515;3;11;2011;48;49000
516;2;11;2011;49;110000
517;1;11;2011;49;154000
518;31;10;2011;50;141000
519;28;10;2011;49;271000
520;27;10;2011;48;355000
521;26;10;2011;48;47000
522;25;10;2011;48;49000
523;24;10;2011;48;95000
524;21;10;2011;47;82000
525;20;10;2011;48;16000
526;19;10;2011;47;44000
527;18;10;2011;47;22000
528;17;10;2011;47;58000
529;14;10;2011;47;19000
530;13;10;2011;47;35000
531;12;10;2011;47;17000
532;11;10;2011;47;99000
533;7;10;2011;46;1291000
534;6;10;2011;48;88000
535;5;10;2011;47;76000
536;4;10;2011;48;57000
537;3;10;2011;48;107000
538;30;9;2011;49;182000
539;29;9;2011;49;65000
540;28;9;2011;49;43000
541;27;9;2011;49;43000
542;26;9;2011;49;171000
543;23;9;2011;49;112000
544;22;9;2011;50;150000
545;21;9;2011;52;34000
546;20;9;2011;51;102000
547;19;9;2011;50;72000
548;16;9;2011;50;1290000
549;15;9;2011;49;756000
550;14;9;2011;52;97000
551;13;9;2011;53;17000
552;9;9;2011;53;93000
553;8;9;2011;53;78000
554;7;9;2011;53;54000
555;6;9;2011;53;144000
556;5;9;2011;54;119000
557;2;9;2011;54;123000
558;1;9;2011;53;630000
559;31;8;2011;52;8000
560;30;8;2011;52;41000
561;29;8;2011;52;21000
562;26;8;2011;52;40000
563;25;8;2011;52;44000
564;24;8;2011;52;44000
565;23;8;2011;52;170000
566;22;8;2011;51;53000
567;19;8;2011;51;106000
568;18;8;2011;52;60000
569;17;8;2011;53;86000
570;16;8;2011;53;154000
571;15;8;2011;53;84000
572;12;8;2011;50;164000
573;11;8;2011;51;113000
574;10;8;2011;51;243000
575;9;8;2011;51;314000
576;8;8;2011;51;281000
577;5;8;2011;53;239000
578;4;8;2011;55;86000
579;3;8;2011;56;64000
580;2;8;2011;57;75000
581;1;8;2011;57;53000
582;29;7;2011;57;65000
583;28;7;2011;57;58000
584;27;7;2011;57;86000
585;26;7;2011;58;179000
586;25;7;2011;58;69000
587;22;7;2011;58;245000
588;21;7;2011;58;546000
589;20;7;2011;58;115000
590;19;7;2011;58;118000
591;18;7;2011;58;187000
592;15;7;2011;57;71000
593;14;7;2011;58;102000
594;13;7;2011;58;167000
595;12;7;2011;57;82000
596;11;7;2011;58;303000
597;8;7;2011;58;386000
598;7;7;2011;55;76000
599;6;7;2011;55;59000
600;5;7;2011;55;69000
601;4;7;2011;56;93000
602;1;7;2011;55;150000
603;30;6;2011;56;125000
604;29;6;2011;55;374000
605;28;6;2011;58;506000
606;27;6;2011;58;162000
607;24;6;2011;58;222000
608;23;6;2011;59;518000
609;22;6;2011;57;79000
610;21;6;2011;57;62000
611;20;6;2011;56;148000
612;17;6;2011;56;44000
613;16;6;2011;57;123000
614;15;6;2011;58;308000
615;14;6;2011;58;680000
616;13;6;2011;55;28000
617;10;6;2011;55;48000
618;9;6;2011;56;32000
619;8;6;2011;56;66000
620;7;6;2011;56;31000
621;3;6;2011;56;31000
622;2;6;2011;56;48000
623;1;6;2011;56;50000
624;31;5;2011;56;72000
625;30;5;2011;56;164000
626;27;5;2011;54;60000
627;26;5;2011;54;98000
628;25;5;2011;55;45000
629;24;5;2011;55;95000
630;23;5;2011;55;66000
631;20;5;2011;55;114000
632;19;5;2011;55;40000
633;18;5;2011;55;65000
634;17;5;2011;55;62000
635;16;5;2011;56;101000
636;13;5;2011;56;202000
637;12;5;2011;57;255000
638;11;5;2011;57;338000
639;10;5;2011;58;1123000
640;9;5;2011;56;75000
641;6;5;2011;55;51000
642;5;5;2011;56;58000
643;4;5;2011;55;103000
644;3;5;2011;57;69000
645;29;4;2011;57;62000
646;28;4;2011;57;42000
647;27;4;2011;57;43000
648;26;4;2011;57;54000
649;25;4;2011;57;128000
650;22;4;2011;57;104000
651;21;4;2011;57;234000
652;20;4;2011;55;140000
653;19;4;2011;56;60000
654;18;4;2011;55;144000
655;15;4;2011;56;116000
656;14;4;2011;57;118000
657;13;4;2011;58;317000
658;12;4;2011;57;339000
659;11;4;2011;58;496000
660;8;4;2011;58;924000
661;7;4;2011;60;964000
662;6;4;2011;58;613000
663;1;4;2011;55;412000
664;31;3;2011;54;353000
665;30;3;2011;53;413000
666;29;3;2011;52;311000
667;28;3;2011;51;75000
668;25;3;2011;51;139000
669;24;3;2011;51;17000
670;23;3;2011;51;119000
671;22;3;2011;51;12000
672;21;3;2011;51;20000
673;18;3;2011;51;238000
674;17;3;2011;50;37000
675;16;3;2011;50;85000
676;15;3;2011;50;231000
677;14;3;2011;50;176000
678;11;3;2011;51;26000
679;10;3;2011;51;13000
680;9;3;2011;51;35000
681;8;3;2011;51;25000
682;7;3;2011;51;42000
683;4;3;2011;51;26000
684;3;3;2011;51;42000
685;2;3;2011;51;78000
686;1;3;2011;51;40000
687;25;2;2011;52;67000
688;24;2;2011;53;57000
689;23;2;2011;53;170000
690;22;2;2011;52;356000
691;21;2;2011;53;476000
692;18;2;2011;52;164000
693;17;2;2011;51;347000
694;16;2;2011;51;197000
695;15;2;2011;50;74000
696;14;2;2011;50;82000
697;11;2;2011;51;102000
698;10;2;2011;51;190000
699;9;2;2011;50;75000
700;8;2;2011;50;19000
701;28;1;2011;50;53000
702;27;1;2011;50;62000
703;26;1;2011;50;61000
704;25;1;2011;50;39000
705;24;1;2011;50;55000
706;21;1;2011;50;224000
707;20;1;2011;50;100000
708;19;1;2011;50;30000
709;18;1;2011;50;63000
710;17;1;2011;50;69000
711;14;1;2011;50;53000
712;13;1;2011;50;130000
713;12;1;2011;50;45000
714;11;1;2011;50;19000
715;10;1;2011;50;57000
716;7;1;2011;50;147000
717;6;1;2011;50;35000
718;5;1;2011;50;98000
719;4;1;2011;50;122000
720;3;1;2011;50;71000
721;31;12;2010;50;87000
722;30;12;2010;50;100000
723;29;12;2010;50;51000
724;28;12;2010;50;40000
725;27;12;2010;51;87000
726;24;12;2010;51;84000
727;23;12;2010;51;459000
728;22;12;2010;51;122000
729;21;12;2010;50;95000
730;20;12;2010;50;38000
731;17;12;2010;50;80000
732;16;12;2010;50;165000
733;15;12;2010;50;63000
734;14;12;2010;50;62000
735;13;12;2010;50;27000
736;10;12;2010;50;31000
737;9;12;2010;50;28000
738;8;12;2010;50;30000
739;7;12;2010;50;23000
740;6;12;2010;50;38000
741;3;12;2010;50;50000
742;2;12;2010;50;139000
743;1;12;2010;50;124000
744;30;11;2010;50;66000
745;29;11;2010;50;14000
746;26;11;2010;50;214000
747;25;11;2010;50;88000
748;24;11;2010;50;19000
749;23;11;2010;51;26000
750;22;11;2010;51;31000
751;19;11;2010;51;53000
752;18;11;2010;51;89000
753;17;11;2010;51;211000
754;16;11;2010;52;271000
755;15;11;2010;50;79000
756;12;11;2010;50;38000
757;11;11;2010;50;42000
758;10;11;2010;50;96000
759;9;11;2010;50;83000
760;8;11;2010;50;191000
761;5;11;2010;49;155000
762;4;11;2010;48;98000
763;3;11;2010;48;75000
764;2;11;2010;48;97000
765;1;11;2010;48;43000
766;29;10;2010;48;40000
767;28;10;2010;48;80000
768;27;10;2010;49;63000
769;26;10;2010;48;70000
770;25;10;2010;48;150000
771;22;10;2010;48;143000
772;21;10;2010;48;237000
773;20;10;2010;49;83000
774;19;10;2010;49;857000
775;18;10;2010;50;90000
776;15;10;2010;50;25000
777;14;10;2010;50;39000
778;13;10;2010;50;176000
779;12;10;2010;50;173000
780;11;10;2010;50;54000
781;8;10;2010;50;53000
782;7;10;2010;50;82000
783;6;10;2010;50;214000
784;5;10;2010;50;237000
785;4;10;2010;50;72000
786;1;10;2010;50;129000
787;30;9;2010;50;105000
788;29;9;2010;50;88000
789;28;9;2010;51;54000
790;27;9;2010;51;93000
791;24;9;2010;52;49000
792;23;9;2010;52;179000
793;21;9;2010;51;30000
794;20;9;2010;51;61000
795;17;9;2010;51;107000
796;16;9;2010;51;83000
797;15;9;2010;51;79000
798;14;9;2010;51;179000
799;13;9;2010;51;172000
800;10;9;2010;51;54000
801;9;9;2010;51;28000
802;8;9;2010;51;49000
803;7;9;2010;52;97000
804;6;9;2010;52;144000
805;3;9;2010;51;149000
806;2;9;2010;51;128000
807;1;9;2010;51;175000
808;31;8;2010;52;154000
809;30;8;2010;53;108000
810;27;8;2010;52;106000
811;26;8;2010;52;398000
812;25;8;2010;53;341000
813;24;8;2010;55;211000
814;23;8;2010;54;386000
815;20;8;2010;55;103000
816;19;8;2010;56;468000
817;18;8;2010;56;503000
818;17;8;2010;57;1465000
819;16;8;2010;55;1010000
820;13;8;2010;56;1919000
821;12;8;2010;54;422000
822;11;8;2010;54;414000
823;10;8;2010;53;490000
824;9;8;2010;54;1290000
825;6;8;2010;52;263000
826;5;8;2010;52;341000
827;4;8;2010;53;787000
828;3;8;2010;52;340000
829;2;8;2010;52;318000
830;30;7;2010;52;499000
831;29;7;2010;51;271000
832;28;7;2010;52;704000
833;27;7;2010;52;384000
834;26;7;2010;51;171000
835;23;7;2010;51;200000
836;22;7;2010;51;108000
837;21;7;2010;51;302000
838;20;7;2010;51;384000
839;19;7;2010;51;144000
840;16;7;2010;51;299000
841;15;7;2010;51;241000
842;14;7;2010;51;328000
843;13;7;2010;51;278000
844;12;7;2010;51;279000
845;9;7;2010;51;1228000
846;8;7;2010;53;821000
847;7;7;2010;53;2010000
848;6;7;2010;51;577000
849;5;7;2010;51;1456000
850;2;7;2010;50;623000
851;1;7;2010;51;2475000
852;30;6;2010;52;731000
853;29;6;2010;50;398000
854;28;6;2010;51;552000
855;25;6;2010;53;1715000
856;24;6;2010;51;798000
857;23;6;2010;51;2455000
858;22;6;2010;48;131000
859;21;6;2010;48;323000
860;18;6;2010;46;95000
861;17;6;2010;46;97000
862;15;6;2010;46;453000
863;14;6;2010;47;22000
864;11;6;2010;48;250000
865;10;6;2010;48;19000
866;9;6;2010;48;115000
867;8;6;2010;49;202000
868;7;6;2010;47;146000
869;4;6;2010;48;303000
870;3;6;2010;47;520000
871;2;6;2010;47;333000
872;1;6;2010;45;97000
873;31;5;2010;46;162000
874;28;5;2010;45;152000
875;27;5;2010;45;93000
876;26;5;2010;44;153000
877;25;5;2010;43;85000
878;24;5;2010;45;67000
879;21;5;2010;44;268000
880;20;5;2010;44;103000
881;19;5;2010;45;85000
882;18;5;2010;45;194000
883;17;5;2010;45;71000
884;14;5;2010;45;119000
885;13;5;2010;45;131000
886;12;5;2010;45;106000
887;11;5;2010;46;151000
888;10;5;2010;46;96000
889;7;5;2010;46;551000
890;6;5;2010;46;405000
891;5;5;2010;48;545000
892;4;5;2010;49;1207000
893;3;5;2010;48;1787000
894;30;4;2010;47;1510000
895;29;4;2010;47;2729000
896;28;4;2010;44;318000
897;27;4;2010;43;61000
898;26;4;2010;43;148000
899;23;4;2010;42;109000
900;22;4;2010;43;132000
901;21;4;2010;43;275000
902;20;4;2010;42;300000
903;19;4;2010;43;139000
904;16;4;2010;43;148000
905;15;4;2010;43;142000
906;14;4;2010;43;125000
907;13;4;2010;43;89000
908;12;4;2010;44;72000
909;9;4;2010;44;316000
910;8;4;2010;44;589000
911;7;4;2010;44;116000
912;6;4;2010;43;306000
913;2;4;2010;44;368000
914;1;4;2010;43;182000
915;31;3;2010;44;311000
916;30;3;2010;44;312000
917;29;3;2010;43;598000
918;26;3;2010;43;1412000
919;25;3;2010;44;643000
920;24;3;2010;44;2310000
921;23;3;2010;41;299000
922;22;3;2010;40;287000
923;19;3;2010;41;182000
924;18;3;2010;41;142000
925;17;3;2010;40;84000
926;16;3;2010;40;87000
927;15;3;2010;40;178000
928;12;3;2010;41;110000
929;11;3;2010;40;173000
930;10;3;2010;41;377000
931;9;3;2010;42;1365000
932;8;3;2010;39;205000
933;5;3;2010;40;461000
934;4;3;2010;37;34000
935;3;3;2010;38;55000
936;2;3;2010;38;137000
937;1;3;2010;38;63000
938;26;2;2010;37;143000
939;25;2;2010;37;80000
940;24;2;2010;38;137000
941;23;2;2010;38;119000
942;22;2;2010;38;282000
943;10;2;2010;38;447000
944;9;2;2010;37;80000
945;8;2;2010;37;119000
946;5;2;2010;38;795000
947;4;2;2010;36;34000
948;3;2;2010;36;153000
949;2;2;2010;35;52000
950;1;2;2010;35;91000
951;29;1;2010;35;390000
952;28;1;2010;36;266000
953;27;1;2010;35;356000
954;26;1;2010;35;476000
955;25;1;2010;36;103000
956;22;1;2010;36;192000
957;21;1;2010;37;118000
958;20;1;2010;36;115000
959;19;1;2010;37;173000
960;18;1;2010;37;157000
961;15;1;2010;37;217000
962;14;1;2010;37;137000
963;13;1;2010;37;107000
964;12;1;2010;38;615000
965;11;1;2010;36;124000
966;8;1;2010;36;140000
967;7;1;2010;37;280000
968;6;1;2010;36;125000
969;5;1;2010;36;184000
970;4;1;2010;35;142000
971;1;1;2010;36;0
972;31;12;2009;36;205000
973;30;12;2009;36;204000
974;29;12;2009;36;68000
975;28;12;2009;36;101000
976;25;12;2009;36;263000
977;24;12;2009;37;111000
978;23;12;2009;38;139000
979;22;12;2009;38;183000
980;21;12;2009;38;298000
981;18;12;2009;38;292000
982;17;12;2009;38;531000
983;16;12;2009;39;1476000
984;15;12;2009;39;1995000
985;14;12;2009;36;1307000
986;11;12;2009;34;135000
987;10;12;2009;33;154000
988;9;12;2009;33;85000
989;8;12;2009;33;50000
990;7;12;2009;33;35000
991;4;12;2009;33;38000
992;3;12;2009;33;118000
993;2;12;2009;32;48000
994;1;12;2009;33;33000
995;30;11;2009;33;12000
996;27;11;2009;32;199000
997;26;11;2009;33;71000
998;25;11;2009;33;60000
999;24;11;2009;33;92000
1000;23;11;2009;33;43000
1001;20;11;2009;33;36000
1002;19;11;2009;33;168000
1003;18;11;2009;34;327000
1004;17;11;2009;33;72000
1005;16;11;2009;33;86000
1006;13;11;2009;33;70000
1007;12;11;2009;33;82000
1008;11;11;2009;33;65000
1009;10;11;2009;33;173000
1010;9;11;2009;33;109000
1011;6;11;2009;33;138000
1012;5;11;2009;33;67000
1013;4;11;2009;34;228000
1014;3;11;2009;34;236000
1015;2;11;2009;34;454000
1016;30;10;2009;34;1707000
1017;29;10;2009;32;244000
1018;28;10;2009;32;282000
1019;27;10;2009;32;53000
1020;26;10;2009;32;32000
1021;23;10;2009;32;22000
1022;22;10;2009;32;36000
1023;21;10;2009;32;118000
1024;20;10;2009;32;56000
1025;19;10;2009;32;18000
1026;16;10;2009;32;30000
1027;15;10;2009;32;94000
1028;14;10;2009;32;136000
1029;13;10;2009;32;47000
1030;12;10;2009;32;55000
1031;9;10;2009;32;56000
1032;8;10;2009;32;78000
1033;7;10;2009;32;58000
1034;6;10;2009;32;75000
1035;5;10;2009;32;76000
1036;2;10;2009;31;21000
1037;1;10;2009;31;59000
1038;30;9;2009;32;81000
1039;29;9;2009;32;52000
1040;28;9;2009;32;23000
1041;25;9;2009;32;22000
1042;24;9;2009;32;11000
1043;23;9;2009;32;15000
1044;22;9;2009;32;32000
1045;21;9;2009;32;70000
1046;18;9;2009;32;42000
1047;17;9;2009;32;91000
1048;16;9;2009;32;40000
1049;15;9;2009;32;14000
1050;14;9;2009;32;30000
1051;11;9;2009;32;16000
1052;10;9;2009;32;88000
1053;9;9;2009;32;65000
1054;8;9;2009;32;132000
1055;7;9;2009;32;44000
1056;4;9;2009;32;50000
1057;3;9;2009;32;223000
1058;2;9;2009;31;47000
1059;1;9;2009;31;29000
1060;31;8;2009;31;5000
1061;28;8;2009;31;25000
1062;27;8;2009;31;38000
1063;26;8;2009;31;73000
1064;25;8;2009;31;41000
1065;24;8;2009;32;63000
1066;21;8;2009;31;104000
1067;20;8;2009;31;52000
1068;19;8;2009;32;93000
1069;18;8;2009;32;163000
1070;17;8;2009;32;273000
1071;14;8;2009;33;21000
1072;13;8;2009;33;134000
1073;12;8;2009;33;29000
1074;11;8;2009;33;15000
1075;10;8;2009;33;134000
1076;6;8;2009;34;25000
1077;5;8;2009;33;135000
1078;4;8;2009;34;243000
1079;3;8;2009;35;127000
1080;31;7;2009;35;443000
1081;30;7;2009;34;178000
1082;29;7;2009;34;171000
1083;28;7;2009;34;373000
1084;27;7;2009;34;275000
1085;24;7;2009;33;103000
1086;23;7;2009;34;272000
1087;22;7;2009;34;522000
1088;21;7;2009;35;1628000
1089;20;7;2009;33;68000
1090;17;7;2009;33;89000
1091;16;7;2009;32;142000
1092;15;7;2009;32;93000
1093;14;7;2009;32;32000
1094;13;7;2009;33;182000
1095;10;7;2009;33;91000
1096;9;7;2009;33;84000
1097;8;7;2009;33;83000
1098;7;7;2009;34;184000
1099;6;7;2009;34;128000
1100;3;7;2009;35;211000
1101;2;7;2009;34;164000
1102;1;7;2009;34;70000
1103;30;6;2009;34;79000
1104;29;6;2009;34;106000
1105;26;6;2009;35;268000
1106;25;6;2009;35;767000
1107;24;6;2009;33;180000
1108;23;6;2009;32;239000
1109;22;6;2009;32;195000
1110;19;6;2009;33;209000
1111;18;6;2009;34;129000
1112;17;6;2009;34;120000
1113;16;6;2009;34;289000
1114;15;6;2009;34;837000
1115;12;6;2009;34;1148000
1116;11;6;2009;33;135000
1117;10;6;2009;31;457000
1118;9;6;2009;33;262000
1119;8;6;2009;33;267000
1120;5;6;2009;34;414000
1121;4;6;2009;33;189000
1122;3;6;2009;33;370000
1123;2;6;2009;35;1282000
1124;1;6;2009;36;2246000
1125;29;5;2009;34;0
1126;28;5;2009;34;0
1127;27;5;2009;34;1220000
1128;26;5;2009;33;1332000
1129;25;5;2009;31;664000
1130;22;5;2009;29;101000
1131;21;5;2009;29;25000
1132;20;5;2009;29;83000
1133;19;5;2009;29;59000
1134;18;5;2009;28;41000
1135;15;5;2009;28;27000
1136;14;5;2009;28;71000
1137;13;5;2009;28;27000
1138;12;5;2009;28;18000
1139;11;5;2009;28;113000
1140;8;5;2009;28;108000
1141;7;5;2009;28;68000
1142;6;5;2009;28;60000
1143;5;5;2009;28;84000
1144;4;5;2009;28;160000
1145;1;5;2009;28;0
1146;30;4;2009;28;223000
1147;29;4;2009;26;57000
1148;28;4;2009;26;47000
1149;27;4;2009;26;82000
1150;24;4;2009;27;48000
1151;23;4;2009;27;47000
1152;22;4;2009;27;60000
1153;21;4;2009;27;21000
1154;20;4;2009;26;59000
1155;17;4;2009;26;87000
1156;16;4;2009;27;53000
1157;15;4;2009;27;61000
1158;14;4;2009;28;27000
1159;13;4;2009;28;214000
1160;10;4;2009;27;64000
1161;9;4;2009;28;130000
1162;8;4;2009;27;55000
1163;7;4;2009;27;39000
1164;6;4;2009;27;46000
1165;3;4;2009;27;114000
1166;2;4;2009;28;273000
1167;1;4;2009;26;33000
1168;31;3;2009;26;38000
1169;30;3;2009;26;17000
1170;27;3;2009;26;37000
1171;26;3;2009;26;74000
1172;25;3;2009;26;79000
1173;24;3;2009;26;52000
1174;23;3;2009;26;32000
1175;20;3;2009;26;29000
1176;19;3;2009;26;100000
1177;18;3;2009;26;26000
1178;17;3;2009;25;41000
1179;16;3;2009;26;75000
1180;13;3;2009;25;33000
1181;12;3;2009;25;10000
1182;11;3;2009;25;25000
1183;10;3;2009;25;11000
1184;9;3;2009;25;7000
1185;6;3;2009;25;7000
1186;5;3;2009;26;32000
1187;4;3;2009;25;7000
1188;3;3;2009;25;13000
1189;2;3;2009;25;37000
1190;27;2;2009;25;61000
1191;26;2;2009;25;23000
1192;25;2;2009;25;3000
1193;24;2;2009;25;12000
1194;23;2;2009;25;10000
1195;20;2;2009;25;13000
1196;19;2;2009;25;61000
1197;18;2;2009;25;64000
1198;17;2;2009;25;117000
1199;16;2;2009;25;46000
1200;13;2;2009;25;64000
1201;12;2;2009;25;31000
1202;11;2;2009;25;36000
1203;10;2;2009;25;22000
1204;9;2;2009;25;67000
1205;6;2;2009;25;17000
1206;5;2;2009;25;3000
1207;4;2;2009;25;4000
1208;3;2;2009;25;14000
1209;2;2;2009;25;7000
1210;21;1;2009;25;34000
1211;20;1;2009;25;12000
1212;19;1;2009;25;1000
1213;16;1;2009;25;2000
1214;15;1;2009;25;5000
1215;14;1;2009;25;7000
1216;13;1;2009;25;1000
1217;12;1;2009;25;5000
1218;9;1;2009;25;11000
1219;8;1;2009;25;8000
1220;7;1;2009;25;3000
1221;6;1;2009;25;9000
1222;5;1;2009;25;6000
1223;2;1;2009;25;0
1224;1;1;2009;25;0
1225;31;12;2008;25;11000
1226;30;12;2008;25;7000
1227;29;12;2008;25;1000
1228;26;12;2008;25;5000
1229;25;12;2008;25;10000
1230;24;12;2008;25;25000
1231;23;12;2008;25;10000
1232;22;12;2008;25;30000
1233;19;12;2008;25;3000
1234;18;12;2008;25;16000
1235;17;12;2008;25;5000
1236;16;12;2008;25;6000
1237;15;12;2008;25;14000
1238;12;12;2008;25;24000
1239;11;12;2008;25;11000
1240;10;12;2008;25;27000
1241;9;12;2008;25;24000
1242;8;12;2008;25;35000
1243;5;12;2008;25;14000
1244;4;12;2008;25;37000
1245;3;12;2008;25;18000
1246;2;12;2008;25;33000
1247;1;12;2008;25;42000
1248;28;11;2008;25;62000
1249;27;11;2008;25;22000
1250;26;11;2008;25;12000
1251;25;11;2008;25;10000
1252;24;11;2008;25;35000
1253;21;11;2008;25;46000
1254;20;11;2008;25;41000
1255;19;11;2008;25;39000
1256;18;11;2008;25;33000
1257;17;11;2008;25;29000
1258;14;11;2008;25;16000
1259;13;11;2008;25;29000
1260;12;11;2008;25;24000
1261;11;11;2008;26;71000
1262;10;11;2008;25;48000
1263;7;11;2008;25;174000
1264;6;11;2008;25;11000
1265;5;11;2008;25;17000
1266;4;11;2008;25;25000
1267;3;11;2008;25;37000
1268;31;10;2008;25;60000
1269;30;10;2008;25;60000
1270;29;10;2008;25;51000
1271;28;10;2008;25;61000
1272;27;10;2008;25;48000
1273;24;10;2008;25;145000
1274;23;10;2008;25;339000
1275;22;10;2008;25;46000
1276;21;10;2008;25;93000
1277;20;10;2008;25;70000
1278;17;10;2008;25;146000
1279;16;10;2008;25;38000
1280;15;10;2008;26;288000
1281;14;10;2008;26;39000
1282;13;10;2008;26;54000
1283;9;10;2008;26;55000
1284;8;10;2008;27;20000
1285;7;10;2008;27;20000
1286;6;10;2008;27;35000
1287;3;10;2008;28;104000
1288;2;10;2008;27;46000
1289;1;10;2008;27;33000
1290;30;9;2008;27;94000
1291;26;9;2008;27;17000
1292;25;9;2008;27;10000
1293;24;9;2008;27;70000
1294;23;9;2008;27;14000
1295;22;9;2008;27;75000
1296;19;9;2008;27;21000
1297;18;9;2008;26;187000
1298;17;9;2008;27;164000
1299;16;9;2008;27;124000
1300;15;9;2008;27;89000
1301;12;9;2008;28;11000
1302;11;9;2008;28;42000
1303;10;9;2008;28;10000
1304;9;9;2008;28;12000
1305;8;9;2008;28;39000
1306;5;9;2008;28;45000
1307;4;9;2008;28;102000
1308;3;9;2008;27;46000
1309;2;9;2008;28;69000
1310;1;9;2008;28;12000
1311;29;8;2008;28;20000
1312;28;8;2008;28;34000
1313;27;8;2008;27;16000
1314;26;8;2008;27;17000
1315;25;8;2008;27;18000
1316;22;8;2008;27;29000
1317;21;8;2008;27;62000
1318;20;8;2008;28;22000
1319;19;8;2008;28;15000
1320;18;8;2008;28;26000
1321;15;8;2008;28;11000
1322;14;8;2008;28;30000
1323;13;8;2008;28;26000
1324;12;8;2008;28;11000
1325;11;8;2008;28;24000
1326;8;8;2008;28;43000
1327;7;8;2008;28;24000
1328;6;8;2008;28;33000
1329;5;8;2008;27;58000
1330;4;8;2008;28;85000
1331;1;8;2008;28;12000
1332;31;7;2008;28;36000
1333;30;7;2008;28;18000
1334;29;7;2008;27;76000
1335;25;7;2008;28;74000
1336;24;7;2008;28;96000
1337;23;7;2008;28;31000
1338;22;7;2008;28;22000
1339;21;7;2008;28;19000
1340;18;7;2008;27;89000
1341;17;7;2008;28;36000
1342;16;7;2008;28;83000
1343;15;7;2008;28;120000
1344;14;7;2008;28;32000
1345;11;7;2008;29;38000
1346;10;7;2008;28;27000
1347;9;7;2008;29;40000
1348;8;7;2008;30;62000
1349;7;7;2008;30;229000
1350;4;7;2008;29;49000
1351;3;7;2008;29;418000
1352;2;7;2008;30;129000
1353;1;7;2008;28;248000
1354;30;6;2008;29;101000
1355;27;6;2008;29;372000
1356;26;6;2008;30;61000
1357;25;6;2008;31;136000
1358;24;6;2008;30;161000
1359;23;6;2008;31;99000
1360;20;6;2008;31;85000
1361;19;6;2008;31;74000
1362;18;6;2008;31;47000
1363;17;6;2008;31;49000
1364;16;6;2008;31;167000
1365;13;6;2008;30;80000
1366;12;6;2008;30;147000
1367;11;6;2008;30;194000
1368;10;6;2008;31;538000
1369;9;6;2008;32;240000
1370;6;6;2008;31;52000
1371;5;6;2008;31;85000
1372;4;6;2008;31;66000
1373;3;6;2008;32;155000
1374;2;6;2008;31;315000
1375;30;5;2008;33;616000
1376;29;5;2008;33;1756000
1377;28;5;2008;31;162000
1378;27;5;2008;31;107000
1379;26;5;2008;30;55000
1380;23;5;2008;30;22000
1381;22;5;2008;30;31000
1382;21;5;2008;30;61000
1383;20;5;2008;31;131000
1384;19;5;2008;31;78000
1385;16;5;2008;31;169000
1386;15;5;2008;30;51000
1387;14;5;2008;30;19000
1388;13;5;2008;29;21000
1389;12;5;2008;29;24000
1390;9;5;2008;29;25000
1391;8;5;2008;29;135000
1392;7;5;2008;30;103000
1393;6;5;2008;30;20000
1394;5;5;2008;30;23000
1395;2;5;2008;30;36000
1396;30;4;2008;30;39000
1397;29;4;2008;30;102000
1398;28;4;2008;30;52000
1399;25;4;2008;30;35000
1400;24;4;2008;30;67000
1401;23;4;2008;30;40000
1402;22;4;2008;30;46000
1403;21;4;2008;30;59000
1404;18;4;2008;31;58000
1405;17;4;2008;30;130000
1406;16;4;2008;31;119000
1407;15;4;2008;31;232000
1408;14;4;2008;31;192000
1409;11;4;2008;30;57000
1410;10;4;2008;30;37000
1411;9;4;2008;30;46000
1412;8;4;2008;30;18000
1413;7;4;2008;30;43000
1414;3;4;2008;30;23000
1415;2;4;2008;30;59000
1416;1;4;2008;29;27000
1417;31;3;2008;30;45000
1418;28;3;2008;30;100000
1419;27;3;2008;30;159000
1420;26;3;2008;30;110000
1421;25;3;2008;30;336000
1422;24;3;2008;29;418000
1423;21;3;2008;29;134000
1424;20;3;2008;29;280000
1425;19;3;2008;30;71000
1426;18;3;2008;29;17000
1427;17;3;2008;29;21000
1428;14;3;2008;29;47000
1429;13;3;2008;29;74000
1430;12;3;2008;30;58000
1431;11;3;2008;30;66000
1432;10;3;2008;30;103000
1433;7;3;2008;30;112000
1434;6;3;2008;31;264000
1435;5;3;2008;30;225000
1436;4;3;2008;29;115000
1437;3;3;2008;29;84000
1438;29;2;2008;29;57000
1439;27;2;2008;29;50000
1440;26;2;2008;29;46000
1441;25;2;2008;29;100000
1442;22;2;2008;28;7000
1443;21;2;2008;28;21000
1444;20;2;2008;28;17000
1445;19;2;2008;28;38000
1446;18;2;2008;28;31000
1447;15;2;2008;28;10000
1448;14;2;2008;28;25000
1449;13;2;2008;28;27000
1450;12;2;2008;28;24000
1451;1;2;2008;28;27000
1452;31;1;2008;28;54000
1453;30;1;2008;28;23000
1454;29;1;2008;28;19000
1455;28;1;2008;28;27000
1456;25;1;2008;28;20000
1457;24;1;2008;28;13000
1458;23;1;2008;28;47000
1459;22;1;2008;28;64000
1460;21;1;2008;29;65000
1461;18;1;2008;29;36000
1462;17;1;2008;29;32000
1463;16;1;2008;28;53000
1464;15;1;2008;29;102000
1465;14;1;2008;30;283000
1466;11;1;2008;28;48000
1467;10;1;2008;28;55000
1468;9;1;2008;29;48000
1469;8;1;2008;28;26000
1470;7;1;2008;28;40000
1471;4;1;2008;28;12000
1472;3;1;2008;28;28000
1473;2;1;2008;28;11000
1474;31;12;2007;28;20000
1475;28;12;2007;28;50000
1476;27;12;2007;28;14000
1477;26;12;2007;28;83000
1478;25;12;2007;28;43000
1479;24;12;2007;28;13000
1480;21;12;2007;28;21000
1481;20;12;2007;28;78000
1482;19;12;2007;28;54000
1483;18;12;2007;28;121000
1484;17;12;2007;28;248000
1485;14;12;2007;28;78000
1486;13;12;2007;28;12000
1487;12;12;2007;28;89000
1488;11;12;2007;28;31000
1489;10;12;2007;28;13000
1490;7;12;2007;28;19000
1491;6;12;2007;28;17000
1492;5;12;2007;28;20000
1493;4;12;2007;28;12000
1494;3;12;2007;28;11000
1495;30;11;2007;28;25000
1496;29;11;2007;28;24000
1497;28;11;2007;28;16000
1498;27;11;2007;28;32000
1499;26;11;2007;28;37000
1500;23;11;2007;28;37000
1501;22;11;2007;28;45000
1502;21;11;2007;28;143000
1503;20;11;2007;28;123000
1504;19;11;2007;28;186000
1505;16;11;2007;28;98000
1506;15;11;2007;28;95000
1507;14;11;2007;28;36000
1508;13;11;2007;28;38000
1509;12;11;2007;28;78000
1510;9;11;2007;28;82000
1511;8;11;2007;28;206000
1512;7;11;2007;28;56000
1513;6;11;2007;28;21000
1514;5;11;2007;28;188000
1515;2;11;2007;28;70000
1516;1;11;2007;28;160000
1517;31;10;2007;28;35000
1518;30;10;2007;29;35000
1519;29;10;2007;29;68000
1520;26;10;2007;29;14000
1521;25;10;2007;29;56000
1522;24;10;2007;28;66000
1523;23;10;2007;28;203000
1524;22;10;2007;28;166000
1525;19;10;2007;28;147000
1526;18;10;2007;29;19000
1527;17;10;2007;29;51000
1528;16;10;2007;29;43000
1529;15;10;2007;29;23000
1530;12;10;2007;29;21000
1531;11;10;2007;29;36000
1532;9;10;2007;29;54000
1533;8;10;2007;29;39000
1534;5;10;2007;29;27000
1535;4;10;2007;29;52000
1536;3;10;2007;29;52000
1537;2;10;2007;29;114000
1538;1;10;2007;29;70000
1539;28;9;2007;29;31000
1540;27;9;2007;29;98000
1541;26;9;2007;29;67000
1542;21;9;2007;29;71000
1543;20;9;2007;29;79000
1544;19;9;2007;29;49000
1545;17;9;2007;29;61000
1546;14;9;2007;29;35000
1547;13;9;2007;29;23000
1548;12;9;2007;29;128000
1549;11;9;2007;29;41000
1550;10;9;2007;29;49000
1551;7;9;2007;29;38000
1552;6;9;2007;29;23000
1553;5;9;2007;29;27000
1554;4;9;2007;29;55000
1555;3;9;2007;29;49000
1556;31;8;2007;29;145000
1557;30;8;2007;29;41000
1558;29;8;2007;29;132000
1559;28;8;2007;29;45000
1560;27;8;2007;29;69000
1561;24;8;2007;29;63000
1562;23;8;2007;29;51000
1563;22;8;2007;29;43000
1564;21;8;2007;29;78000
1565;20;8;2007;29;106000
1566;17;8;2007;29;284000
1567;16;8;2007;29;523000
1568;15;8;2007;29;191000
1569;14;8;2007;29;76000
1570;13;8;2007;29;107000
1571;10;8;2007;29;266000
1572;9;8;2007;29;161000
1573;8;8;2007;29;170000
1574;7;8;2007;29;65000
1575;6;8;2007;29;100000
1576;3;8;2007;29;111000
1577;2;8;2007;29;430000
1578;1;8;2007;29;287000
1579;31;7;2007;30;281000
1580;30;7;2007;29;351000
1581;27;7;2007;30;413000
1582;26;7;2007;31;329000
1583;25;7;2007;31;204000
1584;24;7;2007;31;269000
1585;23;7;2007;31;490000
1586;20;7;2007;31;747900
1587;19;7;2007;32;973900
1588;18;7;2007;31;479500
1589;17;7;2007;30;291700
1590;16;7;2007;31;427400
1591;13;7;2007;30;367000
1592;12;7;2007;30;220600
1593;11;7;2007;30;323500
1594;10;7;2007;31;309700
1595;9;7;2007;31;697000
1596;6;7;2007;30;469900
1597;5;7;2007;30;253500
1598;4;7;2007;30;344700
1599;3;7;2007;29;270500
1600;2;7;2007;30;212100
1601;29;6;2007;30;321400
1602;28;6;2007;29;136800
1603;27;6;2007;30;147400
1604;26;6;2007;30;849700
1605;25;6;2007;30;680000
1606;22;6;2007;29;289600
1607;21;6;2007;28;54100
1608;20;6;2007;28;117700
1609;15;6;2007;28;82700
1610;14;6;2007;28;103900
1611;13;6;2007;28;268400
1612;12;6;2007;29;311900
1613;11;6;2007;27;54100
1614;8;6;2007;27;33900
1615;7;6;2007;27;109200
1616;6;6;2007;27;42400
1617;5;6;2007;27;33900
1618;4;6;2007;27;123000
1619;1;6;2007;27;26500
1620;31;5;2007;27;50900
1621;30;5;2007;27;29700
1622;29;5;2007;27;21200
1623;28;5;2007;27;36000
1624;25;5;2007;27;74200
1625;24;5;2007;27;298100
1626;23;5;2007;27;80600
1627;22;5;2007;27;122000
1628;21;5;2007;28;83800
1629;18;5;2007;28;122000
1630;17;5;2007;28;103900
1631;16;5;2007;28;63600
1632;15;5;2007;28;196200
1633;14;5;2007;28;125100
1634;11;5;2007;28;51900
1635;10;5;2007;28;73200
1636;9;5;2007;28;66800
1637;8;5;2007;28;235500
1638;7;5;2007;28;59400
1639;4;5;2007;28;51900
1640;3;5;2007;28;127300
1641;2;5;2007;28;138900
1642;30;4;2007;28;135700
1643;27;4;2007;28;128300
1644;26;4;2007;28;36000
1645;25;4;2007;28;90100
1646;24;4;2007;28;154800
1647;23;4;2007;28;229100
1648;20;4;2007;28;122000
1649;19;4;2007;28;222700
1650;18;4;2007;29;146400
1651;17;4;2007;28;718200
1652;16;4;2007;28;159100
1653;13;4;2007;28;64700
1654;12;4;2007;28;103900
1655;11;4;2007;28;48800
1656;10;4;2007;28;90100
1657;9;4;2007;28;145300
1658;4;4;2007;29;98600
1659;3;4;2007;29;82700
1660;2;4;2007;29;108200
1661;30;3;2007;28;204700
1662;29;3;2007;28;143200
1663;28;3;2007;28;140000
1664;27;3;2007;28;135700
1665;26;3;2007;28;90100
1666;23;3;2007;28;138900
1667;22;3;2007;29;123000
1668;21;3;2007;29;232300
1669;20;3;2007;29;398800
1670;19;3;2007;28;138900
1671;16;3;2007;28;202600
1672;15;3;2007;27;351100
1673;14;3;2007;28;274700
1674;13;3;2007;29;90100
1675;12;3;2007;29;122000
1676;9;3;2007;29;146400
1677;8;3;2007;29;131500
1678;7;3;2007;29;124100
1679;6;3;2007;28;180300
1680;5;3;2007;28;288500
1681;2;3;2007;28;239700
1682;1;3;2007;28;244000
1683;27;2;2007;29;237600
1684;26;2;2007;30;662000
1685;14;2;2007;29;646000
1686;13;2;2007;30;1508600
1687;12;2;2007;30;1718600
1688;9;2;2007;28;778700
1689;8;2;2007;26;43400
1690;7;2;2007;26;13700
1691;6;2;2007;26;127300
1692;5;2;2007;26;30700
1693;2;2;2007;26;38100
1694;1;2;2007;26;27500
1695;31;1;2007;26;35000
1696;30;1;2007;26;48800
1697;29;1;2007;26;20100
1698;26;1;2007;27;44500
1699;25;1;2007;26;40300
1700;24;1;2007;26;66800
1701;23;1;2007;26;141100
1702;22;1;2007;26;82700
1703;19;1;2007;26;43400
1704;18;1;2007;26;15900
1705;17;1;2007;26;28600
1706;16;1;2007;26;33900
1707;15;1;2007;26;148500
1708;12;1;2007;26;252400
1709;11;1;2007;26;58300
1710;10;1;2007;26;81600
1711;9;1;2007;26;38100
1712;8;1;2007;26;55100
1713;5;1;2007;26;30700
1714;4;1;2007;26;47700
1715;3;1;2007;26;68900
1716;2;1;2007;27;170800
1717;29;12;2006;26;35000
1718;28;12;2006;26;81689300
1719;27;12;2006;26;87800
1720;26;12;2006;26;151700
1721;25;12;2006;26;196200
1722;22;12;2006;26;107100
1723;21;12;2006;26;56200
1724;20;12;2006;26;123000
1725;19;12;2006;26;66800
1726;18;12;2006;26;49800
1727;15;12;2006;27;208900
1728;14;12;2006;26;51900
1729;13;12;2006;26;560100
1730;12;12;2006;27;105000
1731;11;12;2006;27;74200
1732;8;12;2006;27;37100
1733;7;12;2006;27;20100
1734;6;12;2006;27;41300
1735;5;12;2006;26;96500
1736;4;12;2006;27;115600
1737;1;12;2006;27;118800
1738;30;11;2006;26;57200
1739;29;11;2006;26;137900
1740;28;11;2006;26;9500
1741;27;11;2006;26;70000
1742;24;11;2006;26;43400
1743;23;11;2006;26;110300
1744;22;11;2006;26;12700
1745;21;11;2006;27;36000
1746;20;11;2006;27;42400
1747;17;11;2006;26;51900
1748;16;11;2006;26;146400
1749;15;11;2006;26;32800
1750;14;11;2006;26;35000
1751;13;11;2006;27;25400
1752;10;11;2006;27;53000
1753;9;11;2006;26;66800
1754;8;11;2006;26;150600
1755;7;11;2006;26;35000
1756;6;11;2006;26;86900
1757;3;11;2006;26;80600
1758;2;11;2006;26;40300
1759;1;11;2006;26;79500
1760;31;10;2006;26;26500
1761;30;10;2006;26;63600
1762;27;10;2006;26;40300
1763;26;10;2006;26;76300
1764;25;10;2006;26;46600
1765;24;10;2006;26;90100
1766;23;10;2006;26;265200
1767;20;10;2006;26;133600
1768;19;10;2006;27;224900
1769;18;10;2006;27;46600
1770;17;10;2006;27;51900
1771;16;10;2006;28;60400
1772;13;10;2006;27;21200
1773;12;10;2006;27;41300
1774;11;10;2006;27;43400
1775;5;10;2006;27;134700
1776;4;10;2006;27;19000
1777;3;10;2006;27;36000
1778;2;10;2006;28;85900
1779;29;9;2006;27;19000
1780;28;9;2006;27;41300
1781;27;9;2006;27;35000
1782;26;9;2006;27;48800
1783;25;9;2006;27;101800
1784;22;9;2006;27;25400
1785;21;9;2006;27;55100
1786;20;9;2006;27;32800
1787;19;9;2006;27;99700
1788;18;9;2006;27;21200
1789;15;9;2006;26;19000
1790;14;9;2006;26;36000
1791;13;9;2006;26;24400
1792;12;9;2006;26;19000
1793;11;9;2006;26;35000
1794;8;9;2006;26;49800
1795;7;9;2006;26;31800
1796;6;9;2006;26;103900
1797;5;9;2006;27;27500
1798;4;9;2006;26;32800
1799;1;9;2006;26;158000
1800;31;8;2006;27;31800
1801;30;8;2006;26;30700
1802;29;8;2006;26;32800
1803;28;8;2006;26;24400
1804;25;8;2006;26;16900
1805;24;8;2006;26;21200
1806;23;8;2006;27;26500
1807;22;8;2006;27;27500
1808;21;8;2006;27;64700
1809;18;8;2006;27;117700
1810;17;8;2006;27;48800
1811;16;8;2006;27;72100
1812;15;8;2006;27;28600
1813;14;8;2006;26;24400
1814;11;8;2006;26;30700
1815;10;8;2006;26;231200
1816;9;8;2006;27;13700
1817;8;8;2006;26;19000
1818;7;8;2006;26;30700
1819;4;8;2006;27;27500
1820;3;8;2006;28;58300
1821;2;8;2006;28;51900
1822;1;8;2006;28;25400
1823;31;7;2006;27;26500
1824;28;7;2006;28;47700
1825;27;7;2006;27;19000
1826;26;7;2006;27;94400
1827;25;7;2006;27;56200
1828;24;7;2006;28;109200
1829;21;7;2006;27;84800
1830;20;7;2006;27;44500
1831;19;7;2006;26;63600
1832;18;7;2006;26;40300
1833;17;7;2006;26;179200
1834;14;7;2006;26;74200
1835;13;7;2006;27;46600
1836;12;7;2006;27;46600
1837;11;7;2006;27;111300
1838;10;7;2006;27;85900
1839;7;7;2006;27;157000
1840;6;7;2006;28;454000
1841;5;7;2006;30;846500
1842;4;7;2006;31;1082100
1843;3;7;2006;30;632200
1844;30;6;2006;29;132600
1845;29;6;2006;30;161200
1846;28;6;2006;28;45600
1847;27;6;2006;27;26500
1848;26;6;2006;27;22200
1849;23;6;2006;28;31800
1850;22;6;2006;27;25400
1851;21;6;2006;27;24400
1852;20;6;2006;27;43400
1853;19;6;2006;28;22200
1854;16;6;2006;27;58300
1855;15;6;2006;28;39200
1856;14;6;2006;29;82700
1857;13;6;2006;28;67800
1858;12;6;2006;28;50900
1859;9;6;2006;27;42400
1860;8;6;2006;26;134700
1861;7;6;2006;27;83800
1862;6;6;2006;27;90100
1863;5;6;2006;28;244000
1864;2;6;2006;28;373400
1865;1;6;2006;27;63600
1866;30;5;2006;28;42400
1867;29;5;2006;28;33900
1868;26;5;2006;28;73200
1869;25;5;2006;28;129400
1870;24;5;2006;28;128300
1871;23;5;2006;28;205800
1872;22;5;2006;28;102900
1873;19;5;2006;28;102900
1874;18;5;2006;29;89100
1875;17;5;2006;29;144200
1876;16;5;2006;30;291700
1877;15;5;2006;30;481600
1878;12;5;2006;30;462500
1879;11;5;2006;29;482700
1880;10;5;2006;29;1392900
1881;9;5;2006;29;474200
1882;8;5;2006;31;1006700
1883;5;5;2006;30;2729600
1884;4;5;2006;28;305500
1885;3;5;2006;28;503900
1886;2;5;2006;27;298100
1887;28;4;2006;25;122000
1888;27;4;2006;25;118800
1889;26;4;2006;24;42400
1890;25;4;2006;24;22200
1891;24;4;2006;24;50900
1892;21;4;2006;23;67800
1893;20;4;2006;23;41300
1894;19;4;2006;23;83800
1895;18;4;2006;23;19000
1896;17;4;2006;23;85900
1897;14;4;2006;22;50900
1898;13;4;2006;22;7400
1899;12;4;2006;22;5300
1900;11;4;2006;22;145300
1901;10;4;2006;22;163300
1902;7;4;2006;22;64700
1903;6;4;2006;22;24400
1904;4;4;2006;22;140000
1905;3;4;2006;22;6300
1906;31;3;2006;22;14800
1907;30;3;2006;23;61500
1908;29;3;2006;23;6300
1909;28;3;2006;23;35000
1910;27;3;2006;23;16900
1911;24;3;2006;23;25400
1912;23;3;2006;23;5300
1913;22;3;2006;23;12700
1914;21;3;2006;23;15900
1915;20;3;2006;23;67800
1916;17;3;2006;23;3100
1917;16;3;2006;23;2100
1918;15;3;2006;23;21200
1919;14;3;2006;23;14800
1920;13;3;2006;23;15900
1921;10;3;2006;23;21200
1922;9;3;2006;23;14800
1923;8;3;2006;23;10600
1924;7;3;2006;23;18000
1925;6;3;2006;22;20100
1926;3;3;2006;22;12700
1927;2;3;2006;22;11600
1928;1;3;2006;22;12700
1929;28;2;2006;22;0
1930;27;2;2006;22;2100
1931;24;2;2006;22;10600
1932;23;2;2006;22;57200
1933;22;2;2006;22;86900
1934;21;2;2006;22;10600
1935;20;2;2006;22;9500
1936;17;2;2006;22;11600
1937;16;2;2006;22;12700
1938;15;2;2006;22;39200
1939;14;2;2006;22;10600
1940;13;2;2006;22;16900
1941;10;2;2006;22;10600
1942;9;2;2006;22;11600
1943;8;2;2006;22;11600
1944;7;2;2006;22;16900
1945;6;2;2006;22;10600
1946;3;2;2006;22;15900
1947;2;2;2006;22;0
1948;1;2;2006;22;0
1949;31;1;2006;22;0
1950;30;1;2006;22;0
1951;27;1;2006;22;0
1952;26;1;2006;22;0
1953;25;1;2006;22;10600
1954;24;1;2006;22;10600
1955;23;1;2006;22;21200
1956;20;1;2006;22;23300
1957;19;1;2006;22;47700
1958;18;1;2006;22;16900
1959;17;1;2006;22;26500
1960;16;1;2006;22;13700
1961;13;1;2006;22;11600
1962;12;1;2006;22;10600
1963;11;1;2006;22;145300
1964;10;1;2006;22;10600
1965;9;1;2006;22;11600
1966;6;1;2006;22;10600
1967;5;1;2006;22;14800
1968;4;1;2006;22;10600
1969;3;1;2006;22;12700
1970;2;1;2006;22;10600
1971;30;12;2005;22;18000
1972;29;12;2005;22;115600
1973;28;12;2005;22;10600
1974;27;12;2005;22;13700
1975;26;12;2005;22;11600
1976;23;12;2005;22;12700
1977;22;12;2005;22;19000
1978;21;12;2005;22;11600
1979;20;12;2005;22;28600
1980;19;12;2005;22;25400
1981;16;12;2005;22;11600
1982;15;12;2005;22;4200
1983;14;12;2005;22;22200
1984;13;12;2005;22;26500
1985;12;12;2005;22;11600
1986;9;12;2005;22;11600
1987;8;12;2005;22;13700
1988;7;12;2005;22;26500
1989;6;12;2005;22;10600
1990;5;12;2005;22;18000
1991;2;12;2005;21;21200
1992;1;12;2005;21;12700
1993;30;11;2005;21;14800
1994;29;11;2005;21;11600
1995;28;11;2005;21;12700
1996;25;11;2005;21;19100
1997;24;11;2005;21;10600
1998;23;11;2005;21;11600
1999;22;11;2005;21;24400
2000;21;11;2005;21;32800
2001;18;11;2005;21;10600
2002;17;11;2005;21;15900
2003;16;11;2005;21;15900
2004;15;11;2005;21;52000
2005;14;11;2005;21;10700
2006;11;11;2005;21;19000
2007;10;11;2005;21;8300
2008;9;11;2005;21;16900
2009;8;11;2005;21;11600
2010;7;11;2005;21;8500
2011;4;11;2005;22;24400
2012;3;11;2005;21;28600
2013;2;11;2005;21;10600
2014;1;11;2005;21;10600
2015;31;10;2005;21;19000
2016;28;10;2005;20;10600
2017;27;10;2005;20;41300
2018;26;10;2005;21;71000
2019;25;10;2005;21;10600
2020;24;10;2005;21;9500
2021;21;10;2005;21;27500
2022;20;10;2005;21;133400
2023;19;10;2005;20;21100
2024;18;10;2005;20;12700
2025;17;10;2005;20;12900
2026;14;10;2005;20;19600
2027;13;10;2005;21;20100
2028;12;10;2005;20;10600
2029;11;10;2005;21;20100
2030;10;10;2005;21;0
2031;7;10;2005;21;54100
2032;6;10;2005;20;48800
2033;5;10;2005;20;20100
2034;4;10;2005;20;31800
2035;3;10;2005;20;32100
2036;30;9;2005;20;14800
2037;29;9;2005;21;16900
2038;28;9;2005;21;17000
2039;27;9;2005;21;10600
2040;26;9;2005;21;11800
2041;23;9;2005;21;16900
2042;22;9;2005;21;149900
2043;21;9;2005;21;11900
2044;20;9;2005;21;20600
2045;19;9;2005;21;11800
2046;16;9;2005;21;32600
2047;15;9;2005;21;19600
2048;14;9;2005;21;10600
2049;13;9;2005;22;24400
2050;12;9;2005;21;16900
2051;9;9;2005;21;23300
2052;8;9;2005;21;10700
2053;7;9;2005;21;58300
2054;6;9;2005;21;19000
2055;5;9;2005;21;12700
2056;2;9;2005;21;26800
2057;1;9;2005;21;0
2058;31;8;2005;21;11600
2059;30;8;2005;21;17100
2060;29;8;2005;22;33200
2061;26;8;2005;21;10600
2062;25;8;2005;22;12200
2063;24;8;2005;22;19100
2064;23;8;2005;22;60400
2065;22;8;2005;22;10600
2066;19;8;2005;22;2100
2067;18;8;2005;22;32000
2068;17;8;2005;22;37300
2069;16;8;2005;22;25600
2070;15;8;2005;22;59400
2071;12;8;2005;22;21600
2072;11;8;2005;22;16900
2073;10;8;2005;22;27900
2074;9;8;2005;22;11600
2075;8;8;2005;22;10600
2076;5;8;2005;22;0
2077;4;8;2005;22;19700
2078;3;8;2005;22;14800
2079;2;8;2005;22;32200
2080;1;8;2005;22;18900
2081;29;7;2005;22;18000
2082;28;7;2005;22;10700
2083;27;7;2005;22;25400
2084;26;7;2005;22;15100
2085;25;7;2005;22;26500
2086;22;7;2005;23;73200
2087;21;7;2005;22;13700
2088;20;7;2005;22;20100
2089;19;7;2005;22;53000
2090;18;7;2005;22;0
2091;15;7;2005;22;12700
2092;14;7;2005;22;13700
2093;13;7;2005;22;59500
2094;12;7;2005;22;39200
2095;11;7;2005;22;111300
2096;8;7;2005;22;14800
2097;7;7;2005;22;24300
2098;6;7;2005;22;10600
2099;5;7;2005;22;125100
2100;4;7;2005;24;233300
2101;1;7;2005;23;188800
2102;30;6;2005;23;98600
2103;29;6;2005;23;80600
2104;28;6;2005;23;38100
2105;27;6;2005;23;129400
2106;24;6;2005;23;61700
2107;23;6;2005;23;13800
2108;22;6;2005;23;11600
2109;21;6;2005;22;10600
2110;20;6;2005;23;57200
2111;17;6;2005;22;11500
2112;16;6;2005;22;35000
2113;15;6;2005;22;13800
2114;14;6;2005;22;22300
2115;13;6;2005;22;52000
2116;10;6;2005;23;50600
2117;9;6;2005;22;101800
2118;8;6;2005;22;780800
2119;7;6;2005;22;19100
2120;6;6;2005;22;32800
2121;3;6;2005;22;102900
2122;2;6;2005;22;23300
2123;1;6;2005;22;79800
2124;31;5;2005;22;53000
2125;30;5;2005;22;37100
2126;27;5;2005;22;35500
2127;26;5;2005;22;11600
2128;25;5;2005;22;45600
2129;24;5;2005;22;59400
2130;23;5;2005;22;185600
2131;20;5;2005;22;36200
2132;19;5;2005;22;53000
2133;18;5;2005;22;52500
2134;17;5;2005;22;79500
2135;16;5;2005;22;11600
2136;13;5;2005;22;31800
2137;12;5;2005;22;11600
2138;11;5;2005;22;30700
2139;10;5;2005;22;51100
2140;9;5;2005;22;38100
2141;6;5;2005;22;50900
2142;5;5;2005;22;54100
2143;4;5;2005;22;106000
2144;3;5;2005;22;13700
2145;2;5;2005;21;0
2146;29;4;2005;21;13700
2147;28;4;2005;21;14800
2148;27;4;2005;22;10600
2149;26;4;2005;21;81700
2150;25;4;2005;21;45600
2151;22;4;2005;22;139000
2152;21;4;2005;21;129800
2153;20;4;2005;22;14100
2154;19;4;2005;21;173900
2155;18;4;2005;21;190900
2156;15;4;2005;21;12600
2157;14;4;2005;21;11600
2158;13;4;2005;21;111400
2159;12;4;2005;21;47300
2160;11;4;2005;21;53300
2161;8;4;2005;21;54100
2162;7;4;2005;21;23300
2163;6;4;2005;21;21500
2164;5;4;2005;21;0
2165;4;4;2005;21;28400
2166;1;4;2005;21;17300
2167;31;3;2005;21;10600
2168;30;3;2005;21;22200
2169;29;3;2005;21;20300
2170;28;3;2005;21;10700
2171;25;3;2005;21;10600
2172;24;3;2005;21;12300
2173;23;3;2005;21;22100
2174;22;3;2005;21;32900
2175;21;3;2005;21;16200
2176;18;3;2005;20;23300
2177;17;3;2005;20;28200
2178;16;3;2005;21;234700
2179;15;3;2005;21;223000
2180;14;3;2005;20;20200
2181;11;3;2005;21;10600
2182;10;3;2005;21;15900
2183;9;3;2005;21;29700
2184;8;3;2005;21;35000
2185;7;3;2005;21;133000
2186;4;3;2005;21;15500
2187;3;3;2005;20;10600
2188;2;3;2005;20;80300
2189;1;3;2005;21;385100
2190;28;2;2005;22;0
2191;25;2;2005;22;691700
2192;24;2;2005;20;22200
2193;23;2;2005;20;40300
2194;22;2;2005;20;20200
2195;21;2;2005;20;83800
2196;18;2;2005;20;105000
2197;17;2;2005;20;72100
2198;16;2;2005;20;67900
2199;15;2;2005;20;54100
2200;14;2;2005;20;649200
2201;11;2;2005;20;0
2202;10;2;2005;20;0
2203;9;2;2005;20;0
2204;8;2;2005;20;0
2205;7;2;2005;20;0
2206;4;2;2005;20;0
2207;3;2;2005;20;24500
2208;2;2;2005;20;57200
2209;1;2;2005;20;20100
2210;31;1;2005;20;20100
2211;28;1;2005;20;29700
2212;27;1;2005;20;72200
2213;26;1;2005;20;23300
2214;25;1;2005;20;31800
2215;24;1;2005;20;73200
2216;21;1;2005;20;73200
2217;20;1;2005;20;93300
2218;19;1;2005;20;23300
2219;18;1;2005;20;27500
2220;17;1;2005;20;128300
2221;14;1;2005;20;22200
2222;13;1;2005;20;18100
2223;12;1;2005;20;27600
2224;11;1;2005;20;349000
2225;10;1;2005;21;32700
2226;7;1;2005;20;76700
2227;6;1;2005;20;17500
2228;5;1;2005;20;63000
2229;4;1;2005;20;37300
2230;3;1;2005;20;10600
2231;31;12;2004;20;67800
2232;30;12;2004;20;354100
2233;29;12;2004;20;109400
2234;28;12;2004;20;25400
2235;27;12;2004;20;216600
2236;24;12;2004;20;144700
2237;23;12;2004;20;163500
2238;22;12;2004;20;122200
2239;21;12;2004;20;36000
2240;20;12;2004;20;72100
2241;17;12;2004;20;27500
2242;16;12;2004;20;12000
2243;15;12;2004;20;11300
2244;14;12;2004;20;28600
2245;13;12;2004;20;41400
2246;10;12;2004;20;37300
2247;9;12;2004;20;35000
2248;8;12;2004;20;111300
2249;7;12;2004;20;135800
2250;6;12;2004;20;61500
2251;3;12;2004;20;12700
2252;2;12;2004;20;60300
2253;1;12;2004;19;13700
2254;30;11;2004;20;10600
2255;29;11;2004;20;33900
2256;26;11;2004;20;329900
2257;25;11;2004;19;13700
2258;24;11;2004;20;40300
2259;23;11;2004;19;53000
2260;22;11;2004;19;28600
2261;19;11;2004;20;41400
2262;18;11;2004;19;94400
2263;17;11;2004;20;94400
2264;16;11;2004;19;91200
2265;15;11;2004;19;13700
2266;12;11;2004;20;34200
2267;11;11;2004;20;54100
2268;10;11;2004;20;22300
2269;9;11;2004;19;26500
2270;8;11;2004;19;28800
2271;5;11;2004;19;26500
2272;4;11;2004;19;16900
2273;3;11;2004;19;14800
2274;2;11;2004;19;14000
2275;1;11;2004;20;44500
2276;29;10;2004;20;30700
2277;28;10;2004;20;60400
2278;27;10;2004;19;69400
2279;26;10;2004;20;148500
2280;22;10;2004;20;22600
2281;21;10;2004;20;18200
2282;20;10;2004;20;26700
2283;19;10;2004;19;39000
2284;18;10;2004;20;387200
2285;15;10;2004;20;38300
2286;14;10;2004;20;16900
2287;13;10;2004;20;21600
2288;12;10;2004;20;57700
2289;11;10;2004;21;60400
2290;8;10;2004;20;20200
2291;7;10;2004;20;29700
2292;6;10;2004;20;71600
2293;5;10;2004;20;133400
2294;4;10;2004;20;283200
2295;1;10;2004;19;31800
2296;30;9;2004;19;18400
2297;29;9;2004;19;36000
2298;27;9;2004;19;93300
2299;24;9;2004;20;76300
2300;23;9;2004;20;28600
2301;22;9;2004;20;256100
2302;21;9;2004;19;18000
2303;20;9;2004;19;19000
2304;17;9;2004;19;84800
2305;16;9;2004;19;9000
2306;15;9;2004;19;31100
2307;14;9;2004;19;23800
2308;13;9;2004;19;147500
2309;10;9;2004;19;8400
2310;9;9;2004;19;17200
2311;8;9;2004;19;316100
2312;7;9;2004;19;24500
2313;6;9;2004;19;24400
2314;3;9;2004;19;49400
2315;2;9;2004;19;158000
2316;1;9;2004;19;11300
2317;31;8;2004;19;28600
2318;30;8;2004;19;73100
2319;27;8;2004;19;190900
2320;26;8;2004;18;48800
2321;23;8;2004;18;26500
2322;20;8;2004;18;24400
2323;19;8;2004;18;86900
2324;18;8;2004;18;64700
2325;17;8;2004;18;81600
2326;16;8;2004;18;83800
2327;13;8;2004;18;33900
2328;12;8;2004;18;56500
2329;11;8;2004;18;19000
2330;10;8;2004;18;23300
2331;9;8;2004;18;982500
2332;6;8;2004;18;1015300
2333;5;8;2004;18;1138600
2334;4;8;2004;18;130700
2335;3;8;2004;18;14800
2336;2;8;2004;18;94400
2337;30;7;2004;17;31800
2338;29;7;2004;17;50000
2339;28;7;2004;17;183500
2340;27;7;2004;18;468000
2341;26;7;2004;16;4101500
2342;23;7;2004;15;206000
2343;22;7;2004;15;245000
2344;21;7;2004;15;317300
2345;20;7;2004;16;76400
2346;19;7;2004;17;2100
2347;16;7;2004;17;13700
2348;15;7;2004;17;13200
2349;14;7;2004;17;7100
2350;13;7;2004;17;20100
2351;12;7;2004;18;24400
2352;9;7;2004;18;28600
2353;8;7;2004;18;16900
2354;7;7;2004;18;2100
2355;6;7;2004;18;20100
2356;5;7;2004;17;10600
2357;2;7;2004;18;3700
2358;1;7;2004;18;4200
2359;30;6;2004;18;6500
2360;29;6;2004;18;39200
2361;28;6;2004;18;47700
2362;25;6;2004;18;9500
2363;24;6;2004;18;146500
2364;23;6;2004;18;17800
2365;21;6;2004;19;63600
2366;18;6;2004;19;106000
2367;17;6;2004;19;106000
2368;16;6;2004;19;128500
2369;15;6;2004;20;94900
2370;14;6;2004;19;251400
2371;11;6;2004;19;178400
2372;10;6;2004;20;147400
2373;9;6;2004;20;132600
2374;8;6;2004;20;166500
2375;7;6;2004;19;142600
2376;4;6;2004;20;133600
2377;3;6;2004;19;168600
2378;2;6;2004;20;204900
2379;1;6;2004;20;172900
2380;31;5;2004;20;135900
2381;28;5;2004;20;149600
2382;27;5;2004;20;162800
2383;26;5;2004;20;149600
2384;25;5;2004;20;288500
2385;24;5;2004;19;151700
2386;21;5;2004;19;155900
2387;20;5;2004;20;159100
2388;19;5;2004;20;181900
2389;18;5;2004;19;208900
2390;17;5;2004;19;232200
2391;14;5;2004;19;1397100
2392;13;5;2004;19;39100
2393;12;5;2004;19;33900
2394;11;5;2004;19;73200
2395;10;5;2004;20;108200
2396;7;5;2004;20;40300
2397;6;5;2004;19;77500
2398;5;5;2004;19;189900
2399;4;5;2004;20;63600
2400;3;5;2004;19;75400
2401;30;4;2004;19;718200
2402;29;4;2004;19;94400
2403;28;4;2004;19;131500
2404;27;4;2004;19;380800
2405;26;4;2004;19;92200
2406;23;4;2004;19;14800
2407;22;4;2004;19;49800
2408;21;4;2004;19;38300
2409;20;4;2004;19;184700
2410;19;4;2004;19;136300
2411;16;4;2004;19;37100
2412;15;4;2004;20;39900
2413;14;4;2004;20;58400
2414;13;4;2004;20;34000
2415;12;4;2004;20;71000
2416;9;4;2004;19;151700
2417;8;4;2004;19;211300
2418;7;4;2004;19;177100
2419;6;4;2004;19;95400
2420;5;4;2004;20;105000
2421;2;4;2004;20;65400
2422;1;4;2004;20;46500
2423;31;3;2004;20;55100
2424;30;3;2004;20;101600
2425;29;3;2004;20;118000
2426;26;3;2004;19;892200
2427;25;3;2004;19;245100
2428;24;3;2004;19;289300
2429;23;3;2004;19;359200
2430;22;3;2004;20;797200
2431;19;3;2004;20;515600
2432;18;3;2004;19;200500
2433;17;3;2004;19;276600
2434;16;3;2004;19;87600
2435;15;3;2004;19;79200
2436;12;3;2004;19;147400
2437;11;3;2004;19;77600
2438;10;3;2004;19;52100
2439;9;3;2004;19;158200
2440;8;3;2004;19;117800
2441;5;3;2004;19;125300
2442;4;3;2004;19;190100
2443;3;3;2004;19;143200
2444;2;3;2004;19;141500
2445;1;3;2004;19;176100
2446;27;2;2004;19;563000
2447;26;2;2004;19;101500
2448;25;2;2004;19;147400
2449;24;2;2004;18;155000
2450;23;2;2004;18;147600
2451;20;2;2004;18;92500
2452;19;2;2004;18;43700
2453;18;2;2004;18;147700
2454;17;2;2004;18;115600
2455;16;2;2004;18;200600
2456;13;2;2004;18;367000
2457;12;2;2004;18;179100
2458;11;2;2004;18;277900
2459;10;2;2004;18;364200
2460;9;2;2004;18;285300
2461;6;2;2004;18;288500
2462;5;2;2004;18;333100
2463;4;2;2004;18;399900
2464;3;2;2004;18;311600
2465;2;2;2004;18;178300
2466;30;1;2004;17;244000
2467;29;1;2004;17;740800
2468;28;1;2004;17;448400
2469;27;1;2004;17;130400
2470;16;1;2004;16;58100
2471;15;1;2004;16;55200
2472;14;1;2004;17;121100
2473;13;1;2004;16;107100
2474;12;1;2004;16;24500
2475;9;1;2004;16;102600
2476;8;1;2004;16;54300
2477;7;1;2004;16;170800
2478;6;1;2004;16;44500
2479;5;1;2004;16;80600
2480;2;1;2004;16;171800
2481;31;12;2003;16;66800
2482;30;12;2003;16;84800
2483;29;12;2003;16;137200
2484;26;12;2003;16;436000
2485;25;12;2003;16;207900
2486;24;12;2003;16;146400
2487;23;12;2003;16;21400
2488;22;12;2003;16;292800
2489;19;12;2003;16;53300
2490;18;12;2003;16;111400
2491;17;12;2003;16;163300
2492;16;12;2003;16;76100
2493;15;12;2003;16;50500
2494;12;12;2003;16;87600
2495;11;12;2003;16;250300
2496;10;12;2003;16;92200
2497;9;12;2003;16;97200
2498;8;12;2003;15;81700
2499;5;12;2003;15;51900
2500;4;12;2003;15;82700
2501;3;12;2003;15;35000
2502;2;12;2003;15;103900
2503;1;12;2003;15;47700
2504;28;11;2003;15;96500
2505;27;11;2003;15;35000
2506;26;11;2003;15;71000
2507;25;11;2003;15;55100
2508;24;11;2003;15;83900
2509;21;11;2003;15;59900
2510;20;11;2003;15;59400
2511;19;11;2003;15;38100
2512;18;11;2003;16;43400
2513;17;11;2003;16;169800
2514;14;11;2003;15;86900
2515;13;11;2003;16;224400
2516;12;11;2003;15;81600
2517;11;11;2003;16;166700
2518;10;11;2003;16;371400
2519;7;11;2003;16;284300
2520;6;11;2003;16;652900
2521;5;11;2003;16;842400
2522;4;11;2003;16;1462000
2523;3;11;2003;16;198300
2524;31;10;2003;16;408200
2525;30;10;2003;15;115900
2526;29;10;2003;15;112100
2527;28;10;2003;15;115000
2528;27;10;2003;15;136900
2529;24;10;2003;15;126100
2530;23;10;2003;15;113900
2531;22;10;2003;15;101500
2532;21;10;2003;15;55800
2533;20;10;2003;15;84800
2534;17;10;2003;15;108000
2535;16;10;2003;15;80700
2536;15;10;2003;16;1087500
2537;14;10;2003;15;103900
2538;13;10;2003;15;157200
2539;9;10;2003;15;193500
2540;8;10;2003;15;88100
2541;7;10;2003;15;35700
2542;6;10;2003;15;44500
2543;3;10;2003;15;21200
2544;2;10;2003;15;41500
2545;1;10;2003;15;72500
2546;30;9;2003;15;23300
2547;29;9;2003;15;48700
2548;26;9;2003;15;73600
2549;25;9;2003;15;71700
2550;24;9;2003;15;69300
2551;23;9;2003;15;165800
2552;22;9;2003;15;44500
2553;19;9;2003;15;68200
2554;18;9;2003;15;34900
2555;17;9;2003;15;137600
2556;16;9;2003;15;13200
2557;15;9;2003;15;38400
2558;12;9;2003;15;119800
2559;10;9;2003;15;83800
2560;9;9;2003;15;68900
2561;8;9;2003;15;95700
2562;5;9;2003;15;139200
2563;4;9;2003;15;241900
2564;3;9;2003;15;37700
2565;2;9;2003;15;51900
2566;1;9;2003;15;83100
2567;29;8;2003;15;88300
2568;28;8;2003;15;86200
2569;27;8;2003;15;64700
2570;26;8;2003;15;171900
2571;25;8;2003;15;122000
2572;22;8;2003;15;332000
2573;21;8;2003;15;131400
2574;20;8;2003;16;138100
2575;19;8;2003;16;118100
2576;18;8;2003;16;254600
2577;15;8;2003;15;80600
2578;14;8;2003;16;73300
2579;13;8;2003;16;206300
2580;12;8;2003;16;651900
2581;11;8;2003;16;388700
2582;8;8;2003;16;177600
2583;7;8;2003;15;285300
2584;6;8;2003;15;190900
2585;5;8;2003;15;77400
2586;4;8;2003;16;426400
2587;1;8;2003;16;1903100
2588;31;7;2003;15;272600
2589;30;7;2003;15;161800
2590;29;7;2003;14;197800
2591;28;7;2003;14;100700
2592;25;7;2003;14;22000
2593;24;7;2003;15;88900
2594;23;7;2003;14;61700
2595;22;7;2003;15;199700
2596;21;7;2003;14;27500
2597;18;7;2003;15;202600
2598;17;7;2003;15;624800
2599;16;7;2003;15;579200
2600;15;7;2003;15;538900
2601;14;7;2003;15;460400
2602;11;7;2003;15;144600
2603;10;7;2003;15;162100
2604;9;7;2003;15;229200
2605;8;7;2003;15;140000
2606;7;7;2003;15;344700
2607;4;7;2003;15;97700
2608;3;7;2003;15;247100
2609;2;7;2003;15;182400
2610;1;7;2003;15;364500
2611;30;6;2003;15;147400
2612;27;6;2003;15;119900
2613;26;6;2003;15;514500
2614;25;6;2003;15;437600
2615;24;6;2003;15;359700
2616;23;6;2003;15;181900
2617;20;6;2003;15;265300
2618;19;6;2003;15;300400
2619;18;6;2003;15;362900
2620;17;6;2003;15;268200
2621;16;6;2003;15;296200
2622;13;6;2003;15;508700
2623;12;6;2003;16;516800
2624;11;6;2003;16;532800
2625;10;6;2003;16;320000
2626;9;6;2003;16;438600
2627;6;6;2003;16;381900
2628;5;6;2003;16;529900
2629;3;6;2003;16;886800
2630;2;6;2003;16;1322000
2631;30;5;2003;17;2589700
2632;29;5;2003;17;3111000
2633;28;5;2003;16;1542500
2634;27;5;2003;15;875200
2635;26;5;2003;14;11600
2636;23;5;2003;14;57200
2637;22;5;2003;14;20200
2638;21;5;2003;14;16600
2639;20;5;2003;14;39000
2640;19;5;2003;14;66800
2641;16;5;2003;14;145300
2642;15;5;2003;14;16800
2643;14;5;2003;14;62600
2644;13;5;2003;14;16900
2645;12;5;2003;14;77400
2646;9;5;2003;14;28600
2647;8;5;2003;14;10700
2648;7;5;2003;14;4200
2649;6;5;2003;14;47700
2650;5;5;2003;14;71000
2651;2;5;2003;14;70100
2652;30;4;2003;14;43400
2653;29;4;2003;14;83800
2654;28;4;2003;13;399900
2655;25;4;2003;14;110700
2656;24;4;2003;14;83800
2657;23;4;2003;14;102900
2658;22;4;2003;14;18100
2659;21;4;2003;14;31800
2660;18;4;2003;14;10900
2661;17;4;2003;14;19000
2662;16;4;2003;14;82900
2663;15;4;2003;14;12700
2664;14;4;2003;14;33000
2665;11;4;2003;14;16900
2666;10;4;2003;14;21200
2667;9;4;2003;14;23300
2668;8;4;2003;14;2155700
2669;7;4;2003;15;10700
2670;4;4;2003;14;20100
2671;3;4;2003;14;14800
2672;2;4;2003;14;53000
2673;1;4;2003;14;11600
2674;31;3;2003;14;36000
2675;28;3;2003;14;5300
2676;27;3;2003;14;7500
2677;26;3;2003;14;6300
2678;25;3;2003;14;3900
2679;24;3;2003;14;3100
2680;21;3;2003;14;49800
2681;20;3;2003;14;67900
2682;19;3;2003;14;3200
2683;18;3;2003;14;32900
2684;17;3;2003;14;30700
2685;14;3;2003;14;61500
2686;13;3;2003;14;36000
2687;12;3;2003;14;88000
2688;11;3;2003;14;23300
2689;10;3;2003;15;21200
2690;7;3;2003;14;39200
2691;6;3;2003;14;10600
2692;5;3;2003;14;15900
2693;4;3;2003;14;35000
2694;3;3;2003;14;18000
2695;27;2;2003;14;62600
2696;26;2;2003;14;88000
2697;25;2;2003;14;76600
2698;24;2;2003;14;28600
2699;21;2;2003;14;97700
2700;20;2;2003;14;52300
2701;19;2;2003;15;37100
2702;18;2;2003;14;65700
2703;17;2;2003;15;154800
2704;14;2;2003;14;89200
2705;13;2;2003;14;83200
2706;12;2;2003;15;189900
2707;11;2;2003;14;131500
2708;10;2;2003;14;184600
2709;7;2;2003;14;279000
2710;6;2;2003;15;699100
2711;28;1;2003;16;1981700
2712;27;1;2003;15;981300
2713;24;1;2003;14;81800
2714;23;1;2003;14;245100
2715;22;1;2003;14;336300
2716;21;1;2003;15;614300
2717;20;1;2003;15;2753000
2718;17;1;2003;14;31100
2719;16;1;2003;15;339500
2720;15;1;2003;14;43400
2721;14;1;2003;14;30700
2722;13;1;2003;14;39200
2723;10;1;2003;14;55100
2724;9;1;2003;14;22600
2725;8;1;2003;14;25600
2726;7;1;2003;14;22400
2727;6;1;2003;14;65700
2728;3;1;2003;14;7400
2729;2;1;2003;14;54100
2730;31;12;2002;14;66800
2731;30;12;2002;14;48800
2732;27;12;2002;14;18000
2733;26;12;2002;14;27500
2734;25;12;2002;14;86900
2735;24;12;2002;14;29700
2736;23;12;2002;14;46600
2737;20;12;2002;14;43400
2738;19;12;2002;14;56500
2739;18;12;2002;14;37100
2740;17;12;2002;15;9500
2741;16;12;2002;14;13700
2742;13;12;2002;15;21200
2743;12;12;2002;15;80600
2744;11;12;2002;15;531500
2745;10;12;2002;14;93300
2746;9;12;2002;14;61300
2747;6;12;2002;14;19100
2748;5;12;2002;14;49800
2749;4;12;2002;14;11600
2750;3;12;2002;14;3100
2751;29;11;2002;14;14900
2752;28;11;2002;14;10100
2753;27;11;2002;14;1000
2754;26;11;2002;14;101800
2755;25;11;2002;14;64700
2756;22;11;2002;14;61500
2757;21;11;2002;14;26900
2758;20;11;2002;14;35000
2759;19;11;2002;14;6300
2760;18;11;2002;14;214300
2761;15;11;2002;14;146400
2762;14;11;2002;14;51100
2763;13;11;2002;14;106000
2764;12;11;2002;14;26500
2765;11;11;2002;14;166500
2766;8;11;2002;14;71000
2767;7;11;2002;14;16900
2768;6;11;2002;14;74200
2769;5;11;2002;14;61400
2770;4;11;2002;14;98700
2771;1;11;2002;14;293200
2772;31;10;2002;14;120900
2773;30;10;2002;13;22200
2774;29;10;2002;13;19000
2775;28;10;2002;13;58300
2776;25;10;2002;13;31800
2777;24;10;2002;13;11600
2778;23;10;2002;13;58500
2779;22;10;2002;13;65100
2780;21;10;2002;13;20200
2781;18;10;2002;13;22200
2782;17;10;2002;13;33900
2783;16;10;2002;13;14900
2784;15;10;2002;13;27700
2785;14;10;2002;13;10600
2786;11;10;2002;13;72100
2787;9;10;2002;13;42400
2788;8;10;2002;13;71300
2789;7;10;2002;13;35000
2790;4;10;2002;13;102900
2791;3;10;2002;13;165500
2792;2;10;2002;13;99700
2793;1;10;2002;13;37100
2794;30;9;2002;13;39200
2795;27;9;2002;13;26500
2796;26;9;2002;13;24300
2797;25;9;2002;13;77400
2798;24;9;2002;13;18100
2799;23;9;2002;13;75900
2800;20;9;2002;13;18000
2801;19;9;2002;13;16000
2802;18;9;2002;13;15900
2803;17;9;2002;13;31800
2804;16;9;2002;13;23300
2805;13;9;2002;13;2100
2806;12;9;2002;13;18000
2807;11;9;2002;13;22300
2808;10;9;2002;13;97600
2809;9;9;2002;13;84800
2810;5;9;2002;13;7400
2811;4;9;2002;13;54600
2812;3;9;2002;13;88000
2813;2;9;2002;13;58300
2814;30;8;2002;13;39300
2815;29;8;2002;13;163300
2816;28;8;2002;13;13200
2817;27;8;2002;13;24600
2818;26;8;2002;13;106000
2819;22;8;2002;13;18000
2820;21;8;2002;13;10600
2821;20;8;2002;13;76800
2822;19;8;2002;13;8400
2823;16;8;2002;13;61600
2824;15;8;2002;13;49800
2825;14;8;2002;13;5300
2826;13;8;2002;13;13700
2827;12;8;2002;13;15900
2828;9;8;2002;13;63700
2829;8;8;2002;13;22200
2830;7;8;2002;13;50900
2831;6;8;2002;13;116700
2832;5;8;2002;13;84800
2833;2;8;2002;14;13700
2834;1;8;2002;13;56200
2835;31;7;2002;14;238700
2836;30;7;2002;13;99700
2837;29;7;2002;13;31800
2838;26;7;2002;13;251500
2839;25;7;2002;13;259900
2840;24;7;2002;13;40400
2841;23;7;2002;13;32800
2842;22;7;2002;13;117700
2843;19;7;2002;13;97600
2844;18;7;2002;13;84800
2845;17;7;2002;13;138900
2846;16;7;2002;13;58300
2847;15;7;2002;13;170800
2848;12;7;2002;13;634400
2849;11;7;2002;13;647100
2850;10;7;2002;13;49000
2851;9;7;2002;13;52000
2852;8;7;2002;13;101800
2853;5;7;2002;13;106000
2854;4;7;2002;12;66800
2855;3;7;2002;12;291700
2856;2;7;2002;12;33900
2857;1;7;2002;12;64700
2858;28;6;2002;12;191000
2859;27;6;2002;12;360700
2860;26;6;2002;13;437000
2861;25;6;2002;13;349000
2862;24;6;2002;13;150600
2863;21;6;2002;13;177100
2864;20;6;2002;13;179200
2865;19;6;2002;12;537900
2866;18;6;2002;13;167600
2867;17;6;2002;13;171800
2868;14;6;2002;13;380800
2869;13;6;2002;13;1150000
2870;12;6;2002;14;2486700
2871;11;6;2002;13;392500
2872;10;6;2002;13;56200
2873;7;6;2002;13;94400
2874;6;6;2002;13;51900
2875;5;6;2002;13;217400
2876;4;6;2002;13;82700
2877;3;6;2002;12;88100
2878;31;5;2002;13;87000
2879;30;5;2002;13;124100
2880;29;5;2002;13;180000
2881;28;5;2002;13;67900
2882;27;5;2002;13;38100
2883;24;5;2002;13;91200
2884;23;5;2002;12;113500
2885;22;5;2002;12;226300
2886;21;5;2002;12;211200
2887;20;5;2002;12;397500
2888;17;5;2002;13;104200
2889;16;5;2002;13;108800
2890;15;5;2002;13;161200
2891;14;5;2002;13;216000
2892;13;5;2002;13;406300
2893;10;5;2002;13;808500
2894;9;5;2002;13;362000
2895;8;5;2002;12;226700
2896;7;5;2002;12;271600
2897;6;5;2002;13;978100
2898;3;5;2002;12;172300
2899;2;5;2002;12;230000
2900;30;4;2002;12;127300
2901;29;4;2002;12;101800
2902;26;4;2002;12;321400
2903;25;4;2002;12;1210400
2904;24;4;2002;12;796700
2905;23;4;2002;12;228400
2906;22;4;2002;12;167600
2907;19;4;2002;12;134100
2908;18;4;2002;12;73600
2909;17;4;2002;12;113000
2910;16;4;2002;12;63400
2911;15;4;2002;11;133500
2912;12;4;2002;11;99100
2913;11;4;2002;11;71600
2914;10;4;2002;11;124500
2915;9;4;2002;11;515700
2916;8;4;2002;12;577100
2917;4;4;2002;12;239700
2918;3;4;2002;11;69200
2919;2;4;2002;11;314000
2920;1;4;2002;11;347900
2921;29;3;2002;11;4181200
2922;28;3;2002;12;1012200
2923;27;3;2002;12;814100
2924;26;3;2002;11;365100
2925;25;3;2002;11;117600
2926;22;3;2002;11;10900
2927;21;3;2002;11;22400
2928;20;3;2002;11;72100
2929;19;3;2002;11;7600
2930;18;3;2002;11;33300
2931;15;3;2002;11;218500
2932;14;3;2002;11;44500
2933;13;3;2002;11;120300
2934;12;3;2002;11;34100
2935;11;3;2002;11;177200
2936;8;3;2002;11;28600
2937;6;3;2002;11;287600
2938;5;3;2002;11;71500
2939;4;3;2002;11;37200
2940;1;3;2002;11;25800
2941;27;2;2002;11;63700
2942;26;2;2002;11;70500
2943;25;2;2002;11;27800
2944;22;2;2002;11;44700
2945;21;2;2002;11;23300
2946;20;2;2002;11;21500
2947;19;2;2002;11;31800
2948;18;2;2002;11;31800
2949;6;2;2002;11;123200
2950;5;2;2002;11;150100
2951;4;2;2002;11;77400
2952;1;2;2002;11;414700
2953;30;1;2002;11;66600
2954;29;1;2002;11;315300
2955;28;1;2002;11;92700
2956;25;1;2002;11;37800
2957;24;1;2002;11;11800
2958;23;1;2002;11;30400
2959;22;1;2002;11;26500
2960;21;1;2002;11;54100
2961;18;1;2002;11;19000
2962;17;1;2002;11;3100
2963;16;1;2002;11;32800
2964;15;1;2002;11;23400
2965;14;1;2002;11;49800
2966;11;1;2002;11;84800
2967;10;1;2002;11;125000
2968;9;1;2002;11;63700
2969;8;1;2002;11;59400
2970;7;1;2002;11;67600
2971;4;1;2002;11;21300
2972;2;1;2002;11;36000
2973;31;12;2001;11;46500
2974;28;12;2001;11;263100
2975;27;12;2001;11;79500
2976;26;12;2001;11;11600
2977;25;12;2001;11;29700
2978;24;12;2001;11;49900
2979;21;12;2001;11;37100
2980;20;12;2001;11;32800
2981;19;12;2001;11;66800
2982;18;12;2001;11;145000
2983;17;12;2001;11;119500
2984;14;12;2001;11;33500
2985;13;12;2001;11;58900
2986;12;12;2001;11;45600
2987;11;12;2001;11;64800
2988;10;12;2001;11;336300
2989;7;12;2001;11;116100
2990;6;12;2001;11;45100
2991;5;12;2001;11;21200
2992;4;12;2001;11;40100
2993;3;12;2001;11;49000
2994;30;11;2001;11;45600
2995;29;11;2001;11;56200
2996;28;11;2001;11;428800
2997;27;11;2001;11;5127100
2998;26;11;2001;11;23500
2999;23;11;2001;11;9600
3000;22;11;2001;11;14900
3001;21;11;2001;11;25200
3002;20;11;2001;11;85900
3003;19;11;2001;11;76400
3004;16;11;2001;11;13700
3005;15;11;2001;11;30700
3006;14;11;2001;11;52800
3007;13;11;2001;11;15000
3008;12;11;2001;11;50400
3009;8;11;2001;11;4200
3010;7;11;2001;11;9500
3011;6;11;2001;11;29800
3012;5;11;2001;11;21200
3013;2;11;2001;11;2100
3014;1;11;2001;11;8400
3015;31;10;2001;11;7400
3016;30;10;2001;11;10600
3017;29;10;2001;11;161200
3018;26;10;2001;11;247200
3019;25;10;2001;11;73200
3020;24;10;2001;11;3200
3021;23;10;2001;11;19400
3022;22;10;2001;11;38200
3023;19;10;2001;10;46700
3024;18;10;2001;11;76000
3025;17;10;2001;11;14200
3026;16;10;2001;11;37100
3027;15;10;2001;11;15700
3028;12;10;2001;11;2000
3029;11;10;2001;11;44200
3030;9;10;2001;11;10600
3031;8;10;2001;11;10600
3032;5;10;2001;11;5300
3033;4;10;2001;11;27900
3034;3;10;2001;11;24800
3035;2;10;2001;11;49800
3036;27;9;2001;11;20200
3037;26;9;2001;11;119800
3038;25;9;2001;11;54100
3039;21;9;2001;11;27100
3040;20;9;2001;11;122000
3041;14;9;2001;11;47900
3042;13;9;2001;11;79200
3043;11;9;2001;11;42400
3044;10;9;2001;11;42400
3045;7;9;2001;12;65700
3046;6;9;2001;12;206800
3047;5;9;2001;12;205800
3048;4;9;2001;11;268500
3049;3;9;2001;11;268400
3050;31;8;2001;11;39000
3051;30;8;2001;11;210000
3052;29;8;2001;11;416900
3053;28;8;2001;10;3100
3054;27;8;2001;10;23400
3055;24;8;2001;10;25400
3056;23;8;2001;10;25500
3057;22;8;2001;10;54100
3058;21;8;2001;10;9500
3059;20;8;2001;10;101800
3060;17;8;2001;11;45600
3061;16;8;2001;11;126700
3062;15;8;2001;11;1170100
3063;14;8;2001;10;86100
3064;13;8;2001;10;34200
3065;10;8;2001;10;40300
3066;9;8;2001;10;73200
3067;8;8;2001;11;408500
3068;7;8;2001;11;194700
3069;6;8;2001;10;192400
3070;3;8;2001;9;86700
3071;2;8;2001;9;34900
3072;1;8;2001;9;68600
3073;31;7;2001;9;36000
3074;27;7;2001;9;159800
3075;26;7;2001;9;132800
3076;25;7;2001;9;92300
3077;24;7;2001;9;120400
3078;23;7;2001;9;39400
3079;20;7;2001;9;24700
3080;19;7;2001;9;100100
3081;18;7;2001;9;113200
3082;17;7;2001;9;55100
3083;16;7;2001;9;131600
3084;13;7;2001;9;115000
3085;12;7;2001;10;196900
3086;11;7;2001;10;440200
3087;10;7;2001;9;95600
3088;9;7;2001;9;54400
3089;6;7;2001;9;25900
3090;5;7;2001;9;41600
3091;4;7;2001;9;92500
3092;3;7;2001;9;68900
3093;2;7;2001;10;12400
3094;29;6;2001;9;96700
3095;28;6;2001;9;54000
3096;27;6;2001;9;92300
3097;26;6;2001;9;108100
3098;22;6;2001;10;19100
3099;21;6;2001;10;162200
3100;20;6;2001;10;84400
3101;19;6;2001;9;24700
3102;18;6;2001;9;165600
3103;15;6;2001;9;37100
3104;14;6;2001;10;22500
3105;13;6;2001;10;52000
3106;12;6;2001;10;23600
3107;11;6;2001;10;31600
3108;8;6;2001;10;139500
3109;7;6;2001;9;33700
3110;6;6;2001;10;32600
3111;5;6;2001;9;61900
3112;4;6;2001;9;31500
3113;1;6;2001;10;40500
3114;31;5;2001;10;77600
3115;30;5;2001;10;33600
3116;29;5;2001;10;101300
3117;28;5;2001;10;112700
3118;25;5;2001;11;57400
3119;24;5;2001;11;54000
3120;23;5;2001;11;143100
3121;22;5;2001;11;3571200
3122;21;5;2001;11;154100
3123;18;5;2001;11;2634800
3124;17;5;2001;11;28400
3125;16;5;2001;11;12400
3126;15;5;2001;11;18400
3127;14;5;2001;11;859900
3128;11;5;2001;11;19200
3129;10;5;2001;11;36000
3130;9;5;2001;11;69800
3131;8;5;2001;11;80700
3132;7;5;2001;11;50600
3133;4;5;2001;11;234200
3134;3;5;2001;11;6800
3135;2;5;2001;11;5600
3136;30;4;2001;11;7800
3137;27;4;2001;11;32900
3138;26;4;2001;11;27300
3139;25;4;2001;11;27300
3140;24;4;2001;11;86300
3141;23;4;2001;11;16800
3142;20;4;2001;12;58500
3143;19;4;2001;11;46800
3144;18;4;2001;11;31500
3145;17;4;2001;11;25900
3146;16;4;2001;12;25900
3147;13;4;2001;12;97700
3148;12;4;2001;12;81100
3149;11;4;2001;12;47300
3150;10;4;2001;12;169500
3151;9;4;2001;12;89000
3152;6;4;2001;12;902500
3153;4;4;2001;11;2444600
3154;3;4;2001;12;96500
3155;2;4;2001;12;296000
3156;30;3;2001;12;835700
3157;29;3;2001;13;859900
3158;28;3;2001;13;1224900
3159;27;3;2001;12;1601000
3160;26;3;2001;12;181200
3161;23;3;2001;12;231900
3162;22;3;2001;12;132800
3163;21;3;2001;12;1702900
3164;20;3;2001;12;299400
3165;19;3;2001;12;821600
3166;16;3;2001;12;123900
3167;15;3;2001;12;213800
3168;13;3;2001;12;157500
3169;12;3;2001;11;101300
3170;9;3;2001;11;36000
3171;8;3;2001;12;55100
3172;7;3;2001;12;59700
3173;6;3;2001;11;18000
3174;5;3;2001;11;21300
3175;2;3;2001;11;77600
3176;1;3;2001;11;59000
3177;27;2;2001;11;113600
3178;26;2;2001;12;191900
3179;23;2;2001;11;96800
3180;22;2;2001;11;190200
3181;21;2;2001;12;566200
3182;20;2;2001;11;501900
3183;19;2;2001;11;348000
3184;16;2;2001;10;218100
3185;15;2;2001;10;137400
3186;14;2;2001;10;457500
3187;13;2;2001;10;290400
3188;12;2;2001;10;256700
3189;9;2;2001;10;143400
3190;8;2;2001;10;36000
3191;7;2;2001;10;82200
3192;6;2;2001;10;346100
3193;5;2;2001;11;391500
3194;2;2;2001;10;132800
3195;1;2;2001;10;75100
3196;31;1;2001;10;181200
3197;30;1;2001;10;152200
3198;29;1;2001;10;302700
3199;18;1;2001;10;127400
3200;17;1;2001;10;155300
3201;16;1;2001;10;61900
3202;15;1;2001;10;102400
3203;12;1;2001;10;109100
3204;11;1;2001;10;474000
3205;10;1;2001;10;220600
3206;9;1;2001;10;49500
3207;8;1;2001;10;68600
3208;5;1;2001;9;49500
3209;4;1;2001;10;166500
3210;3;1;2001;9;55100
3211;2;1;2001;9;554800
3212;29;12;2000;9;61300
3213;28;12;2000;9;92300
3214;27;12;2000;9;145100
3215;26;12;2000;9;55600
3216;22;12;2000;9;92200
3217;21;12;2000;9;141200
3218;20;12;2000;9;63500
3219;19;12;2000;9;73100
3220;18;12;2000;9;84400
3221;15;12;2000;10;29200
3222;14;12;2000;10;136600
3223;13;12;2000;9;22500
3224;12;12;2000;9;140600
3225;11;12;2000;9;188400
3226;8;12;2000;9;124800
3227;7;12;2000;9;26000
3228;6;12;2000;9;45600
3229;5;12;2000;9;11900
3230;4;12;2000;9;27000
3231;1;12;2000;9;64100
3232;30;11;2000;9;33900
3233;29;11;2000;9;108500
3234;28;11;2000;9;10200
3235;27;11;2000;9;139900
3236;24;11;2000;9;124000
3237;23;11;2000;9;38200
3238;22;11;2000;9;20200
3239;21;11;2000;9;132800
3240;20;11;2000;9;92200
3241;17;11;2000;9;9500
3242;16;11;2000;9;159400
3243;15;11;2000;9;110300
3244;14;11;2000;9;91100
3245;13;11;2000;9;18000
3246;10;11;2000;9;36000
3247;9;11;2000;9;40500
3248;8;11;2000;9;26000
3249;7;11;2000;9;95700
3250;6;11;2000;9;196900
3251;3;11;2000;9;40200
3252;2;11;2000;9;139500
3253;1;11;2000;9;108000
3254;31;10;2000;9;155300
3255;30;10;2000;9;191300
3256;27;10;2000;9;0
3257;26;10;2000;9;319200
3258;25;10;2000;9;45100
3259;24;10;2000;9;249100
3260;23;10;2000;9;185700
3261;20;10;2000;9;148500
3262;19;10;2000;9;231800
3263;18;10;2000;9;227900
3264;17;10;2000;10;1569000
3265;16;10;2000;10;0
3266;13;10;2000;10;90100
3267;12;10;2000;10;849700
3268;11;10;2000;10;979100
3269;10;10;2000;11;0
3270;9;10;2000;11;1521600
3271;6;10;2000;10;130900
3272;5;10;2000;10;379300
3273;4;10;2000;9;339200
3274;3;10;2000;9;407700
3275;2;10;2000;8;122600
3276;29;9;2000;9;39100
3277;28;9;2000;9;98500
3278;27;9;2000;9;90100
3279;26;9;2000;9;140900
3280;25;9;2000;9;46100
3281;22;9;2000;9;72300
3282;21;9;2000;9;36000
3283;20;9;2000;9;144000
3284;19;9;2000;9;570400
3285;18;9;2000;9;227300
3286;15;9;2000;10;68100
3287;14;9;2000;10;116000
3288;13;9;2000;10;68600
3289;12;9;2000;10;0
3290;11;9;2000;10;84700
3291;8;9;2000;10;230700
3292;7;9;2000;9;123000
3293;6;9;2000;10;209300
3294;5;9;2000;10;30800
3295;4;9;2000;10;32600
3296;1;9;2000;10;123800
3297;31;8;2000;10;154100
3298;30;8;2000;10;113600
3299;29;8;2000;10;112500
3300;28;8;2000;10;108000
3301;25;8;2000;10;115800
3302;24;8;2000;10;85500
3303;23;8;2000;10;0
3304;22;8;2000;10;30000
3305;21;8;2000;10;239700
3306;18;8;2000;10;103500
3307;17;8;2000;10;228800
3308;16;8;2000;10;331700
3309;15;8;2000;10;147600
3310;14;8;2000;10;625800
3311;11;8;2000;10;185400
3312;10;8;2000;10;610800
3313;9;8;2000;10;474000
3314;8;8;2000;10;152200
3315;7;8;2000;10;210400
3316;4;8;2000;10;59700
3317;3;8;2000;10;210400
3318;2;8;2000;10;49500
3319;1;8;2000;10;370500
3320;31;7;2000;10;141800
3321;28;7;2000;10;212700
3322;27;7;2000;9;133900
3323;26;7;2000;9;319800
3324;25;7;2000;9;659500
3325;24;7;2000;10;554800
3326;21;7;2000;10;602100
3327;20;7;2000;10;350400
3328;19;7;2000;10;422400
3329;18;7;2000;10;422400
3330;17;7;2000;10;853100
3331;14;7;2000;10;899500
3332;13;7;2000;10;951300
3333;12;7;2000;10;1064700
3334;11;7;2000;11;359000
3335;10;7;2000;11;721400
3336;7;7;2000;11;549400
3337;6;7;2000;11;659500
3338;5;7;2000;12;594800
3339;4;7;2000;12;609400
3340;3;7;2000;12;614500
3341;30;6;2000;13;1456400
3342;29;6;2000;13;1642600
3343;28;6;2000;14;2568400
3344;27;6;2000;14;894800
3345;26;6;2000;14;818200
3346;23;6;2000;13;825100
3347;22;6;2000;13;2559400
3348;21;6;2000;13;1241400
3349;20;6;2000;12;1112800
3350;19;6;2000;11;720300
3351;16;6;2000;11;1275400
3352;15;6;2000;11;568100
3353;14;6;2000;10;480200
3354;13;6;2000;10;240900
3355;12;6;2000;10;157500
3356;9;6;2000;10;182000
3357;8;6;2000;10;119300
3358;7;6;2000;10;50400
3359;6;6;2000;10;0
3360;5;6;2000;10;52900
3361;2;6;2000;10;83900
3362;1;6;2000;10;82800
3363;31;5;2000;10;541700
3364;30;5;2000;10;0
3365;29;5;2000;10;369200
3366;26;5;2000;10;147300
3367;25;5;2000;10;419500
3368;24;5;2000;10;378200
3369;23;5;2000;10;501200
3370;22;5;2000;10;60600
3371;19;5;2000;10;105800
3372;18;5;2000;10;86500
3373;17;5;2000;11;129300
3374;16;5;2000;10;34800
3375;15;5;2000;10;136800
3376;12;5;2000;10;254300
3377;11;5;2000;10;58000
3378;10;5;2000;10;89000
3379;9;5;2000;10;0
3380;8;5;2000;10;127800
3381;5;5;2000;10;97100
3382;4;5;2000;10;59400
3383;3;5;2000;10;134200
3384;2;5;2000;10;157500
3385;1;5;2000;10;0
3386;28;4;2000;10;297100
3387;27;4;2000;10;441500
3388;26;4;2000;10;388500
3389;25;4;2000;11;740500
3390;24;4;2000;11;1118000
3391;21;4;2000;11;920900
3392;20;4;2000;10;82000
3393;19;4;2000;10;162200
3394;18;4;2000;10;277600
3395;17;4;2000;10;232300
3396;14;4;2000;10;247900
3397;13;4;2000;10;150100
3398;12;4;2000;10;224000
3399;11;4;2000;10;226000
3400;10;4;2000;10;495700
3401;7;4;2000;10;312500
3402;6;4;2000;10;363800
3403;5;4;2000;10;291700
3404;4;4;2000;10;0
3405;3;4;2000;10;0
3406;31;3;2000;10;214600
3407;30;3;2000;10;700900
3408;29;3;2000;10;228500
3409;28;3;2000;11;464800
3410;27;3;2000;10;267200
3411;24;3;2000;10;424800
3412;23;3;2000;11;667400
3413;22;3;2000;11;334300
3414;21;3;2000;11;679400
3415;20;3;2000;11;1083100
3416;17;3;2000;10;448000
3417;16;3;2000;10;307200
3418;15;3;2000;9;283200
3419;14;3;2000;9;330600
3420;13;3;2000;10;620100
3421;10;3;2000;10;506400
3422;9;3;2000;11;837200
3423;8;3;2000;11;361500
3424;7;3;2000;11;908900
3425;6;3;2000;12;276200
3426;3;3;2000;13;729300
3427;2;3;2000;12;1151500
3428;1;3;2000;13;992400
3429;29;2;2000;12;1220300
3430;28;2;2000;13;0
3431;25;2;2000;13;1390600
3432;24;2;2000;14;3258700
3433;23;2;2000;14;1440700
3434;22;2;2000;14;2474800
3435;21;2;2000;14;3906500
3436;18;2;2000;13;1002400
3437;17;2;2000;12;640100
3438;16;2;2000;12;489200
3439;15;2;2000;12;509600
3440;14;2;2000;12;349700
3441;11;2;2000;13;1379600
3442;10;2;2000;13;1298800
3443;9;2;2000;12;1056000
3444;8;2;2000;12;0
3445;7;2;2000;12;0
3446;4;2;2000;12;0
3447;3;2;2000;12;0
3448;2;2;2000;12;0
3449;1;2;2000;12;988900
3450;31;1;2000;13;2379300
3451;28;1;2000;13;1636200
3452;27;1;2000;13;4497000
3453;26;1;2000;13;798400
3454;25;1;2000;12;1931800
3455;24;1;2000;11;1210600
3456;21;1;2000;10;788800
3457;20;1;2000;10;206500
3458;19;1;2000;10;503500
3459;18;1;2000;10;512500
3460;17;1;2000;10;508600
3461;14;1;2000;9;284500
3462;13;1;2000;9;204500
3463;12;1;2000;9;427400
3464;11;1;2000;9;141300
3465;10;1;2000;9;126500
3466;7;1;2000;9;121300
3467;6;1;2000;9;202900
3468;5;1;2000;8;164100
3469;4;1;2000;8;59300
