1;24;10;2013;12;400
2;23;10;2013;12;100
3;22;10;2013;13;0
4;21;10;2013;14;4700
5;18;10;2013;14;0
6;17;10;2013;14;8400
7;16;10;2013;13;0
8;15;10;2013;13;1200
9;14;10;2013;13;0
10;11;10;2013;12;0
11;10;10;2013;12;1200
12;9;10;2013;11;0
13;8;10;2013;11;100
14;7;10;2013;10;100
15;4;10;2013;10;0
16;3;10;2013;9;0
17;2;10;2013;9;0
18;1;10;2013;9;0
19;30;9;2013;9;0
20;27;9;2013;9;0
21;26;9;2013;10;1000
22;25;9;2013;10;0
23;24;9;2013;10;0
24;23;9;2013;10;0
25;20;9;2013;10;700
26;19;9;2013;10;0
27;18;9;2013;10;200
28;17;9;2013;10;100
29;16;9;2013;10;0
30;13;9;2013;10;100
31;12;9;2013;11;300
32;11;9;2013;10;900
33;10;9;2013;11;0
34;9;9;2013;11;0
35;6;9;2013;11;0
36;5;9;2013;11;0
37;4;9;2013;11;0
38;3;9;2013;11;900
39;2;9;2013;11;0
40;30;8;2013;11;0
41;29;8;2013;11;0
42;28;8;2013;12;0
43;27;8;2013;11;0
44;26;8;2013;11;0
45;23;8;2013;10;2600
46;22;8;2013;10;500
47;21;8;2013;10;3500
48;20;8;2013;10;0
49;19;8;2013;10;100
50;16;8;2013;10;0
51;15;8;2013;10;0
52;14;8;2013;10;0
53;13;8;2013;10;100
54;12;8;2013;10;600
55;9;8;2013;10;0
56;8;8;2013;10;0
57;7;8;2013;10;0
58;6;8;2013;10;700
59;5;8;2013;10;0
60;2;8;2013;10;200
61;1;8;2013;11;0
62;31;7;2013;11;0
63;30;7;2013;11;0
64;29;7;2013;11;1200
65;26;7;2013;11;400
66;25;7;2013;11;1000
67;24;7;2013;12;200
68;23;7;2013;12;100
69;22;7;2013;12;600
70;19;7;2013;13;5000
71;18;7;2013;13;0
72;17;7;2013;13;0
73;16;7;2013;13;0
74;15;7;2013;13;300
75;12;7;2013;13;1500
76;11;7;2013;12;600
77;10;7;2013;12;500
78;9;7;2013;13;0
79;8;7;2013;13;0
80;5;7;2013;13;0
81;4;7;2013;13;0
82;3;7;2013;13;0
83;2;7;2013;13;0
84;1;7;2013;13;0
85;28;6;2013;13;0
86;27;6;2013;13;0
87;26;6;2013;13;0
88;25;6;2013;13;0
89;24;6;2013;13;0
90;21;6;2013;13;0
91;20;6;2013;13;0
92;19;6;2013;13;0
93;18;6;2013;13;0
94;17;6;2013;13;0
95;14;6;2013;13;0
96;13;6;2013;13;500
97;12;6;2013;13;0
98;11;6;2013;13;100
99;10;6;2013;12;0
100;7;6;2013;12;4000
101;6;6;2013;12;200
102;5;6;2013;13;100
103;4;6;2013;13;400
104;3;6;2013;13;5300
105;31;5;2013;14;2600
106;30;5;2013;14;0
107;29;5;2013;14;0
108;28;5;2013;14;1000
109;27;5;2013;14;4000
110;24;5;2013;15;0
111;23;5;2013;14;0
112;22;5;2013;14;200
113;21;5;2013;14;0
114;20;5;2013;14;0
115;17;5;2013;14;300
116;16;5;2013;14;0
117;15;5;2013;14;0
118;14;5;2013;14;100
119;13;5;2013;15;0
120;10;5;2013;15;0
121;9;5;2013;15;0
122;8;5;2013;15;0
123;7;5;2013;15;0
124;6;5;2013;15;0
125;3;5;2013;15;0
126;2;5;2013;15;0
127;1;5;2013;14;0
128;30;4;2013;14;1200
129;29;4;2013;15;0
130;26;4;2013;15;0
131;25;4;2013;15;0
132;24;4;2013;15;0
133;23;4;2013;15;2200
134;22;4;2013;14;0
135;19;4;2013;13;0
136;18;4;2013;13;100
137;17;4;2013;13;100
138;16;4;2013;13;100
139;15;4;2013;12;0
140;12;4;2013;12;600
141;11;4;2013;12;0
142;10;4;2013;12;0
143;9;4;2013;11;1100
144;8;4;2013;12;0
145;5;4;2013;12;1100
146;4;4;2013;12;0
147;3;4;2013;12;300
148;2;4;2013;13;1000
149;1;4;2013;13;700
150;29;3;2013;13;0
151;28;3;2013;13;1200
152;27;3;2013;12;0
153;26;3;2013;12;500
154;25;3;2013;12;3600
155;22;3;2013;12;100
156;21;3;2013;12;400
157;20;3;2013;12;0
158;19;3;2013;12;1000
159;18;3;2013;11;100
160;15;3;2013;12;1800
161;14;3;2013;12;100
162;13;3;2013;11;0
163;12;3;2013;11;6100
164;11;3;2013;11;2300
165;8;3;2013;11;2800
166;7;3;2013;11;1100
167;6;3;2013;10;1600
168;5;3;2013;10;4500
169;4;3;2013;11;900
170;1;3;2013;12;6700
171;28;2;2013;12;4900
172;27;2;2013;14;100
173;26;2;2013;14;0
174;25;2;2013;14;200
175;22;2;2013;13;200
176;21;2;2013;14;200
177;20;2;2013;14;400
178;19;2;2013;14;600
179;18;2;2013;14;100
180;15;2;2013;13;0
181;14;2;2013;13;1000
182;13;2;2013;14;500
183;12;2;2013;13;1000
184;11;2;2013;13;2500
185;8;2;2013;14;0
186;7;2;2013;14;0
187;6;2;2013;14;100
188;5;2;2013;14;100
189;4;2;2013;14;300
190;1;2;2013;14;3100
191;31;1;2013;14;1800
192;30;1;2013;14;2000
193;29;1;2013;14;1800
194;28;1;2013;14;1300
195;25;1;2013;15;1000
196;24;1;2013;14;500
197;23;1;2013;15;500
198;22;1;2013;15;4600
199;21;1;2013;15;5200
200;18;1;2013;14;1100
201;17;1;2013;15;2200
202;16;1;2013;14;2400
203;15;1;2013;15;4200
204;14;1;2013;15;4100
205;11;1;2013;15;100
206;10;1;2013;14;1200
207;9;1;2013;15;8100
208;8;1;2013;15;2600
209;7;1;2013;15;4500
210;4;1;2013;15;5800
211;3;1;2013;15;12200
212;2;1;2013;14;4700
213;1;1;2013;14;200
214;31;12;2012;14;1200
215;28;12;2012;15;1600
216;27;12;2012;14;800
217;26;12;2012;15;500
218;25;12;2012;15;0
219;24;12;2012;15;1400
220;21;12;2012;14;1900
221;20;12;2012;14;1300
222;19;12;2012;14;400
223;18;12;2012;14;300
224;17;12;2012;14;300
225;14;12;2012;15;0
226;13;12;2012;14;1400
227;12;12;2012;15;0
228;11;12;2012;15;900
229;10;12;2012;15;700
230;7;12;2012;15;1900
231;6;12;2012;14;800
232;5;12;2012;15;1300
233;4;12;2012;15;300
234;3;12;2012;14;1600
235;30;11;2012;15;600
236;29;11;2012;14;1600
237;28;11;2012;15;0
238;27;11;2012;15;1900
239;26;11;2012;14;2300
240;23;11;2012;15;900
241;22;11;2012;15;900
242;21;11;2012;14;1600
243;20;11;2012;15;100
244;19;11;2012;15;2100
245;16;11;2012;15;5500
246;15;11;2012;15;5200
247;14;11;2012;15;0
248;13;11;2012;15;0
249;12;11;2012;15;600
250;9;11;2012;15;1700
251;8;11;2012;14;200
252;7;11;2012;14;2500
253;6;11;2012;15;500
254;5;11;2012;15;0
255;2;11;2012;15;300
256;1;11;2012;15;0
257;31;10;2012;14;800
258;30;10;2012;15;0
259;29;10;2012;15;0
260;26;10;2012;14;2200
261;25;10;2012;14;1000
262;24;10;2012;15;0
263;23;10;2012;15;600
264;22;10;2012;15;1800
265;19;10;2012;15;1300
266;18;10;2012;15;1000
267;17;10;2012;15;400
268;16;10;2012;15;600
269;15;10;2012;15;100
270;12;10;2012;15;300
271;11;10;2012;15;700
272;10;10;2012;15;400
273;9;10;2012;14;4300
274;8;10;2012;15;2200
275;5;10;2012;14;1800
276;4;10;2012;15;2900
277;3;10;2012;14;100
278;2;10;2012;14;0
279;1;10;2012;14;3300
280;28;9;2012;14;3900
281;27;9;2012;14;8300
282;26;9;2012;14;1600
283;25;9;2012;15;5000
284;24;9;2012;15;900
285;21;9;2012;15;1600
286;20;9;2012;15;2800
287;19;9;2012;15;0
288;18;9;2012;15;100
289;17;9;2012;14;500
290;14;9;2012;14;3700
291;13;9;2012;14;2100
292;12;9;2012;14;600
293;11;9;2012;14;1200
294;10;9;2012;14;0
295;7;9;2012;14;600
296;6;9;2012;13;1700
297;5;9;2012;13;1200
298;4;9;2012;13;1300
299;3;9;2012;13;1300
300;31;8;2012;14;3800
301;30;8;2012;14;4300
302;29;8;2012;14;10700
303;28;8;2012;14;1000
304;27;8;2012;15;200
305;24;8;2012;15;600
306;23;8;2012;15;1000
307;22;8;2012;15;300
308;21;8;2012;15;1700
309;20;8;2012;15;0
310;17;8;2012;15;1000
311;16;8;2012;15;600
312;15;8;2012;15;0
313;14;8;2012;15;1600
314;13;8;2012;15;1300
315;10;8;2012;15;3500
316;9;8;2012;15;4600
317;8;8;2012;15;100
318;7;8;2012;15;700
319;6;8;2012;15;300
320;3;8;2012;15;200
321;2;8;2012;15;1800
322;1;8;2012;15;1000
323;31;7;2012;15;300
324;30;7;2012;15;4800
325;27;7;2012;15;100
326;26;7;2012;15;4900
327;25;7;2012;15;0
328;24;7;2012;15;6200
329;23;7;2012;15;4500
330;20;7;2012;15;100
331;19;7;2012;15;1000
332;18;7;2012;15;4600
333;17;7;2012;15;2600
334;16;7;2012;15;4300
335;13;7;2012;15;1600
336;12;7;2012;15;500
337;11;7;2012;15;3100
338;10;7;2012;15;7000
339;9;7;2012;15;1500
340;6;7;2012;15;1900
341;5;7;2012;16;9400
342;4;7;2012;16;28600
343;3;7;2012;15;27700
344;2;7;2012;13;43100
345;29;6;2012;13;25100
346;28;6;2012;13;28800
347;27;6;2012;13;3100
348;26;6;2012;13;3700
349;25;6;2012;13;17500
350;22;6;2012;13;3600
351;21;6;2012;13;19000
352;20;6;2012;13;3200
353;19;6;2012;13;4400
354;18;6;2012;13;2600
355;15;6;2012;13;20500
356;14;6;2012;14;6700
357;13;6;2012;14;21400
358;12;6;2012;14;16800
359;11;6;2012;15;38900
360;8;6;2012;15;21400
361;7;6;2012;15;4700
362;6;6;2012;16;9800
363;5;6;2012;16;5600
364;4;6;2012;15;8100
365;1;6;2012;17;1300
366;31;5;2012;18;600
367;30;5;2012;18;100
368;29;5;2012;17;11800
369;28;5;2012;18;700
370;25;5;2012;18;3100
371;24;5;2012;17;4100
372;23;5;2012;18;18500
373;22;5;2012;19;1000
374;21;5;2012;18;200
375;18;5;2012;18;900
376;17;5;2012;18;9000
377;16;5;2012;18;2700
378;15;5;2012;19;12900
379;14;5;2012;20;1700
380;11;5;2012;21;1000
381;10;5;2012;22;1800
382;9;5;2012;20;1200
383;8;5;2012;20;1000
384;7;5;2012;22;1200
385;4;5;2012;24;2400
386;3;5;2012;23;5800
387;2;5;2012;24;6100
388;1;5;2012;24;0
389;30;4;2012;25;11300
390;27;4;2012;26;300
391;26;4;2012;25;2100
392;25;4;2012;25;6700
393;24;4;2012;25;17600
394;23;4;2012;24;9700
395;20;4;2012;25;11600
396;19;4;2012;23;13200
397;18;4;2012;24;25400
398;17;4;2012;25;37600
399;16;4;2012;23;21200
400;13;4;2012;19;35600
401;12;4;2012;16;300
402;11;4;2012;16;500
403;10;4;2012;16;100
404;9;4;2012;16;200
405;6;4;2012;16;0
406;5;4;2012;16;0
407;4;4;2012;16;100
408;3;4;2012;16;300
409;2;4;2012;15;100
410;30;3;2012;17;1600
411;29;3;2012;17;100
412;28;3;2012;16;1100
413;27;3;2012;15;1300
414;26;3;2012;17;0
415;23;3;2012;17;4000
416;22;3;2012;16;18900
417;21;3;2012;15;37300
418;20;3;2012;15;36200
419;19;3;2012;16;32800
420;16;3;2012;16;2100
421;15;3;2012;17;1700
422;14;3;2012;17;1500
423;13;3;2012;17;2500
424;12;3;2012;17;3800
425;9;3;2012;18;38800
426;8;3;2012;18;0
427;7;3;2012;18;100
428;6;3;2012;18;900
429;5;3;2012;18;200
430;2;3;2012;17;900
431;1;3;2012;18;1400
432;29;2;2012;18;4400
433;28;2;2012;18;100
434;27;2;2012;18;900
435;24;2;2012;18;1100
436;23;2;2012;18;3100
437;22;2;2012;18;300
438;21;2;2012;18;700
439;20;2;2012;18;0
440;17;2;2012;18;1700
441;16;2;2012;18;400
442;15;2;2012;19;200
443;14;2;2012;19;1800
444;13;2;2012;19;200
445;10;2;2012;19;1400
446;9;2;2012;18;3400
447;8;2;2012;19;400
448;7;2;2012;19;1700
449;6;2;2012;19;1400
450;3;2;2012;19;700
451;2;2;2012;19;2200
452;1;2;2012;19;500
453;31;1;2012;18;100
454;30;1;2012;18;600
455;27;1;2012;18;300
456;26;1;2012;18;0
457;25;1;2012;18;200
458;24;1;2012;18;3100
459;23;1;2012;19;0
460;20;1;2012;19;200
461;19;1;2012;20;2000
462;18;1;2012;19;0
463;17;1;2012;19;300
464;16;1;2012;20;0
465;13;1;2012;20;100
466;12;1;2012;19;33100
467;11;1;2012;19;32000
468;10;1;2012;20;34400
469;9;1;2012;17;200
470;6;1;2012;18;300
471;5;1;2012;17;0
472;4;1;2012;17;100
473;3;1;2012;18;200
474;2;1;2012;18;0
475;30;12;2011;17;200
476;29;12;2011;18;100
477;28;12;2011;17;1000
478;27;12;2011;18;1300
479;26;12;2011;19;1200
480;23;12;2011;18;200
481;22;12;2011;16;23000
482;21;12;2011;17;20600
483;20;12;2011;16;1000
484;19;12;2011;17;100
485;16;12;2011;18;200
486;15;12;2011;19;100
487;14;12;2011;18;0
488;13;12;2011;17;13500
489;12;12;2011;18;1000
490;9;12;2011;18;700
491;8;12;2011;17;0
492;7;12;2011;17;6400
493;6;12;2011;17;0
494;5;12;2011;17;12700
495;2;12;2011;16;13700
496;1;12;2011;17;0
497;30;11;2011;18;0
498;29;11;2011;17;500
499;28;11;2011;18;19500
500;25;11;2011;17;12800
501;24;11;2011;17;3100
502;23;11;2011;17;7100
503;22;11;2011;18;700
504;21;11;2011;18;400
505;18;11;2011;17;1000
506;17;11;2011;19;3500
507;16;11;2011;21;200
508;15;11;2011;21;2300
509;14;11;2011;22;600
510;11;11;2011;21;1300
511;9;11;2011;21;400
512;8;11;2011;21;700
513;4;11;2011;21;2500
514;3;11;2011;22;800
515;2;11;2011;22;0
516;31;10;2011;21;1500
517;28;10;2011;22;700
518;25;10;2011;22;100
519;24;10;2011;21;900
520;21;10;2011;21;300
521;20;10;2011;22;4200
522;19;10;2011;22;500
523;18;10;2011;22;1300
524;17;10;2011;22;0
525;14;10;2011;22;500
526;13;10;2011;23;4000
527;12;10;2011;23;2600
528;11;10;2011;22;2800
529;10;10;2011;21;5300
530;7;10;2011;23;3400
531;5;10;2011;21;200
532;4;10;2011;22;0
533;3;10;2011;22;1000
534;30;9;2011;22;1000
535;29;9;2011;23;0
536;28;9;2011;22;0
537;27;9;2011;22;200
538;26;9;2011;22;2500
539;23;9;2011;22;1600
540;21;9;2011;24;500
541;20;9;2011;24;100
542;19;9;2011;24;400
543;16;9;2011;25;200
544;15;9;2011;24;100
545;14;9;2011;23;600
546;13;9;2011;24;800
547;12;9;2011;24;500
548;9;9;2011;24;200
549;8;9;2011;24;0
550;6;9;2011;25;800
551;5;9;2011;25;300
552;2;9;2011;24;300
553;30;8;2011;25;200
554;29;8;2011;25;100
555;26;8;2011;23;100
556;25;8;2011;24;300
557;24;8;2011;25;200
558;23;8;2011;25;100
559;22;8;2011;25;200
560;19;8;2011;23;900
561;18;8;2011;24;200
562;17;8;2011;24;1300
563;16;8;2011;24;1100
564;12;8;2011;25;1200
565;11;8;2011;24;1400
566;10;8;2011;24;3300
567;9;8;2011;23;9700
568;8;8;2011;25;3800
569;5;8;2011;27;4100
570;4;8;2011;29;25100
571;3;8;2011;28;4700
572;2;8;2011;28;10600
573;1;8;2011;27;400
574;29;7;2011;26;800
575;28;7;2011;28;3000
576;27;7;2011;28;4000
577;26;7;2011;27;3100
578;25;7;2011;28;600
579;22;7;2011;28;2300
580;21;7;2011;27;2200
581;20;7;2011;28;4300
582;19;7;2011;29;2400
583;18;7;2011;29;13400
584;15;7;2011;29;6500
585;14;7;2011;28;3900
586;13;7;2011;28;2300
587;12;7;2011;28;14400
588;11;7;2011;28;2300
589;8;7;2011;28;7600
590;7;7;2011;29;17800
591;6;7;2011;29;27700
592;5;7;2011;29;39300
593;4;7;2011;27;21600
594;1;7;2011;23;100
595;30;6;2011;24;200
596;28;6;2011;22;2900
597;27;6;2011;23;100
598;24;6;2011;23;600
599;23;6;2011;23;1100
600;22;6;2011;23;0
601;21;6;2011;23;1000
602;20;6;2011;23;500
603;17;6;2011;24;800
604;16;6;2011;25;300
605;15;6;2011;24;900
606;14;6;2011;24;6400
607;13;6;2011;24;100
608;10;6;2011;24;800
609;9;6;2011;25;0
610;8;6;2011;24;4400
611;7;6;2011;25;600
612;6;6;2011;25;1300
613;3;6;2011;24;300
614;2;6;2011;24;800
615;1;6;2011;24;600
616;31;5;2011;25;1000
617;30;5;2011;25;1500
618;27;5;2011;24;5100
619;26;5;2011;24;200
620;25;5;2011;23;1200
621;24;5;2011;24;100
622;23;5;2011;24;1300
623;20;5;2011;24;200
624;19;5;2011;24;1200
625;18;5;2011;25;1200
626;17;5;2011;24;1700
627;16;5;2011;24;200
628;13;5;2011;25;100
629;12;5;2011;25;200
630;11;5;2011;24;100
631;10;5;2011;24;700
632;9;5;2011;25;1400
633;6;5;2011;24;2400
634;5;5;2011;24;1300
635;4;5;2011;24;600
636;3;5;2011;25;2000
637;2;5;2011;24;1300
638;29;4;2011;23;200
639;28;4;2011;24;1400
640;27;4;2011;24;900
641;26;4;2011;24;2400
642;25;4;2011;24;3300
643;21;4;2011;25;3000
644;20;4;2011;25;1400
645;19;4;2011;26;400
646;18;4;2011;26;700
647;15;4;2011;26;1100
648;13;4;2011;25;2900
649;11;4;2011;25;5300
650;8;4;2011;27;600
651;7;4;2011;26;1300
652;6;4;2011;26;4200
653;5;4;2011;26;2400
654;4;4;2011;26;700
655;1;4;2011;25;300
656;31;3;2011;25;800
657;30;3;2011;25;4300
658;29;3;2011;24;29500
659;28;3;2011;25;17700
660;25;3;2011;26;12700
661;24;3;2011;26;25200
662;23;3;2011;26;12400
663;22;3;2011;27;700
664;21;3;2011;27;13200
665;18;3;2011;27;4800
666;17;3;2011;26;2700
667;16;3;2011;27;10100
668;15;3;2011;28;21800
669;14;3;2011;28;1700
670;11;3;2011;28;11900
671;10;3;2011;27;2000
672;9;3;2011;27;14300
673;8;3;2011;26;8200
674;7;3;2011;26;0
675;4;3;2011;26;1200
676;3;3;2011;26;4500
677;1;3;2011;27;5400
678;28;2;2011;26;1000
679;25;2;2011;25;0
680;24;2;2011;25;4300
681;23;2;2011;25;500
682;22;2;2011;26;1300
683;21;2;2011;26;7500
684;18;2;2011;26;500
685;17;2;2011;27;1400
686;16;2;2011;27;11700
687;15;2;2011;25;7900
688;14;2;2011;25;1000
689;11;2;2011;25;9800
690;10;2;2011;24;9800
691;9;2;2011;23;12500
692;8;2;2011;24;5300
693;7;2;2011;26;5600
694;4;2;2011;25;11600
695;3;2;2011;25;7900
696;2;2;2011;26;12000
697;1;2;2011;25;3900
698;31;1;2011;25;1600
699;28;1;2011;26;700
700;27;1;2011;28;200
701;25;1;2011;28;2400
702;24;1;2011;28;2000
703;21;1;2011;28;1600
704;20;1;2011;28;20500
705;19;1;2011;28;22000
706;18;1;2011;25;2100
707;17;1;2011;26;2900
708;14;1;2011;26;33700
709;13;1;2011;27;1900
710;12;1;2011;27;5900
711;11;1;2011;28;7900
712;10;1;2011;27;1000
713;7;1;2011;27;6800
714;6;1;2011;27;2800
715;5;1;2011;27;200
716;4;1;2011;28;200
717;3;1;2011;28;2800
718;31;12;2010;27;11600
719;30;12;2010;27;200
720;29;12;2010;27;1000
721;28;12;2010;27;100
722;27;12;2010;27;500
723;24;12;2010;27;0
724;23;12;2010;27;500
725;22;12;2010;28;4200
726;21;12;2010;26;4200
727;20;12;2010;26;500
728;16;12;2010;27;1200
729;15;12;2010;27;2700
730;14;12;2010;27;2800
731;13;12;2010;27;5900
732;10;12;2010;25;700
733;9;12;2010;24;4200
734;8;12;2010;26;4000
735;7;12;2010;27;1200
736;6;12;2010;28;900
737;3;12;2010;27;3200
738;2;12;2010;28;13200
739;1;12;2010;28;25400
740;30;11;2010;26;8000
741;29;11;2010;25;69200
742;26;11;2010;28;5600
743;25;11;2010;28;35100
744;24;11;2010;29;2600
745;23;11;2010;29;10800
746;22;11;2010;29;8400
747;19;11;2010;29;6100
748;18;11;2010;30;13500
749;16;11;2010;30;27100
750;15;11;2010;31;18100
751;12;11;2010;31;52500
752;11;11;2010;33;14600
753;10;11;2010;33;16500
754;9;11;2010;33;55600
755;8;11;2010;32;54600
756;5;11;2010;32;3900
757;4;11;2010;32;24800
758;3;11;2010;32;68500
759;2;11;2010;31;6600
760;1;11;2010;32;15900
761;29;10;2010;31;10100
762;28;10;2010;32;500
763;27;10;2010;32;43000
764;26;10;2010;31;4000
765;25;10;2010;31;9900
766;22;10;2010;31;6000
767;21;10;2010;32;9000
768;20;10;2010;30;1400
769;19;10;2010;30;5400
770;18;10;2010;31;2600
771;15;10;2010;31;10900
772;14;10;2010;31;24800
773;13;10;2010;33;28500
774;12;10;2010;32;12900
775;11;10;2010;31;4600
776;8;10;2010;32;6200
777;7;10;2010;32;10100
778;6;10;2010;32;11900
779;5;10;2010;33;22400
780;4;10;2010;32;15800
781;1;10;2010;31;14700
782;30;9;2010;31;4600
783;29;9;2010;31;3800
784;28;9;2010;31;7200
785;27;9;2010;32;10100
786;24;9;2010;32;11200
787;23;9;2010;32;2500
788;22;9;2010;32;6800
789;21;9;2010;33;6100
790;20;9;2010;33;1700
791;17;9;2010;33;19200
792;16;9;2010;33;2700
793;15;9;2010;33;10100
794;14;9;2010;33;7400
795;13;9;2010;33;11300
796;9;9;2010;33;15700
797;8;9;2010;33;25500
798;7;9;2010;33;23800
799;6;9;2010;34;18200
800;3;9;2010;34;21900
801;2;9;2010;35;16700
802;1;9;2010;37;14700
803;31;8;2010;34;3900
804;30;8;2010;34;6400
805;27;8;2010;35;10800
806;26;8;2010;35;16900
807;25;8;2010;36;9000
808;24;8;2010;38;68200
809;23;8;2010;36;25000
810;20;8;2010;35;22900
811;19;8;2010;34;17200
812;18;8;2010;34;4500
813;17;8;2010;34;10700
814;16;8;2010;35;9100
815;13;8;2010;35;5100
816;12;8;2010;35;5600
817;11;8;2010;35;10500
818;10;8;2010;37;18500
819;9;8;2010;38;45100
820;6;8;2010;37;72800
821;5;8;2010;35;24100
822;4;8;2010;33;4700
823;3;8;2010;33;11800
824;2;8;2010;34;5500
825;30;7;2010;34;7100
826;29;7;2010;34;16800
827;28;7;2010;34;4400
828;27;7;2010;34;3000
829;26;7;2010;34;16100
830;23;7;2010;33;3300
831;22;7;2010;33;800
832;21;7;2010;32;7100
833;20;7;2010;34;3800
834;19;7;2010;34;4200
835;16;7;2010;34;7800
836;15;7;2010;35;4000
837;14;7;2010;35;17300
838;13;7;2010;35;45800
839;12;7;2010;33;5800
840;9;7;2010;33;9900
841;8;7;2010;33;9700
842;7;7;2010;33;3200
843;6;7;2010;33;7500
844;5;7;2010;33;3000
845;2;7;2010;35;4000
846;1;7;2010;34;7100
847;30;6;2010;35;24700
848;29;6;2010;34;26200
849;28;6;2010;37;107100
850;25;6;2010;36;55600
851;24;6;2010;30;11800
852;23;6;2010;28;3400
853;22;6;2010;27;1900
854;21;6;2010;27;1400
855;18;6;2010;28;4100
856;17;6;2010;28;600
857;16;6;2010;28;2000
858;15;6;2010;29;1400
859;14;6;2010;29;3400
860;11;6;2010;28;800
861;10;6;2010;28;4100
862;9;6;2010;28;200
863;8;6;2010;28;500
864;7;6;2010;28;2900
865;4;6;2010;29;400
866;3;6;2010;28;3000
867;2;6;2010;28;12100
868;1;6;2010;28;21400
869;31;5;2010;27;1900
870;28;5;2010;28;1700
871;27;5;2010;28;1600
872;26;5;2010;28;700
873;25;5;2010;28;4600
874;24;5;2010;29;5000
875;21;5;2010;28;5100
876;20;5;2010;29;25300
877;19;5;2010;29;1000
878;18;5;2010;29;1600
879;17;5;2010;28;3800
880;14;5;2010;30;14100
881;13;5;2010;29;2600
882;12;5;2010;30;4900
883;11;5;2010;30;4500
884;10;5;2010;31;25100
885;7;5;2010;27;4400
886;6;5;2010;29;3200
887;5;5;2010;28;15300
888;4;5;2010;30;4300
889;3;5;2010;30;7600
890;30;4;2010;30;3600
891;29;4;2010;30;4000
892;28;4;2010;31;5400
893;27;4;2010;31;5300
894;26;4;2010;31;4100
895;23;4;2010;31;8700
896;22;4;2010;32;8200
897;21;4;2010;33;33600
898;20;4;2010;31;4900
899;19;4;2010;30;2800
900;16;4;2010;31;5900
901;15;4;2010;31;3200
902;13;4;2010;32;5900
903;12;4;2010;31;4600
904;9;4;2010;31;14600
905;8;4;2010;30;10800
906;7;4;2010;30;9300
907;6;4;2010;31;12100
908;5;4;2010;31;4900
909;1;4;2010;31;14400
910;31;3;2010;28;4900
911;30;3;2010;28;1600
912;29;3;2010;28;2300
913;26;3;2010;28;5700
914;25;3;2010;30;8200
915;23;3;2010;28;4400
916;22;3;2010;28;2700
917;19;3;2010;29;22500
918;18;3;2010;29;2700
919;17;3;2010;29;28700
920;16;3;2010;28;3600
921;15;3;2010;29;2500
922;12;3;2010;29;4300
923;11;3;2010;29;22800
924;10;3;2010;30;1900
925;9;3;2010;30;6000
926;8;3;2010;31;34900
927;5;3;2010;31;38800
928;4;3;2010;32;14500
929;3;3;2010;31;4700
930;2;3;2010;30;2700
931;26;2;2010;28;3300
932;25;2;2010;28;800
933;24;2;2010;28;1300
934;23;2;2010;29;2500
935;22;2;2010;29;2700
936;19;2;2010;31;4000
937;18;2;2010;32;9800
938;17;2;2010;31;4700
939;16;2;2010;29;1700
940;15;2;2010;29;1600
941;11;2;2010;29;2100
942;10;2;2010;29;1900
943;9;2;2010;29;1500
944;8;2;2010;29;1600
945;5;2;2010;29;2800
946;4;2;2010;31;5800
947;3;2;2010;31;6000
948;2;2;2010;31;9600
949;1;2;2010;31;2300
950;29;1;2010;30;10400
951;28;1;2010;28;11200
952;27;1;2010;30;10700
953;25;1;2010;31;6800
954;22;1;2010;31;7300
955;21;1;2010;32;4600
956;20;1;2010;32;5500
957;19;1;2010;33;7200
958;18;1;2010;34;6700
959;15;1;2010;35;4500
960;14;1;2010;35;10400
961;13;1;2010;35;6100
962;12;1;2010;35;9900
963;11;1;2010;35;12800
964;8;1;2010;35;15300
965;7;1;2010;36;18000
966;6;1;2010;36;38900
967;5;1;2010;35;48600
968;4;1;2010;34;4400
969;31;12;2009;34;18500
970;30;12;2009;34;34700
971;24;12;2009;31;4700
972;23;12;2009;30;6700
973;22;12;2009;31;3400
974;21;12;2009;31;7500
975;18;12;2009;31;4700
976;17;12;2009;32;4300
977;16;12;2009;32;5300
978;15;12;2009;32;9900
979;14;12;2009;33;10400
980;11;12;2009;33;8300
981;10;12;2009;33;5500
982;9;12;2009;32;3600
983;8;12;2009;31;9400
984;7;12;2009;32;10700
985;4;12;2009;32;7100
986;3;12;2009;32;8900
987;2;12;2009;32;6800
988;1;12;2009;32;9600
989;30;11;2009;32;12100
990;27;11;2009;31;7300
991;26;11;2009;32;11900
992;25;11;2009;33;8200
993;24;11;2009;33;8500
994;23;11;2009;33;5400
995;20;11;2009;33;11000
996;19;11;2009;33;11200
997;18;11;2009;34;8500
998;17;11;2009;34;7600
999;16;11;2009;34;30600
1000;13;11;2009;34;16300
1001;12;11;2009;36;13500
1002;11;11;2009;38;81100
1003;6;11;2009;36;29800
1004;29;10;2009;28;30300
1005;28;10;2009;27;13600
1006;27;10;2009;27;21400
1007;26;10;2009;27;5700
1008;23;10;2009;27;17000
1009;22;10;2009;27;8500
1010;21;10;2009;28;11900
1011;20;10;2009;28;10000
1012;16;10;2009;28;22200
1013;15;10;2009;28;14900
1014;14;10;2009;27;11000
1015;12;10;2009;28;22700
1016;9;10;2009;28;36000
1017;8;10;2009;29;18700
1018;7;10;2009;29;13100
1019;6;10;2009;30;37300
1020;5;10;2009;30;23700
1021;1;10;2009;31;26000
1022;30;9;2009;31;15700
1023;29;9;2009;32;22700
1024;25;9;2009;33;43300
1025;24;9;2009;33;32300
1026;23;9;2009;32;31100
1027;22;9;2009;31;40500
1028;18;9;2009;32;19200
1029;17;9;2009;33;60200
1030;16;9;2009;33;51500
1031;15;9;2009;34;32200
1032;14;9;2009;34;23000
1033;11;9;2009;34;39400
1034;10;9;2009;36;49300
1035;9;9;2009;36;31800
1036;8;9;2009;35;37200
1037;7;9;2009;37;57900
1038;4;9;2009;35;33300
1039;3;9;2009;37;36900
1040;2;9;2009;37;91000
1041;1;9;2009;37;148400
1042;31;8;2009;39;151600
1043;28;8;2009;41;395500
1044;27;8;2009;39;476000
1045;26;8;2009;36;463900
1046;25;8;2009;30;139500
1047;24;8;2009;29;431400
1048;21;8;2009;28;585800
1049;20;8;2009;24;46700
1050;19;8;2009;24;35500
1051;18;8;2009;25;27500
1052;17;8;2009;25;74500
1053;14;8;2009;26;203100
1054;13;8;2009;25;215400
1055;12;8;2009;25;110200
1056;11;8;2009;23;8600
1057;10;8;2009;23;21200
1058;7;8;2009;23;18500
1059;6;8;2009;24;92500
1060;5;8;2009;25;40600
1061;4;8;2009;23;36400
1062;3;8;2009;23;21700
1063;31;7;2009;24;38800
1064;30;7;2009;25;65200
1065;29;7;2009;24;51100
1066;28;7;2009;25;84500
1067;27;7;2009;25;54800
1068;24;7;2009;25;147000
1069;23;7;2009;26;168800
1070;22;7;2009;26;24900
1071;21;7;2009;25;9100
1072;20;7;2009;26;12600
1073;17;7;2009;25;19700
1074;16;7;2009;25;13800
1075;15;7;2009;26;31700
1076;14;7;2009;26;5800
1077;13;7;2009;23;2200
1078;10;7;2009;25;18600
1079;9;7;2009;24;14000
1080;8;7;2009;24;7100
1081;7;7;2009;25;7900
1082;6;7;2009;25;13900
1083;3;7;2009;27;27100
1084;2;7;2009;26;19300
1085;1;7;2009;26;11900
1086;30;6;2009;26;15200
1087;29;6;2009;27;10600
1088;26;6;2009;27;39900
1089;25;6;2009;27;28100
1090;24;6;2009;28;46800
1091;23;6;2009;28;6000
1092;22;6;2009;29;20600
1093;19;6;2009;30;26200
1094;18;6;2009;29;43200
1095;17;6;2009;30;92000
1096;16;6;2009;30;17900
1097;15;6;2009;29;48000
1098;12;6;2009;31;72300
1099;11;6;2009;30;23100
1100;10;6;2009;31;202700
1101;9;6;2009;31;113600
1102;8;6;2009;32;85000
1103;5;6;2009;34;77200
1104;4;6;2009;33;73500
1105;3;6;2009;32;85500
1106;2;6;2009;33;83700
1107;1;6;2009;34;51600
1108;29;5;2009;35;36300
1109;28;5;2009;36;23700
1110;27;5;2009;36;43400
1111;26;5;2009;34;12300
1112;25;5;2009;37;28700
1113;22;5;2009;36;17200
1114;21;5;2009;38;28000
1115;20;5;2009;36;18200
1116;19;5;2009;33;11600
1117;15;5;2009;31;23100
1118;14;5;2009;28;10100
1119;13;5;2009;28;3400
1120;12;5;2009;28;23000
1121;11;5;2009;28;17300
1122;8;5;2009;28;29900
1123;7;5;2009;26;3800
1124;6;5;2009;26;13500
1125;5;5;2009;25;5200
1126;4;5;2009;25;11200
1127;29;4;2009;25;13800
1128;28;4;2009;23;6700
1129;27;4;2009;24;13000
1130;24;4;2009;24;13900
1131;23;4;2009;24;6200
1132;22;4;2009;24;6100
1133;21;4;2009;25;7400
1134;20;4;2009;24;8900
1135;17;4;2009;25;16100
1136;16;4;2009;24;15000
1137;15;4;2009;26;33700
1138;13;4;2009;23;29600
1139;9;4;2009;21;43900
1140;8;4;2009;20;17400
1141;6;4;2009;20;11100
1142;2;4;2009;21;29100
1143;1;4;2009;22;12300
1144;31;3;2009;19;20300
1145;30;3;2009;18;1900
1146;27;3;2009;17;10700
1147;26;3;2009;17;25300
1148;25;3;2009;16;400
1149;24;3;2009;18;7500
1150;23;3;2009;19;3600
1151;20;3;2009;18;2500
1152;19;3;2009;17;4500
1153;18;3;2009;17;16100
1154;17;3;2009;16;800
1155;16;3;2009;16;18100
1156;13;3;2009;16;5100
1157;12;3;2009;15;1800
1158;9;3;2009;16;4000
1159;6;3;2009;15;28600
1160;5;3;2009;15;20600
1161;4;3;2009;16;2200
1162;3;3;2009;18;5300
1163;2;3;2009;18;1200
1164;27;2;2009;16;2300
1165;26;2;2009;17;300
1166;25;2;2009;18;900
1167;24;2;2009;18;1300
1168;20;2;2009;18;0
1169;19;2;2009;18;300
1170;18;2;2009;18;1100
1171;17;2;2009;17;3600
1172;16;2;2009;19;4300
1173;13;2;2009;19;1800
1174;12;2;2009;18;9500
1175;11;2;2009;18;500
1176;10;2;2009;18;14100
1177;9;2;2009;19;10400
1178;6;2;2009;18;1500
1179;5;2;2009;18;22000
1180;4;2;2009;17;2100
1181;3;2;2009;17;1700
1182;2;2;2009;18;1400
1183;30;1;2009;18;12700
1184;29;1;2009;18;2300
1185;28;1;2009;19;1800
1186;27;1;2009;19;200
1187;23;1;2009;19;1200
1188;22;1;2009;20;4300
1189;21;1;2009;20;800
1190;20;1;2009;21;2800
1191;19;1;2009;21;2000
1192;16;1;2009;20;2800
1193;15;1;2009;20;11200
1194;14;1;2009;21;800
1195;13;1;2009;20;3700
1196;12;1;2009;22;3200
1197;9;1;2009;21;14900
1198;7;1;2009;24;6600
1199;6;1;2009;24;37100
1200;5;1;2009;25;20300
1201;2;1;2009;24;46200
1202;1;1;2009;24;6900
1203;31;12;2008;23;8500
1204;30;12;2008;23;6900
1205;29;12;2008;24;900
1206;26;12;2008;25;6900
1207;24;12;2008;27;2400
1208;23;12;2008;29;7900
1209;22;12;2008;28;12400
1210;19;12;2008;27;12600
1211;18;12;2008;26;7900
1212;17;12;2008;25;9700
1213;16;12;2008;23;8600
1214;15;12;2008;22;4100
1215;12;12;2008;22;1400
1216;11;12;2008;23;1900
1217;10;12;2008;23;3000
1218;8;12;2008;23;1700
1219;5;12;2008;23;2500
1220;4;12;2008;23;5100
1221;3;12;2008;21;9000
1222;2;12;2008;21;6200
1223;1;12;2008;22;1500
1224;28;11;2008;22;2600
1225;26;11;2008;22;2900
1226;25;11;2008;21;7000
1227;24;11;2008;20;8600
1228;21;11;2008;21;3200
1229;20;11;2008;22;900
1230;19;11;2008;23;27000
1231;18;11;2008;25;15100
1232;17;11;2008;26;600
1233;14;11;2008;27;100
1234;12;11;2008;29;2300
1235;11;11;2008;30;700
1236;10;11;2008;32;1000
1237;7;11;2008;34;5000
1238;6;11;2008;35;44600
1239;5;11;2008;36;94800
1240;4;11;2008;35;0
1241;3;11;2008;36;200
1242;31;10;2008;38;200
1243;29;10;2008;40;100
1244;28;10;2008;42;0
1245;27;10;2008;45;0
1246;24;10;2008;47;0
1247;23;10;2008;49;0
1248;22;10;2008;52;1100
1249;21;10;2008;55;0
1250;20;10;2008;58;100
1251;17;10;2008;61;100
1252;16;10;2008;64;200
1253;15;10;2008;67;0
1254;14;10;2008;71;100
1255;13;10;2008;75;200
1256;10;10;2008;79;0
1257;8;10;2008;83;100
1258;7;10;2008;87;500
1259;6;10;2008;92;0
1260;3;10;2008;96;100
1261;1;10;2008;101;100
1262;30;9;2008;107;600
1263;29;9;2008;105;118700
1264;26;9;2008;111;135000
1265;25;9;2008;105;90300
1266;24;9;2008;100;58000
1267;23;9;2008;96;151600
1268;22;9;2008;91;100900
1269;19;9;2008;87;196200
1270;18;9;2008;83;515500
1271;17;9;2008;79;374400
1272;16;9;2008;75;258700
1273;15;9;2008;71;432900
1274;12;9;2008;68;173000
1275;11;9;2008;65;114700
1276;10;9;2008;62;155800
1277;9;9;2008;59;109500
1278;8;9;2008;56;183100
1279;5;9;2008;53;82500
1280;4;9;2008;51;57100
1281;2;9;2008;48;123000
1282;1;9;2008;46;19000
1283;29;8;2008;44;4400
1284;28;8;2008;42;25800
1285;27;8;2008;40;8000
1286;26;8;2008;40;5500
1287;25;8;2008;38;5400
1288;22;8;2008;37;5200
1289;21;8;2008;38;800
1290;20;8;2008;39;1100
1291;19;8;2008;38;14800
1292;18;8;2008;37;15900
1293;14;8;2008;36;3900
1294;13;8;2008;36;1400
1295;12;8;2008;37;9900
1296;11;8;2008;39;19200
1297;8;8;2008;37;39700
1298;7;8;2008;35;6100
1299;6;8;2008;33;700
1300;5;8;2008;34;9400
1301;4;8;2008;35;2200
1302;1;8;2008;34;400
1303;31;7;2008;33;2200
1304;30;7;2008;35;14800
1305;29;7;2008;38;3400
1306;28;7;2008;37;2000
1307;25;7;2008;38;2000
1308;24;7;2008;38;4100
1309;23;7;2008;36;1400
1310;22;7;2008;35;4700
1311;21;7;2008;35;6900
1312;18;7;2008;34;2300
1313;17;7;2008;32;2400
1314;16;7;2008;34;1600
1315;15;7;2008;36;1500
1316;14;7;2008;37;10200
1317;11;7;2008;35;3600
1318;10;7;2008;37;12300
1319;9;7;2008;39;20100
1320;8;7;2008;37;21100
1321;7;7;2008;36;26700
1322;4;7;2008;34;39600
1323;3;7;2008;33;20700
1324;2;7;2008;32;8600
1325;1;7;2008;31;20700
1326;30;6;2008;32;17700
1327;27;6;2008;29;17600
1328;26;6;2008;28;36800
1329;25;6;2008;26;22900
1330;24;6;2008;24;27700
1331;23;6;2008;22;4400
1332;20;6;2008;24;8000
1333;19;6;2008;26;1100
1334;18;6;2008;25;3600
1335;17;6;2008;26;2000
1336;16;6;2008;28;700
1337;13;6;2008;26;700
1338;12;6;2008;26;6300
1339;11;6;2008;27;1300
1340;10;6;2008;25;900
1341;9;6;2008;25;400
1342;6;6;2008;26;6400
1343;5;6;2008;28;1600
1344;4;6;2008;27;4500
1345;3;6;2008;26;1600
1346;2;6;2008;27;800
1347;30;5;2008;26;2500
1348;29;5;2008;28;2900
1349;28;5;2008;28;2700
1350;27;5;2008;28;10100
1351;26;5;2008;30;1200
1352;23;5;2008;29;5400
1353;22;5;2008;32;11700
1354;21;5;2008;33;42300
1355;20;5;2008;32;12100
1356;16;5;2008;31;2800
1357;15;5;2008;30;500
1358;14;5;2008;31;600
1359;13;5;2008;29;3200
1360;12;5;2008;31;17600
1361;9;5;2008;28;3000
1362;8;5;2008;30;1000
1363;7;5;2008;31;36200
1364;6;5;2008;31;12700
1365;5;5;2008;31;2700
1366;2;5;2008;32;2700
1367;30;4;2008;31;3100
1368;29;4;2008;33;13300
1369;28;4;2008;31;2900
1370;25;4;2008;30;3100
1371;24;4;2008;31;600
1372;23;4;2008;30;3400
1373;22;4;2008;31;1600
1374;21;4;2008;33;6300
1375;17;4;2008;31;3800
1376;16;4;2008;30;1000
1377;15;4;2008;30;2000
1378;11;4;2008;31;600
1379;10;4;2008;31;400
1380;9;4;2008;31;1900
1381;8;4;2008;31;700
1382;7;4;2008;30;600
1383;4;4;2008;32;1000
1384;3;4;2008;32;1100
1385;2;4;2008;32;3000
1386;1;4;2008;33;1400
1387;31;3;2008;32;34400
1388;28;3;2008;30;2600
1389;27;3;2008;29;1100
1390;26;3;2008;29;17000
1391;25;3;2008;28;18600
1392;24;3;2008;29;21000
1393;19;3;2008;29;8900
1394;18;3;2008;30;9300
1395;17;3;2008;32;41200
1396;14;3;2008;33;2400
1397;13;3;2008;34;5700
1398;12;3;2008;34;4700
1399;11;3;2008;36;3700
1400;10;3;2008;38;200
1401;7;3;2008;40;300
1402;5;3;2008;42;17300
1403;4;3;2008;42;22100
1404;3;3;2008;42;11300
1405;29;2;2008;41;7000
1406;28;2;2008;40;5100
1407;27;2;2008;41;13600
1408;26;2;2008;39;19900
1409;25;2;2008;37;4900
1410;22;2;2008;35;900
1411;21;2;2008;34;900
1412;20;2;2008;32;7700
1413;19;2;2008;31;1100
1414;18;2;2008;30;600
1415;15;2;2008;30;5400
1416;14;2;2008;31;1300
1417;13;2;2008;31;2500
1418;12;2;2008;33;2200
1419;11;2;2008;35;5100
1420;8;2;2008;36;1800
1421;7;2;2008;36;1400
1422;6;2;2008;37;600
1423;5;2;2008;38;1700
1424;4;2;2008;40;200
1425;1;2;2008;40;4700
1426;31;1;2008;39;5500
1427;30;1;2008;37;9500
1428;29;1;2008;35;4700
1429;28;1;2008;34;500
1430;25;1;2008;36;2600
1431;24;1;2008;38;500
1432;23;1;2008;40;900
1433;22;1;2008;42;100
1434;21;1;2008;44;300
1435;18;1;2008;46;18300
1436;17;1;2008;43;23200
1437;16;1;2008;44;2300
1438;15;1;2008;46;5000
1439;14;1;2008;49;9400
1440;11;1;2008;50;600
1441;10;1;2008;52;11800
1442;9;1;2008;55;7400
1443;8;1;2008;58;6300
1444;7;1;2008;61;49500
1445;4;1;2008;63;50000
1446;3;1;2008;66;199800
1447;2;1;2008;63;42400
1448;1;1;2008;60;67900
1449;31;12;2007;57;27600
1450;28;12;2007;55;17300
1451;27;12;2007;52;7900
1452;26;12;2007;50;9000
1453;24;12;2007;47;1700
1454;20;12;2007;48;3500
1455;19;12;2007;50;6600
1456;18;12;2007;50;4500
1457;17;12;2007;52;13200
1458;14;12;2007;55;10400
1459;13;12;2007;51;15700
1460;12;12;2007;50;5300
1461;11;12;2007;50;5300
1462;10;12;2007;50;7500
1463;7;12;2007;50;3900
1464;6;12;2007;50;7000
1465;5;12;2007;50;6100
1466;4;12;2007;48;5300
1467;3;12;2007;46;19300
1468;30;11;2007;44;2600
1469;29;11;2007;44;2700
1470;28;11;2007;48;6600
1471;27;11;2007;48;6500
1472;26;11;2007;50;9600
1473;23;11;2007;50;2500
1474;22;11;2007;52;14400
1475;21;11;2007;55;8200
1476;20;11;2007;52;2700
1477;19;11;2007;50;11200
1478;16;11;2007;48;22700
1479;15;11;2007;50;500
1480;14;11;2007;53;4100
1481;13;11;2007;55;2800
1482;12;11;2007;58;1200
1483;9;11;2007;61;1500
1484;8;11;2007;64;5800
1485;7;11;2007;68;1400
1486;6;11;2007;71;1600
1487;5;11;2007;75;900
1488;2;11;2007;79;5400
1489;1;11;2007;83;6400
1490;31;10;2007;87;23600
1491;30;10;2007;83;6000
1492;29;10;2007;90;32800
1493;26;10;2007;89;47600
1494;25;10;2007;85;1900
1495;24;10;2007;86;53100
1496;23;10;2007;90;32600
1497;22;10;2007;86;30300
1498;19;10;2007;82;49300
1499;18;10;2007;78;34500
1500;17;10;2007;74;30100
1501;16;10;2007;71;60800
1502;15;10;2007;67;33600
1503;12;10;2007;64;39400
1504;11;10;2007;61;27100
1505;10;10;2007;58;40800
1506;9;10;2007;54;50600
1507;8;10;2007;53;138800
1508;5;10;2007;51;139600
1509;4;10;2007;48;137800
1510;3;10;2007;46;69500
1511;1;10;2007;44;21100
1512;28;9;2007;42;107100
1513;27;9;2007;38;30400
1514;26;9;2007;34;28200
1515;25;9;2007;31;12100
1516;24;9;2007;28;5000
1517;21;9;2007;33;7000
1518;20;9;2007;31;6900
1519;19;9;2007;29;17700
1520;18;9;2007;27;2600
1521;17;9;2007;27;2100
1522;14;9;2007;28;5800
1523;13;9;2007;27;100
1524;12;9;2007;28;9600
1525;11;9;2007;27;800
1526;10;9;2007;27;2200
1527;7;9;2007;28;5500
1528;6;9;2007;27;2400
1529;5;9;2007;26;2800
1530;4;9;2007;27;4300
1531;3;9;2007;27;9500
1532;31;8;2007;29;3000
1533;30;8;2007;27;2300
1534;29;8;2007;26;2200
1535;28;8;2007;26;1000
1536;27;8;2007;27;1900
1537;24;8;2007;27;500
1538;23;8;2007;27;100
1539;22;8;2007;26;1500
1540;21;8;2007;27;1100
1541;20;8;2007;27;300
1542;17;8;2007;27;700
1543;16;8;2007;27;3400
1544;14;8;2007;28;6500
1545;13;8;2007;27;1100
1546;10;8;2007;27;2300
1547;9;8;2007;28;1700
1548;8;8;2007;29;4300
1549;7;8;2007;28;2600
1550;6;8;2007;29;800
1551;3;8;2007;29;1700
1552;2;8;2007;30;4400
1553;1;8;2007;30;1800
1554;31;7;2007;30;700
1555;30;7;2007;30;2200
1556;27;7;2007;31;5600
1557;26;7;2007;31;3600
1558;25;7;2007;32;3000
1559;24;7;2007;32;2200
1560;23;7;2007;32;4000
1561;20;7;2007;32;2500
1562;19;7;2007;33;1400
1563;18;7;2007;31;2000
1564;17;7;2007;32;1000
1565;16;7;2007;33;2100
1566;13;7;2007;33;3000
1567;12;7;2007;34;2600
1568;11;7;2007;34;4700
1569;10;7;2007;36;8900
1570;9;7;2007;35;5800
1571;6;7;2007;34;3500
1572;5;7;2007;35;8400
1573;4;7;2007;35;2900
1574;3;7;2007;35;8300
1575;2;7;2007;35;10500
1576;29;6;2007;34;25000
1577;28;6;2007;35;64400
1578;27;6;2007;36;1600
1579;26;6;2007;37;2100
1580;25;6;2007;37;3100
1581;22;6;2007;38;57800
1582;21;6;2007;38;38900
1583;20;6;2007;36;21900
1584;19;6;2007;35;4700
1585;18;6;2007;35;10600
1586;15;6;2007;34;8600
1587;14;6;2007;32;14500
1588;13;6;2007;34;5900
1589;12;6;2007;36;29700
1590;11;6;2007;36;60400
1591;8;6;2007;35;81100
1592;7;6;2007;34;17300
1593;6;6;2007;34;18800
1594;5;6;2007;37;48900
1595;4;6;2007;31;11900
1596;31;5;2007;30;26900
1597;30;5;2007;30;33100
1598;29;5;2007;28;21800
1599;28;5;2007;27;4100
1600;25;5;2007;26;2300
1601;24;5;2007;26;3100
1602;23;5;2007;27;1200
1603;22;5;2007;26;2700
1604;21;5;2007;26;5900
1605;18;5;2007;26;20500
1606;17;5;2007;27;4100
1607;16;5;2007;26;2000
1608;15;5;2007;27;300
1609;14;5;2007;26;900
1610;11;5;2007;26;2100
1611;10;5;2007;28;16100
1612;9;5;2007;26;100
1613;8;5;2007;26;1300
1614;7;5;2007;26;4600
1615;4;5;2007;27;10400
1616;3;5;2007;28;1000
1617;30;4;2007;28;4600
1618;27;4;2007;28;9400
1619;26;4;2007;28;10500
1620;25;4;2007;28;8200
1621;24;4;2007;29;2000
1622;23;4;2007;29;4900
1623;20;4;2007;30;10400
1624;19;4;2007;29;4000
1625;18;4;2007;29;7800
1626;17;4;2007;28;17800
1627;16;4;2007;28;5400
1628;13;4;2007;28;10100
1629;12;4;2007;28;2000
1630;11;4;2007;28;2200
1631;10;4;2007;29;600
1632;9;4;2007;28;12100
1633;5;4;2007;28;4600
1634;4;4;2007;29;10300
1635;3;4;2007;29;5500
1636;2;4;2007;28;44000
1637;30;3;2007;30;23500
1638;29;3;2007;27;12400
1639;28;3;2007;24;102200
1640;26;3;2007;27;5600
1641;23;3;2007;28;8300
1642;22;3;2007;29;6600
1643;21;3;2007;30;8200
1644;20;3;2007;30;43800
1645;19;3;2007;29;19400
1646;16;3;2007;27;5000
1647;15;3;2007;27;5300
1648;14;3;2007;26;8000
1649;13;3;2007;26;9000
1650;12;3;2007;26;11600
1651;9;3;2007;29;3100
1652;8;3;2007;28;700
1653;7;3;2007;29;1800
1654;6;3;2007;30;29200
1655;5;3;2007;28;5500
1656;2;3;2007;29;76900
1657;1;3;2007;30;1200
1658;28;2;2007;31;3800
1659;27;2;2007;32;12000
1660;26;2;2007;30;2000
1661;23;2;2007;30;4200
1662;22;2;2007;32;5300
1663;21;2;2007;32;16500
1664;20;2;2007;32;3800
1665;19;2;2007;33;16500
1666;15;2;2007;31;13000
1667;14;2;2007;28;8000
1668;13;2;2007;31;1500
1669;12;2;2007;30;5100
1670;9;2;2007;33;2200
1671;8;2;2007;33;15400
1672;7;2;2007;33;5300
1673;6;2;2007;33;27700
1674;5;2;2007;33;61400
1675;2;2;2007;33;3400
1676;1;2;2007;33;9400
1677;31;1;2007;33;14800
1678;29;1;2007;34;7100
1679;25;1;2007;34;5100
1680;24;1;2007;35;13800
1681;23;1;2007;34;5500
1682;22;1;2007;34;5600
1683;19;1;2007;35;3200
1684;18;1;2007;36;34800
1685;17;1;2007;36;31300
1686;16;1;2007;34;20900
1687;15;1;2007;36;13700
1688;12;1;2007;36;48700
1689;11;1;2007;34;44900
1690;10;1;2007;34;36200
1691;9;1;2007;35;27800
1692;8;1;2007;34;5800
1693;5;1;2007;35;20300
1694;4;1;2007;34;35300
1695;3;1;2007;35;7100
1696;2;1;2007;36;37400
1697;29;12;2006;35;52000
1698;28;12;2006;34;35900
1699;27;12;2006;32;39300
1700;26;12;2006;32;27100
1701;22;12;2006;32;14900
1702;21;12;2006;33;27700
1703;20;12;2006;31;16600
1704;19;12;2006;33;20800
1705;18;12;2006;33;29500
1706;15;12;2006;33;34500
1707;14;12;2006;33;27100
1708;13;12;2006;31;22700
1709;12;12;2006;33;30300
1710;11;12;2006;34;59200
1711;8;12;2006;36;31800
1712;7;12;2006;34;18300
1713;6;12;2006;36;27200
1714;5;12;2006;36;66600
1715;4;12;2006;35;26300
1716;1;12;2006;36;72100
1717;30;11;2006;36;93200
1718;29;11;2006;35;13700
1719;28;11;2006;34;26600
1720;27;11;2006;34;16800
1721;24;11;2006;33;45700
1722;23;11;2006;33;23500
1723;22;11;2006;34;24400
1724;21;11;2006;33;16500
1725;20;11;2006;34;47600
1726;17;11;2006;34;4600
1727;16;11;2006;34;8000
1728;15;11;2006;35;3900
1729;14;11;2006;36;14900
1730;13;11;2006;37;35100
1731;10;11;2006;36;37700
1732;9;11;2006;35;92100
1733;8;11;2006;35;21800
1734;7;11;2006;33;13900
1735;6;11;2006;34;15800
1736;3;11;2006;35;12400
1737;2;11;2006;35;12900
1738;1;11;2006;37;4200
1739;31;10;2006;37;3900
1740;30;10;2006;37;9800
1741;27;10;2006;37;15100
1742;26;10;2006;37;7200
1743;23;10;2006;38;2400
1744;20;10;2006;36;8200
1745;19;10;2006;36;12100
1746;18;10;2006;37;6500
1747;17;10;2006;39;23400
1748;16;10;2006;39;8900
1749;13;10;2006;40;33000
1750;12;10;2006;40;20600
1751;11;10;2006;40;16900
1752;10;10;2006;40;18100
1753;9;10;2006;40;24900
1754;6;10;2006;41;18700
1755;5;10;2006;42;21700
1756;4;10;2006;43;126900
1757;3;10;2006;42;31100
1758;29;9;2006;43;96800
1759;28;9;2006;41;99000
1760;27;9;2006;43;127900
1761;26;9;2006;43;77600
1762;25;9;2006;41;109200
1763;22;9;2006;39;228800
1764;21;9;2006;37;219000
1765;20;9;2006;36;180500
1766;19;9;2006;34;246000
1767;18;9;2006;32;161400
1768;15;9;2006;31;113200
1769;14;9;2006;29;122800
1770;13;9;2006;28;84800
1771;12;9;2006;27;59400
1772;11;9;2006;26;225300
1773;8;9;2006;27;210100
1774;7;9;2006;26;59900
1775;6;9;2006;26;126600
1776;5;9;2006;25;124600
1777;4;9;2006;25;86300
1778;1;9;2006;24;100200
1779;31;8;2006;23;29500
1780;30;8;2006;23;47700
1781;29;8;2006;23;9600
1782;28;8;2006;24;24100
1783;25;8;2006;23;19600
1784;24;8;2006;22;7500
1785;23;8;2006;23;20600
1786;22;8;2006;23;15300
1787;21;8;2006;22;4200
1788;18;8;2006;22;8900
1789;17;8;2006;22;7900
1790;16;8;2006;23;9200
1791;14;8;2006;22;13100
1792;11;8;2006;21;10800
1793;10;8;2006;21;8200
1794;9;8;2006;20;2200
1795;8;8;2006;21;10700
1796;7;8;2006;21;900
1797;4;8;2006;21;8500
1798;3;8;2006;20;5600
1799;2;8;2006;21;8000
1800;1;8;2006;21;4200
1801;31;7;2006;21;4600
1802;28;7;2006;21;15700
1803;27;7;2006;23;15200
1804;26;7;2006;22;31600
1805;25;7;2006;21;12200
1806;24;7;2006;21;1600
1807;21;7;2006;22;15400
1808;20;7;2006;21;12800
1809;19;7;2006;20;6000
1810;18;7;2006;19;2800
1811;17;7;2006;20;8900
1812;14;7;2006;22;17100
1813;13;7;2006;22;7100
1814;12;7;2006;22;24200
1815;11;7;2006;22;30200
1816;10;7;2006;22;13100
1817;7;7;2006;23;49200
1818;6;7;2006;23;47500
1819;5;7;2006;23;23200
1820;4;7;2006;23;22700
1821;3;7;2006;22;24900
1822;30;6;2006;22;44200
1823;29;6;2006;22;58300
1824;28;6;2006;22;125200
1825;27;6;2006;23;116600
1826;26;6;2006;24;135200
1827;23;6;2006;23;58900
1828;22;6;2006;22;76600
1829;21;6;2006;21;30500
1830;20;6;2006;20;32200
1831;19;6;2006;19;28700
1832;14;6;2006;17;7300
1833;13;6;2006;17;8400
1834;12;6;2006;18;25200
1835;9;6;2006;18;21000
1836;8;6;2006;17;8300
1837;7;6;2006;18;35400
1838;6;6;2006;19;12600
1839;5;6;2006;20;22800
1840;2;6;2006;20;58800
1841;1;6;2006;19;17400
1842;31;5;2006;21;35200
1843;30;5;2006;21;50000
1844;29;5;2006;20;35100
1845;26;5;2006;19;22400
1846;25;5;2006;19;18200
1847;24;5;2006;18;15700
1848;23;5;2006;18;33200
1849;22;5;2006;18;13900
1850;19;5;2006;18;6400
1851;18;5;2006;19;4800
1852;17;5;2006;19;40600
1853;16;5;2006;20;12500
1854;15;5;2006;20;29000
1855;12;5;2006;21;20000
1856;11;5;2006;21;58700
1857;10;5;2006;22;21200
1858;9;5;2006;21;21100
1859;8;5;2006;20;18600
1860;5;5;2006;19;11000
1861;4;5;2006;19;25000
1862;3;5;2006;18;12400
1863;2;5;2006;18;5200
1864;28;4;2006;19;19600
1865;27;4;2006;18;6500
1866;26;4;2006;19;21900
1867;25;4;2006;18;14500
1868;24;4;2006;17;11300
1869;21;4;2006;18;13000
1870;20;4;2006;17;16800
1871;19;4;2006;16;9700
1872;18;4;2006;17;5600
1873;17;4;2006;18;19500
1874;13;4;2006;19;22600
1875;12;4;2006;18;11800
1876;10;4;2006;19;28300
1877;7;4;2006;18;18500
1878;5;4;2006;17;9500
1879;4;4;2006;16;12500
1880;3;4;2006;16;2800
1881;31;3;2006;15;10700
1882;30;3;2006;15;6600
1883;29;3;2006;14;4600
1884;28;3;2006;14;18700
1885;27;3;2006;15;20200
1886;24;3;2006;14;10600
1887;23;3;2006;15;2600
1888;22;3;2006;15;14400
1889;21;3;2006;15;20000
1890;20;3;2006;15;22800
1891;17;3;2006;16;14800
1892;16;3;2006;16;7500
1893;14;3;2006;17;7200
1894;13;3;2006;18;4000
1895;10;3;2006;19;18600
1896;9;3;2006;18;18700
1897;8;3;2006;19;22900
1898;7;3;2006;19;26900
1899;6;3;2006;20;29200
1900;3;3;2006;18;29200
1901;2;3;2006;20;48300
1902;1;3;2006;20;53000
1903;28;2;2006;19;33400
1904;27;2;2006;18;14300
1905;24;2;2006;18;14800
1906;23;2;2006;18;25900
1907;22;2;2006;19;14400
1908;21;2;2006;20;25400
1909;20;2;2006;22;30600
1910;17;2;2006;21;102600
1911;16;2;2006;22;15800
1912;15;2;2006;21;66700
1913;14;2;2006;20;72800
1914;13;2;2006;19;65600
1915;10;2;2006;18;21700
1916;8;2;2006;17;50900
1917;7;2;2006;17;23800
1918;6;2;2006;16;15700
1919;3;2;2006;16;2300
1920;2;2;2006;15;6200
1921;1;2;2006;16;5300
1922;31;1;2006;16;12200
1923;30;1;2006;16;6500
1924;27;1;2006;16;9400
1925;25;1;2006;17;8100
1926;24;1;2006;17;6600
1927;23;1;2006;17;1300
1928;20;1;2006;17;12100
1929;19;1;2006;17;2200
1930;18;1;2006;17;2900
1931;17;1;2006;18;8800
1932;16;1;2006;17;5300
1933;13;1;2006;18;6000
1934;12;1;2006;18;6200
1935;10;1;2006;18;3200
1936;9;1;2006;19;11500
1937;6;1;2006;18;11100
1938;5;1;2006;17;10900
1939;4;1;2006;17;4200
1940;3;1;2006;18;22400
1941;2;1;2006;18;1900
1942;30;12;2005;17;6000
1943;29;12;2005;16;1500
1944;28;12;2005;17;7700
1945;27;12;2005;18;7700
1946;26;12;2005;18;1500
1947;23;12;2005;19;17100
1948;22;12;2005;20;10000
1949;21;12;2005;20;12600
1950;20;12;2005;21;23200
1951;19;12;2005;20;23000
1952;16;12;2005;21;43100
1953;15;12;2005;20;41500
1954;14;12;2005;19;10800
1955;13;12;2005;18;3700
1956;12;12;2005;17;10300
1957;9;12;2005;16;18700
1958;8;12;2005;15;14200
1959;7;12;2005;15;6400
1960;6;12;2005;14;4600
1961;5;12;2005;14;5200
1962;2;12;2005;14;9500
1963;1;12;2005;15;4700
1964;30;11;2005;15;6300
1965;29;11;2005;14;3400
1966;28;11;2005;15;5200
1967;25;11;2005;15;3900
1968;24;11;2005;15;4300
1969;23;11;2005;15;7900
1970;22;11;2005;15;5800
1971;21;11;2005;16;3400
1972;18;11;2005;16;3600
1973;17;11;2005;17;6200
1974;16;11;2005;17;4200
1975;14;11;2005;17;2500
1976;11;11;2005;17;6900
1977;10;11;2005;17;4000
1978;9;11;2005;17;5200
1979;8;11;2005;17;10100
1980;7;11;2005;17;3100
1981;2;11;2005;16;2700
1982;1;11;2005;16;1600
1983;31;10;2005;16;1500
1984;28;10;2005;16;4300
1985;27;10;2005;16;3000
1986;26;10;2005;17;4600
1987;25;10;2005;17;7300
1988;24;10;2005;17;9700
1989;21;10;2005;17;12900
1990;20;10;2005;17;10900
1991;19;10;2005;18;8900
1992;18;10;2005;18;3200
1993;17;10;2005;19;8500
1994;14;10;2005;19;9900
1995;13;10;2005;20;3800
1996;11;10;2005;21;6000
1997;10;10;2005;22;2700
1998;7;10;2005;22;13000
1999;6;10;2005;22;9000
2000;5;10;2005;23;11500
2001;4;10;2005;23;14100
2002;3;10;2005;22;18900
2003;30;9;2005;23;25700
2004;29;9;2005;24;32500
2005;28;9;2005;26;52300
2006;27;9;2005;24;49400
2007;26;9;2005;26;6900
2008;23;9;2005;27;1400
2009;22;9;2005;28;14400
2010;21;9;2005;30;22300
2011;20;9;2005;31;365900
2012;19;9;2005;30;253900
2013;16;9;2005;24;45200
2014;15;9;2005;24;39400
2015;14;9;2005;23;36400
2016;13;9;2005;25;90600
2017;12;9;2005;25;86200
2018;9;9;2005;23;58500
2019;8;9;2005;22;42600
2020;6;9;2005;21;7700
2021;5;9;2005;21;17400
2022;2;9;2005;21;10800
2023;1;9;2005;22;14400
2024;31;8;2005;21;23400
2025;30;8;2005;22;25400
2026;29;8;2005;21;17500
2027;26;8;2005;20;16000
2028;25;8;2005;20;7800
2029;24;8;2005;20;9300
2030;23;8;2005;20;14700
2031;22;8;2005;21;14300
2032;19;8;2005;21;10900
2033;18;8;2005;21;14200
2034;17;8;2005;22;30600
2035;16;8;2005;22;18000
2036;12;8;2005;22;25900
2037;11;8;2005;20;32400
2038;10;8;2005;20;10200
2039;9;8;2005;19;16100
2040;8;8;2005;19;7900
2041;5;8;2005;20;12700
2042;4;8;2005;19;10500
2043;3;8;2005;19;8700
2044;2;8;2005;20;9200
2045;1;8;2005;19;8300
2046;29;7;2005;19;5700
2047;27;7;2005;20;4000
2048;26;7;2005;21;8500
2049;25;7;2005;21;13500
2050;22;7;2005;22;8400
2051;21;7;2005;22;16800
2052;20;7;2005;22;19100
2053;19;7;2005;22;18400
2054;18;7;2005;22;18800
2055;15;7;2005;22;19500
2056;14;7;2005;22;12200
2057;13;7;2005;22;10000
2058;12;7;2005;22;47000
2059;11;7;2005;22;27500
2060;8;7;2005;23;32400
2061;7;7;2005;23;22700
2062;6;7;2005;24;31400
2063;5;7;2005;23;43500
2064;4;7;2005;24;63800
2065;1;7;2005;23;32700
2066;30;6;2005;23;44600
2067;29;6;2005;22;29300
2068;28;6;2005;21;31400
2069;27;6;2005;23;62000
2070;24;6;2005;23;81000
2071;23;6;2005;19;19800
2072;22;6;2005;19;27100
2073;21;6;2005;19;12500
2074;20;6;2005;20;17300
2075;17;6;2005;20;12600
2076;16;6;2005;22;23200
2077;15;6;2005;23;40500
2078;14;6;2005;24;38600
2079;13;6;2005;22;17000
2080;10;6;2005;22;40300
2081;9;6;2005;24;28700
2082;8;6;2005;23;55900
2083;7;6;2005;25;66700
2084;2;6;2005;23;82500
2085;1;6;2005;22;82300
2086;31;5;2005;20;10300
2087;30;5;2005;20;24600
2088;27;5;2005;20;50900
2089;26;5;2005;22;63000
2090;25;5;2005;21;49000
2091;24;5;2005;22;133700
2092;23;5;2005;22;140500
2093;20;5;2005;20;138100
2094;19;5;2005;18;41800
2095;18;5;2005;18;28000
2096;17;5;2005;17;59100
2097;16;5;2005;18;177200
2098;13;5;2005;19;190300
2099;12;5;2005;18;39700
2100;11;5;2005;17;32100
2101;10;5;2005;16;5300
2102;9;5;2005;16;11800
2103;6;5;2005;16;16000
2104;5;5;2005;17;56400
2105;4;5;2005;16;20100
2106;3;5;2005;17;11700
2107;2;5;2005;17;6800
2108;29;4;2005;17;19300
2109;28;4;2005;18;45000
2110;27;4;2005;18;67800
2111;26;4;2005;19;124700
2112;25;4;2005;18;87600
2113;22;4;2005;17;41200
2114;21;4;2005;18;72900
2115;20;4;2005;16;41200
2116;19;4;2005;17;134400
2117;18;4;2005;17;109400
2118;15;4;2005;16;67900
2119;13;4;2005;15;59600
2120;12;4;2005;15;31000
2121;11;4;2005;14;8800
2122;8;4;2005;14;17500
2123;7;4;2005;14;46300
2124;6;4;2005;13;7100
2125;5;4;2005;13;21800
2126;4;4;2005;13;17400
2127;1;4;2005;13;25200
2128;31;3;2005;12;13000
2129;30;3;2005;11;2400
2130;29;3;2005;12;26400
2131;28;3;2005;13;12900
2132;24;3;2005;14;32600
2133;23;3;2005;14;28700
2134;22;3;2005;13;19000
2135;21;3;2005;13;7900
2136;18;3;2005;13;14300
2137;17;3;2005;14;9800
2138;16;3;2005;14;16700
2139;15;3;2005;13;5400
2140;14;3;2005;14;15400
2141;11;3;2005;14;17900
2142;10;3;2005;14;13600
2143;9;3;2005;14;30600
2144;8;3;2005;15;19400
2145;7;3;2005;15;16400
2146;4;3;2005;16;23000
2147;3;3;2005;16;19100
2148;2;3;2005;16;17200
2149;1;3;2005;17;44600
2150;28;2;2005;17;37700
2151;25;2;2005;15;30000
2152;24;2;2005;16;30000
2153;23;2;2005;16;32600
2154;22;2;2005;16;31400
2155;21;2;2005;17;20900
2156;18;2;2005;18;111200
2157;17;2;2005;17;45800
2158;16;2;2005;16;29400
2159;15;2;2005;16;43700
2160;14;2;2005;18;46800
2161;11;2;2005;18;51900
2162;10;2;2005;19;86400
2163;9;2;2005;21;172300
2164;8;2;2005;19;198000
2165;7;2;2005;18;111100
2166;4;2;2005;15;44400
2167;3;2;2005;14;36400
2168;2;2;2005;13;18700
2169;1;2;2005;13;10300
2170;31;1;2005;14;23200
2171;28;1;2005;14;17300
2172;27;1;2005;14;10700
2173;25;1;2005;14;26300
2174;24;1;2005;14;11000
2175;20;1;2005;15;15200
2176;19;1;2005;15;27600
2177;18;1;2005;16;41000
2178;17;1;2005;15;47800
2179;14;1;2005;15;66100
2180;13;1;2005;16;83100
2181;12;1;2005;14;112500
2182;11;1;2005;17;252500
2183;10;1;2005;19;243200
2184;7;1;2005;16;179000
2185;6;1;2005;13;120400
2186;5;1;2005;12;133900
2187;4;1;2005;11;81700
2188;3;1;2005;9;26900
2189;31;12;2004;9;11500
2190;30;12;2004;8;9900
2191;29;12;2004;9;18800
2192;28;12;2004;9;19900
2193;27;12;2004;9;14300
2194;24;12;2004;8;6800
2195;23;12;2004;8;6900
2196;22;12;2004;8;10500
2197;21;12;2004;8;9300
2198;20;12;2004;9;7000
2199;17;12;2004;9;18300
2200;16;12;2004;9;31100
2201;15;12;2004;9;39100
2202;14;12;2004;9;81100
2203;13;12;2004;8;15100
2204;10;12;2004;7;14300
2205;9;12;2004;7;2800
2206;8;12;2004;7;5700
2207;7;12;2004;7;13000
2208;6;12;2004;6;7700
2209;3;12;2004;7;4500
2210;2;12;2004;7;5800
2211;1;12;2004;7;10700
2212;30;11;2004;7;18000
2213;29;11;2004;8;8900
2214;25;11;2004;8;10600
2215;24;11;2004;8;9500
2216;23;11;2004;8;15800
2217;22;11;2004;8;5100
2218;18;11;2004;8;21000
2219;17;11;2004;8;34600
2220;16;11;2004;8;26200
2221;12;11;2004;7;2800
2222;11;11;2004;7;11100
2223;10;11;2004;6;4600
2224;9;11;2004;6;1200
2225;8;11;2004;6;2600
2226;5;11;2004;6;1500
2227;4;11;2004;6;5700
2228;3;11;2004;7;3000
2229;2;11;2004;7;6000
2230;1;11;2004;6;4200
2231;29;10;2004;6;3600
2232;28;10;2004;6;3800
2233;27;10;2004;6;600
2234;26;10;2004;6;1300
2235;25;10;2004;6;2000
2236;21;10;2004;7;4500
2237;20;10;2004;7;7600
2238;19;10;2004;6;500
2239;18;10;2004;6;1500
2240;15;10;2004;6;5200
2241;14;10;2004;6;4100
2242;12;10;2004;6;2700
2243;11;10;2004;7;5800
2244;8;10;2004;7;5900
2245;7;10;2004;6;7200
2246;6;10;2004;7;19100
2247;5;10;2004;7;7400
2248;4;10;2004;7;5900
2249;1;10;2004;7;13700
2250;30;9;2004;7;28600
2251;29;9;2004;7;33700
2252;28;9;2004;7;38500
2253;27;9;2004;7;36200
2254;24;9;2004;6;18400
2255;23;9;2004;6;5700
2256;22;9;2004;6;6700
2257;21;9;2004;6;7800
2258;20;9;2004;6;14600
2259;17;9;2004;6;9500
2260;16;9;2004;6;5500
2261;15;9;2004;6;6700
2262;14;9;2004;6;14200
2263;13;9;2004;6;7800
2264;10;9;2004;6;11400
2265;9;9;2004;6;10000
2266;8;9;2004;6;9900
2267;7;9;2004;6;14500
2268;6;9;2004;6;27300
2269;3;9;2004;5;6400
2270;2;9;2004;6;5800
2271;1;9;2004;5;6400
2272;31;8;2004;5;7000
2273;30;8;2004;5;15400
2274;27;8;2004;4;4800
2275;26;8;2004;4;2100
2276;25;8;2004;4;700
2277;24;8;2004;4;500
2278;23;8;2004;4;300
2279;19;8;2004;4;500
2280;18;8;2004;4;100
2281;17;8;2004;4;600
2282;16;8;2004;4;800
2283;13;8;2004;4;1800
2284;12;8;2004;4;1700
2285;11;8;2004;4;400
2286;10;8;2004;4;2400
2287;9;8;2004;4;9000
2288;6;8;2004;4;2500
2289;5;8;2004;4;5600
2290;4;8;2004;4;500
2291;3;8;2004;4;1100
2292;2;8;2004;4;900
2293;30;7;2004;3;3200
2294;29;7;2004;4;4000
2295;28;7;2004;4;6200
2296;27;7;2004;4;12000
2297;26;7;2004;4;3500
2298;23;7;2004;4;200
2299;22;7;2004;4;1300
2300;21;7;2004;4;1800
2301;20;7;2004;4;1600
2302;19;7;2004;4;3800
2303;16;7;2004;4;3400
2304;15;7;2004;4;1000
2305;14;7;2004;4;7200
2306;13;7;2004;4;0
2307;12;7;2004;4;2300
2308;9;7;2004;4;800
2309;8;7;2004;4;1300
2310;7;7;2004;3;100
2311;6;7;2004;4;700
2312;5;7;2004;4;400
2313;2;7;2004;3;100
2314;1;7;2004;4;800
2315;30;6;2004;4;2000
2316;29;6;2004;4;100
2317;25;6;2004;4;1000
2318;24;6;2004;3;3500
2319;23;6;2004;4;900
2320;22;6;2004;4;5200
2321;21;6;2004;4;800
2322;17;6;2004;4;200
2323;16;6;2004;4;0
2324;15;6;2004;4;100
2325;14;6;2004;4;200
2326;11;6;2004;4;400
2327;10;6;2004;4;3100
2328;9;6;2004;4;400
2329;8;6;2004;4;1500
2330;4;6;2004;3;300
2331;3;6;2004;4;1800
2332;2;6;2004;4;200
2333;1;6;2004;4;4800
2334;31;5;2004;4;800
2335;28;5;2004;4;700
2336;27;5;2004;4;3300
2337;26;5;2004;4;3600
2338;25;5;2004;4;500
2339;24;5;2004;4;3900
2340;21;5;2004;4;3100
2341;20;5;2004;4;9200
2342;19;5;2004;4;2100
2343;18;5;2004;4;700
2344;14;5;2004;4;600
2345;13;5;2004;3;200
2346;12;5;2004;4;500
2347;11;5;2004;4;2700
2348;10;5;2004;4;5700
2349;7;5;2004;4;6100
2350;6;5;2004;4;6300
2351;5;5;2004;5;3900
2352;4;5;2004;5;22600
2353;3;5;2004;4;13200
2354;30;4;2004;3;2200
2355;29;4;2004;3;1200
2356;28;4;2004;3;100
2357;27;4;2004;3;400
2358;23;4;2004;3;4100
2359;22;4;2004;4;100
2360;21;4;2004;4;4000
2361;19;4;2004;3;600
2362;16;4;2004;3;1900
2363;15;4;2004;3;200
2364;13;4;2004;4;3900
2365;12;4;2004;4;1100
2366;8;4;2004;3;1100
2367;7;4;2004;3;300
2368;6;4;2004;3;600
2369;5;4;2004;3;800
2370;2;4;2004;3;500
2371;1;4;2004;3;300
2372;31;3;2004;3;900
2373;30;3;2004;3;1600
2374;26;3;2004;3;3800
2375;25;3;2004;3;500
2376;22;3;2004;3;300
2377;19;3;2004;3;2200
2378;18;3;2004;3;8300
2379;16;3;2004;3;1700
2380;15;3;2004;3;1200
2381;12;3;2004;3;5000
2382;11;3;2004;3;300
2383;10;3;2004;3;2800
2384;9;3;2004;3;1100
2385;8;3;2004;3;200
2386;5;3;2004;3;300
2387;4;3;2004;3;2900
2388;3;3;2004;3;1700
2389;1;3;2004;3;400
2390;27;2;2004;3;300
2391;26;2;2004;3;800
2392;25;2;2004;3;100
2393;24;2;2004;3;200
2394;23;2;2004;3;2100
2395;20;2;2004;3;1200
2396;19;2;2004;3;400
2397;18;2;2004;3;700
2398;17;2;2004;3;600
2399;16;2;2004;3;400
2400;13;2;2004;3;200
2401;12;2;2004;3;100
2402;11;2;2004;3;1700
2403;10;2;2004;4;800
2404;9;2;2004;3;300
2405;6;2;2004;4;1200
2406;5;2;2004;3;3500
2407;4;2;2004;3;1500
2408;3;2;2004;3;400
2409;30;1;2004;3;900
2410;29;1;2004;3;300
2411;28;1;2004;4;1000
2412;27;1;2004;3;400
2413;23;1;2004;3;1300
2414;22;1;2004;3;1800
2415;21;1;2004;4;900
2416;20;1;2004;4;1600
2417;19;1;2004;4;700
2418;16;1;2004;4;1300
2419;15;1;2004;4;800
2420;14;1;2004;4;2900
2421;13;1;2004;5;2900
2422;12;1;2004;5;900
2423;9;1;2004;5;6900
2424;8;1;2004;5;1700
2425;7;1;2004;5;3100
2426;6;1;2004;5;7000
2427;5;1;2004;5;7800
2428;2;1;2004;5;8600
2429;1;1;2004;5;6700
2430;31;12;2003;6;4300
2431;30;12;2003;6;7500
2432;29;12;2003;6;7700
2433;26;12;2003;6;9900
2434;24;12;2003;6;3900
2435;23;12;2003;6;4800
2436;22;12;2003;5;5100
2437;19;12;2003;6;5500
2438;18;12;2003;5;3300
2439;17;12;2003;4;2600
2440;16;12;2003;5;4600
2441;15;12;2003;6;7300
2442;12;12;2003;6;4600
2443;11;12;2003;6;4800
2444;10;12;2003;7;12900
2445;9;12;2003;7;7700
2446;8;12;2003;5;7200
2447;5;12;2003;4;3300
2448;4;12;2003;4;1000
2449;3;12;2003;4;2200
2450;2;12;2003;3;2400
2451;1;12;2003;3;2100
2452;28;11;2003;3;2900
2453;27;11;2003;3;1500
2454;25;11;2003;3;300
2455;24;11;2003;3;200
2456;21;11;2003;3;200
2457;20;11;2003;2;100
2458;19;11;2003;3;1200
2459;18;11;2003;3;1300
2460;17;11;2003;3;900
2461;14;11;2003;2;200
2462;13;11;2003;3;400
2463;12;11;2003;3;1000
2464;11;11;2003;3;100
2465;10;11;2003;3;500
2466;7;11;2003;2;300
2467;6;11;2003;2;1100
2468;5;11;2003;2;1600
2469;4;11;2003;2;200
2470;3;11;2003;2;1100
2471;31;10;2003;2;100
2472;30;10;2003;2;100
2473;28;10;2003;2;100
2474;22;10;2003;3;100
2475;13;10;2003;4;200
2476;10;10;2003;3;800
2477;9;10;2003;3;1700
2478;8;10;2003;2;400
2479;6;10;2003;2;200
2480;1;10;2003;3;1100
2481;30;9;2003;2;300
2482;26;9;2003;3;1100
2483;22;9;2003;2;100
2484;15;9;2003;3;1200
2485;12;9;2003;3;0
2486;11;9;2003;3;300
2487;10;9;2003;4;2200
2488;9;9;2003;4;1000
2489;8;9;2003;5;2600
2490;5;9;2003;5;2000
2491;4;9;2003;4;2700
2492;3;9;2003;5;2300
2493;2;9;2003;5;3700
2494;1;9;2003;5;7400
2495;29;8;2003;4;1700
2496;28;8;2003;4;1200
2497;27;8;2003;4;500
2498;26;8;2003;4;900
2499;25;8;2003;4;600
2500;22;8;2003;4;4100
2501;21;8;2003;4;1500
2502;20;8;2003;5;3500
2503;19;8;2003;5;4100
2504;18;8;2003;6;3200
2505;14;8;2003;5;3900
2506;13;8;2003;6;16000
2507;12;8;2003;5;7800
2508;11;8;2003;4;4300
2509;8;8;2003;3;2700
2510;7;8;2003;3;4300
2511;6;8;2003;3;2300
2512;5;8;2003;3;3300
2513;4;8;2003;3;400
2514;1;8;2003;3;500
2515;31;7;2003;3;900
2516;30;7;2003;3;900
2517;29;7;2003;2;100
2518;28;7;2003;3;1800
2519;25;7;2003;2;1000
2520;24;7;2003;3;2200
2521;22;7;2003;3;1600
2522;21;7;2003;2;500
2523;18;7;2003;3;800
2524;17;7;2003;3;700
2525;16;7;2003;3;2000
2526;15;7;2003;3;500
2527;14;7;2003;2;200
2528;11;7;2003;2;800
2529;10;7;2003;3;800
2530;9;7;2003;3;3200
2531;8;7;2003;3;100
2532;7;7;2003;3;700
2533;4;7;2003;3;100
2534;3;7;2003;3;900
2535;2;7;2003;3;1800
2536;1;7;2003;3;300
2537;30;6;2003;4;100
2538;27;6;2003;3;500
2539;26;6;2003;3;1900
2540;25;6;2003;3;400
2541;24;6;2003;3;3700
2542;23;6;2003;3;3000
2543;20;6;2003;3;1400
2544;19;6;2003;3;400
2545;18;6;2003;3;1300
2546;17;6;2003;3;800
2547;13;6;2003;3;1000
2548;12;6;2003;3;1800
2549;9;6;2003;3;300
2550;6;6;2003;3;900
2551;5;6;2003;3;1000
2552;29;5;2003;2;1200
2553;28;5;2003;2;1000
2554;21;5;2003;2;1400
2555;20;5;2003;2;300
2556;16;5;2003;2;200
2557;15;5;2003;1;100
2558;14;5;2003;1;300
2559;13;5;2003;1;100
2560;7;5;2003;1;100
2561;6;5;2003;1;100
2562;5;5;2003;1;100
2563;2;5;2003;1;100
2564;29;4;2003;1;1900
2565;28;4;2003;1;100
2566;25;4;2003;1;100
2567;21;4;2003;1;100
2568;16;4;2003;1;100
2569;15;4;2003;1;100
2570;2;4;2003;1;300
2571;31;3;2003;1;200
2572;28;3;2003;1;100
2573;27;3;2003;1;200
2574;20;3;2003;1;200
2575;11;3;2003;1;100
2576;10;3;2003;1;100
2577;6;3;2003;1;100
2578;4;3;2003;1;100
2579;28;2;2003;1;200
2580;27;2;2003;2;200
2581;26;2;2003;2;500
2582;24;2;2003;2;200
2583;20;2;2003;2;1400
2584;19;2;2003;2;200
2585;18;2;2003;2;100
2586;17;2;2003;2;200
2587;14;2;2003;2;1200
2588;11;2;2003;2;0
2589;10;2;2003;2;300
2590;5;2;2003;2;0
2591;4;2;2003;2;200
2592;3;2;2003;2;0
2593;31;1;2003;2;200
2594;30;1;2003;1;100
2595;29;1;2003;1;100
2596;24;1;2003;2;1100
2597;23;1;2003;1;100
2598;22;1;2003;2;400
2599;21;1;2003;1;300
2600;20;1;2003;1;1200
2601;14;1;2003;2;200
2602;13;1;2003;2;100
2603;10;1;2003;2;100
2604;9;1;2003;2;300
2605;8;1;2003;2;200
2606;7;1;2003;2;200
2607;6;1;2003;2;800
2608;3;1;2003;2;1000
2609;2;1;2003;2;300
2610;1;1;2003;2;100
2611;30;12;2002;2;200
2612;27;12;2002;2;300
2613;26;12;2002;2;200
2614;19;12;2002;1;100
2615;18;12;2002;2;300
2616;12;12;2002;2;0
2617;11;12;2002;2;400
2618;10;12;2002;2;100
2619;9;12;2002;2;200
2620;5;12;2002;2;100
2621;4;12;2002;3;300
2622;3;12;2002;2;1100
2623;2;12;2002;2;300
2624;28;11;2002;1;100
2625;27;11;2002;1;500
2626;25;11;2002;1;100
2627;21;11;2002;1;100
2628;13;11;2002;1;100
2629;1;11;2002;1;100
2630;31;10;2002;1;300
2631;30;10;2002;2;1200
2632;29;10;2002;1;100
2633;23;10;2002;1;500
2634;22;10;2002;1;700
2635;21;10;2002;1;100
2636;18;10;2002;1;200
2637;14;10;2002;1;100
2638;11;10;2002;1;500
2639;9;10;2002;1;100
2640;8;10;2002;1;100
2641;7;10;2002;1;1000
2642;30;9;2002;1;0
2643;27;9;2002;2;100
2644;24;9;2002;1;200
2645;18;9;2002;2;200
2646;17;9;2002;2;1100
2647;16;9;2002;2;300
2648;13;9;2002;2;700
2649;12;9;2002;2;200
2650;5;9;2002;2;300
2651;3;9;2002;2;100
2652;2;9;2002;2;800
2653;29;8;2002;3;300
2654;22;8;2002;3;1000
2655;19;8;2002;3;100
2656;16;8;2002;3;100
2657;14;8;2002;3;0
2658;9;8;2002;3;500
2659;26;6;2002;7;3200
2660;25;6;2002;6;2800
2661;24;6;2002;5;5300
2662;21;6;2002;4;4300
2663;20;6;2002;3;0
2664;19;6;2002;3;1700
2665;18;6;2002;2;200
2666;17;6;2002;2;1600
2667;14;6;2002;1;1500
2668;13;6;2002;1;300
2669;10;6;2002;1;300
2670;7;6;2002;1;200
2671;6;6;2002;1;300
2672;16;4;2002;1;0
2673;15;4;2002;1;0
2674;22;2;2002;1;900
2675;21;2;2002;1;900
2676;18;2;2002;1;100
2677;18;1;2002;1;100
2678;21;11;2000;1;0
2679;20;11;2000;1;0
2680;17;11;2000;1;0
2681;16;11;2000;1;0
2682;15;11;2000;1;0
2683;14;11;2000;1;0
2684;13;11;2000;1;0
2685;10;11;2000;1;0
2686;9;11;2000;1;0
2687;8;11;2000;1;0
2688;7;11;2000;1;0
2689;6;11;2000;1;0
2690;3;11;2000;1;0
2691;2;11;2000;1;0
2692;1;11;2000;1;100
2693;31;10;2000;1;0
2694;30;10;2000;1;0
2695;27;10;2000;1;0
2696;26;10;2000;1;0
2697;25;10;2000;1;0
2698;24;10;2000;1;0
2699;23;10;2000;1;300
2700;20;10;2000;2;0
2701;19;10;2000;2;0
2702;18;10;2000;2;0
2703;17;10;2000;2;0
2704;16;10;2000;2;0
2705;13;10;2000;2;0
2706;12;10;2000;2;0
2707;11;10;2000;2;0
2708;10;10;2000;2;0
2709;9;10;2000;2;100
2710;6;10;2000;2;0
2711;5;10;2000;2;0
2712;4;10;2000;2;0
2713;3;10;2000;2;400
2714;2;10;2000;2;0
2715;29;9;2000;2;0
2716;28;9;2000;2;0
2717;27;9;2000;2;0
2718;26;9;2000;2;0
2719;25;9;2000;2;0
2720;22;9;2000;2;0
2721;21;9;2000;2;100
2722;20;9;2000;2;0
2723;19;9;2000;2;0
2724;18;9;2000;2;0
2725;15;9;2000;2;100
